-- phpMyAdmin SQL Dump
-- version 4.7.7
-- https://www.phpmyadmin.net/
--
-- Host: localhost:3306
-- Tempo de geração: 21/06/2018 às 14:45
-- Versão do servidor: 5.6.39
-- Versão do PHP: 5.6.30

SET SQL_MODE = "NO_AUTO_VALUE_ON_ZERO";
SET AUTOCOMMIT = 0;
START TRANSACTION;
SET time_zone = "+00:00";


/*!40101 SET @OLD_CHARACTER_SET_CLIENT=@@CHARACTER_SET_CLIENT */;
/*!40101 SET @OLD_CHARACTER_SET_RESULTS=@@CHARACTER_SET_RESULTS */;
/*!40101 SET @OLD_COLLATION_CONNECTION=@@COLLATION_CONNECTION */;
/*!40101 SET NAMES utf8mb4 */;

--
-- Banco de dados: `primecon_organizer`
--

DELIMITER $$
--
-- Funções
--
CREATE DEFINER=`primecon`@`localhost` FUNCTION `FIRST_DAY_OF_WEEK` (`day` DATE) RETURNS DATE BEGIN
          RETURN SUBDATE(day, WEEKDAY(day));
        END$$

CREATE DEFINER=`primecon`@`localhost` FUNCTION `GET_DTA_ULT_ENCAMIN` (`id` INT(10), `qtdEncamReq` INT(1)) RETURNS DATE BEGIN
            DECLARE ultEncamDate DATE;
            DECLARE qtdEncam INT;
            SELECT MAX(tb1.dta_encaminhamento),COUNT(tb1.dta_encaminhamento) INTO ultEncamDate, qtdEncam FROM (SELECT dta_encaminhamento FROM tb_candidato WHERE (str_status = 'Encaminhado' OR str_status = 'Entrevista Cliente') AND tb_candidato.vaga_id = id ORDER BY dta_encaminhamento ASC LIMIT qtdEncamReq) as tb1;
        	IF (qtdEncam >= qtdEncamReq) THEN RETURN ultEncamDate;
        ELSE RETURN null;
        END IF;
        END$$

DELIMITER ;

-- --------------------------------------------------------

--
-- Estrutura para tabela `membership_grouppermissions`
--

CREATE TABLE `membership_grouppermissions` (
  `permissionID` int(10) UNSIGNED NOT NULL,
  `groupID` int(11) DEFAULT NULL,
  `tableName` varchar(100) DEFAULT NULL,
  `allowInsert` tinyint(4) DEFAULT NULL,
  `allowView` tinyint(4) NOT NULL DEFAULT '0',
  `allowEdit` tinyint(4) NOT NULL DEFAULT '0',
  `allowDelete` tinyint(4) NOT NULL DEFAULT '0'
) ENGINE=MyISAM DEFAULT CHARSET=utf8;

--
-- Fazendo dump de dados para tabela `membership_grouppermissions`
--

INSERT INTO `membership_grouppermissions` (`permissionID`, `groupID`, `tableName`, `allowInsert`, `allowView`, `allowEdit`, `allowDelete`) VALUES
(1, 2, 'tb_vaga', 1, 3, 3, 3),
(2, 2, 'tb_entrevista', 1, 3, 3, 3),
(3, 2, 'tb_prova', 1, 3, 3, 3),
(4, 2, 'tb_contratacao', 1, 3, 3, 3),
(5, 2, 'tb_alocacao', 1, 3, 3, 3),
(6, 2, 'tb_candidato', 1, 3, 3, 3),
(7, 2, 'tb_recrutador', 1, 3, 3, 3),
(8, 2, 'tb_empresa', 1, 3, 3, 3),
(9, 2, 'tb_prova_tipo', 1, 3, 3, 3),
(10, 2, 'tb_prova_tipo', 1, 3, 3, 3),
(11, 2, 'tb_contato', 1, 3, 3, 3),
(12, 2, 'tb_contato_tipo', 1, 3, 3, 3),
(13, 2, 'tb_oportunidade', 1, 3, 3, 3),
(14, 2, 'tb_atendimento', 1, 3, 3, 3),
(15, 2, 'tb_oportunidade_tipo', 1, 3, 3, 3),
(16, 2, 'tb_oportunidade_estagio', 1, 3, 3, 3),
(17, 2, 'tb_acompanhamento', 1, 3, 3, 3),
(18, 2, 'tb_contrato', 1, 3, 3, 3),
(19, 2, 'tb_campanha', 1, 3, 3, 3),
(20, 2, 'tb_campanha_contato', 1, 3, 3, 3),
(178, 3, 'tb_oportunidade_estagio', 0, 0, 0, 0),
(23, 3, 'tb_prova', 1, 3, 3, 3),
(177, 3, 'tb_oportunidade_tipo', 0, 0, 0, 0),
(176, 3, 'tb_atendimento', 0, 0, 0, 0),
(26, 3, 'tb_candidato', 1, 3, 3, 3),
(175, 3, 'tb_oportunidade', 0, 0, 0, 0),
(174, 3, 'tb_contato_tipo', 0, 0, 0, 0),
(173, 3, 'tb_contato', 0, 3, 0, 0),
(172, 3, 'tb_prova_tipo', 1, 3, 3, 3),
(171, 3, 'tb_empresa', 0, 3, 0, 0),
(170, 3, 'tb_recrutador', 1, 3, 3, 3),
(169, 3, 'tb_alocacao', 1, 3, 3, 3),
(168, 3, 'tb_contratacao', 1, 3, 3, 3),
(167, 3, 'tb_entrevista', 1, 3, 3, 3),
(166, 3, 'tb_vaga', 1, 3, 3, 3),
(277, 4, 'tb_entrevista', 0, 3, 0, 0),
(278, 4, 'tb_contratacao', 0, 3, 0, 0),
(279, 4, 'tb_alocacao', 0, 0, 0, 0),
(280, 4, 'tb_recrutador', 0, 0, 0, 0),
(281, 4, 'tb_empresa', 1, 3, 3, 2),
(282, 4, 'tb_prova_tipo', 0, 0, 0, 0),
(283, 4, 'tb_contato', 1, 3, 3, 3),
(284, 4, 'tb_contato_tipo', 0, 3, 0, 0),
(285, 4, 'tb_oportunidade', 1, 3, 1, 1),
(286, 4, 'tb_atendimento', 1, 3, 1, 1),
(287, 4, 'tb_oportunidade_tipo', 0, 3, 0, 0),
(288, 4, 'tb_oportunidade_estagio', 0, 3, 0, 0),
(289, 4, 'tb_acompanhamento', 1, 3, 1, 1),
(104, 4, 'tb_candidato', 0, 0, 0, 0),
(291, 4, 'tb_campanha', 0, 0, 0, 0),
(290, 4, 'tb_contrato', 1, 3, 2, 2),
(78, 2, 'tb_acompanhamento_colaborador', 1, 3, 3, 3),
(101, 4, 'tb_prova', 0, 3, 0, 0),
(292, 4, 'tb_campanha_contato', 1, 3, 1, 1),
(293, 4, 'tb_acompanhamento_colaborador', 1, 3, 3, 3),
(276, 4, 'tb_vaga', 0, 3, 0, 0),
(119, 5, 'tb_vaga', 0, 3, 0, 0),
(120, 5, 'tb_entrevista', 0, 3, 0, 0),
(121, 5, 'tb_prova', 0, 0, 0, 0),
(122, 5, 'tb_contratacao', 0, 3, 0, 0),
(123, 5, 'tb_alocacao', 0, 3, 0, 0),
(124, 5, 'tb_candidato', 0, 3, 0, 0),
(125, 5, 'tb_recrutador', 0, 3, 0, 0),
(126, 5, 'tb_empresa', 0, 3, 0, 0),
(127, 5, 'tb_prova_tipo', 0, 0, 0, 0),
(128, 5, 'tb_contato', 1, 3, 3, 1),
(129, 5, 'tb_contato_tipo', 0, 3, 0, 0),
(130, 5, 'tb_oportunidade', 0, 3, 0, 0),
(131, 5, 'tb_atendimento', 1, 3, 1, 1),
(132, 5, 'tb_oportunidade_tipo', 0, 3, 0, 0),
(133, 5, 'tb_oportunidade_estagio', 0, 3, 0, 0),
(134, 5, 'tb_acompanhamento', 1, 3, 1, 1),
(135, 5, 'tb_contrato', 0, 3, 0, 0),
(136, 5, 'tb_campanha', 0, 0, 0, 0),
(137, 5, 'tb_campanha_contato', 0, 0, 0, 0),
(138, 5, 'tb_acompanhamento_colaborador', 0, 3, 1, 1),
(139, 2, 'tb_indicador', 1, 3, 3, 3),
(140, 2, 'tb_indicador_periodo', 1, 3, 3, 3),
(141, 2, 'tb_fatura', 1, 3, 3, 3),
(142, 6, 'tb_vaga', 0, 0, 0, 0),
(143, 6, 'tb_entrevista', 0, 0, 0, 0),
(144, 6, 'tb_prova', 0, 0, 0, 0),
(145, 6, 'tb_contratacao', 0, 0, 0, 0),
(146, 6, 'tb_alocacao', 0, 0, 0, 0),
(147, 6, 'tb_candidato', 0, 0, 0, 0),
(148, 6, 'tb_recrutador', 0, 0, 0, 0),
(149, 6, 'tb_empresa', 1, 3, 3, 3),
(150, 6, 'tb_prova_tipo', 0, 0, 0, 0),
(151, 6, 'tb_contato', 1, 3, 3, 1),
(152, 6, 'tb_contato_tipo', 0, 0, 0, 0),
(153, 6, 'tb_oportunidade', 0, 0, 0, 0),
(154, 6, 'tb_atendimento', 0, 0, 0, 0),
(155, 6, 'tb_oportunidade_tipo', 0, 0, 0, 0),
(156, 6, 'tb_oportunidade_estagio', 0, 0, 0, 0),
(157, 6, 'tb_acompanhamento', 0, 0, 0, 0),
(158, 6, 'tb_contrato', 0, 0, 0, 0),
(159, 6, 'tb_campanha', 0, 0, 0, 0),
(160, 6, 'tb_campanha_contato', 0, 0, 0, 0),
(161, 6, 'tb_acompanhamento_colaborador', 0, 0, 0, 0),
(162, 6, 'tb_indicador', 0, 0, 0, 0),
(163, 6, 'tb_indicador_periodo', 0, 0, 0, 0),
(164, 6, 'tb_fatura', 1, 3, 3, 3),
(165, 2, 'tb_ajuste_colaborador', 1, 3, 3, 3),
(179, 3, 'tb_acompanhamento', 0, 0, 0, 0),
(180, 3, 'tb_contrato', 0, 0, 0, 0),
(181, 3, 'tb_campanha', 0, 0, 0, 0),
(182, 3, 'tb_campanha_contato', 0, 0, 0, 0),
(183, 3, 'tb_acompanhamento_colaborador', 0, 0, 0, 0),
(184, 3, 'tb_indicador', 0, 0, 0, 0),
(185, 3, 'tb_indicador_periodo', 0, 0, 0, 0),
(186, 3, 'tb_fatura', 0, 0, 0, 0),
(187, 3, 'tb_ajuste_colaborador', 1, 3, 3, 3),
(257, 8, 'tb_alocacao', 0, 0, 0, 0),
(258, 8, 'tb_recrutador', 0, 0, 0, 0),
(259, 8, 'tb_empresa', 0, 0, 0, 0),
(260, 8, 'tb_prova_tipo', 0, 0, 0, 0),
(261, 8, 'tb_contato', 0, 0, 0, 0),
(262, 8, 'tb_contato_tipo', 0, 0, 0, 0),
(263, 8, 'tb_oportunidade', 0, 0, 0, 0),
(264, 8, 'tb_atendimento', 0, 0, 0, 0),
(265, 8, 'tb_oportunidade_tipo', 0, 0, 0, 0),
(266, 8, 'tb_oportunidade_estagio', 0, 0, 0, 0),
(267, 8, 'tb_acompanhamento', 0, 0, 0, 0),
(268, 8, 'tb_contrato', 0, 0, 0, 0),
(269, 8, 'tb_campanha', 0, 0, 0, 0),
(270, 8, 'tb_campanha_contato', 0, 0, 0, 0),
(271, 8, 'tb_acompanhamento_colaborador', 0, 0, 0, 0),
(272, 8, 'tb_indicador', 0, 0, 0, 0),
(273, 8, 'tb_indicador_periodo', 0, 0, 0, 0),
(274, 8, 'tb_fatura', 0, 0, 0, 0),
(275, 8, 'tb_ajuste_colaborador', 0, 0, 0, 0),
(256, 8, 'tb_contratacao', 0, 0, 0, 0),
(255, 8, 'tb_entrevista', 0, 0, 0, 0),
(254, 8, 'tb_vaga', 1, 1, 1, 0),
(294, 4, 'tb_indicador', 0, 0, 0, 0),
(295, 4, 'tb_indicador_periodo', 0, 0, 0, 0),
(296, 4, 'tb_fatura', 0, 0, 0, 0),
(297, 4, 'tb_ajuste_colaborador', 0, 0, 0, 0);

-- --------------------------------------------------------

--
-- Estrutura para tabela `membership_groups`
--

CREATE TABLE `membership_groups` (
  `groupID` int(10) UNSIGNED NOT NULL,
  `name` varchar(20) DEFAULT NULL,
  `description` text,
  `allowSignup` tinyint(4) DEFAULT NULL,
  `needsApproval` tinyint(4) DEFAULT NULL
) ENGINE=MyISAM DEFAULT CHARSET=utf8;

--
-- Fazendo dump de dados para tabela `membership_groups`
--

INSERT INTO `membership_groups` (`groupID`, `name`, `description`, `allowSignup`, `needsApproval`) VALUES
(1, 'anonymous', 'Anonymous group created automatically on 2018-01-02', 0, 0),
(2, 'Admins', 'Admin group created automatically on 2018-01-02', 0, 1),
(3, 'RH', '', 0, 1),
(4, 'Comercial', '', 0, 1),
(5, 'Operações', '', 0, 1),
(6, 'Financeiro', '', 0, 1),
(8, 'Vagas', 'Grupo de usuários que podem criar vagas no sistema', 0, 1);

-- --------------------------------------------------------

--
-- Estrutura para tabela `membership_userpermissions`
--

CREATE TABLE `membership_userpermissions` (
  `permissionID` int(10) UNSIGNED NOT NULL,
  `memberID` varchar(20) NOT NULL,
  `tableName` varchar(100) DEFAULT NULL,
  `allowInsert` tinyint(4) DEFAULT NULL,
  `allowView` tinyint(4) NOT NULL DEFAULT '0',
  `allowEdit` tinyint(4) NOT NULL DEFAULT '0',
  `allowDelete` tinyint(4) NOT NULL DEFAULT '0'
) ENGINE=MyISAM DEFAULT CHARSET=utf8;

--
-- Fazendo dump de dados para tabela `membership_userpermissions`
--

INSERT INTO `membership_userpermissions` (`permissionID`, `memberID`, `tableName`, `allowInsert`, `allowView`, `allowEdit`, `allowDelete`) VALUES
(37, 'cintia.haoach', 'tb_contrato', 1, 3, 2, 2),
(36, 'cintia.haoach', 'tb_acompanhamento', 1, 3, 1, 1),
(35, 'cintia.haoach', 'tb_oportunidade_estagio', 0, 3, 0, 0),
(34, 'cintia.haoach', 'tb_oportunidade_tipo', 0, 3, 0, 0),
(33, 'cintia.haoach', 'tb_atendimento', 1, 3, 1, 1),
(32, 'cintia.haoach', 'tb_oportunidade', 1, 3, 1, 1),
(31, 'cintia.haoach', 'tb_contato_tipo', 0, 3, 0, 0),
(30, 'cintia.haoach', 'tb_contato', 1, 3, 3, 3),
(29, 'cintia.haoach', 'tb_prova_tipo', 0, 0, 0, 0),
(28, 'cintia.haoach', 'tb_empresa', 1, 3, 3, 2),
(27, 'cintia.haoach', 'tb_recrutador', 0, 0, 0, 0),
(26, 'cintia.haoach', 'tb_alocacao', 0, 0, 0, 0),
(25, 'cintia.haoach', 'tb_contratacao', 0, 3, 0, 0),
(24, 'cintia.haoach', 'tb_entrevista', 0, 3, 0, 0),
(23, 'cintia.haoach', 'tb_vaga', 1, 1, 1, 0),
(38, 'cintia.haoach', 'tb_campanha', 0, 0, 0, 0),
(39, 'cintia.haoach', 'tb_campanha_contato', 0, 0, 0, 0),
(40, 'cintia.haoach', 'tb_acompanhamento_colaborador', 1, 3, 3, 3),
(41, 'cintia.haoach', 'tb_indicador', 0, 0, 0, 0),
(42, 'cintia.haoach', 'tb_indicador_periodo', 0, 0, 0, 0),
(43, 'cintia.haoach', 'tb_fatura', 0, 0, 0, 0),
(44, 'cintia.haoach', 'tb_ajuste_colaborador', 0, 0, 0, 0);

-- --------------------------------------------------------

--
-- Estrutura para tabela `membership_userrecords`
--

CREATE TABLE `membership_userrecords` (
  `recID` bigint(20) UNSIGNED NOT NULL,
  `tableName` varchar(100) DEFAULT NULL,
  `pkValue` varchar(255) DEFAULT NULL,
  `memberID` varchar(20) DEFAULT NULL,
  `dateAdded` bigint(20) UNSIGNED DEFAULT NULL,
  `dateUpdated` bigint(20) UNSIGNED DEFAULT NULL,
  `groupID` int(11) DEFAULT NULL
) ENGINE=MyISAM DEFAULT CHARSET=utf8;

--
-- Fazendo dump de dados para tabela `membership_userrecords`
--

INSERT INTO `membership_userrecords` (`recID`, `tableName`, `pkValue`, `memberID`, `dateAdded`, `dateUpdated`, `groupID`) VALUES
(1, 'tb_alocacao', '1', 'dbastreghi', 1514922281, 1520540101, 2),
(2, 'tb_alocacao', '2', 'dbastreghi', 1514922298, 1520540256, 2),
(11, 'tb_recrutador', '1', 'camila.valt', 1515181808, 1524250067, 3),
(12, 'tb_recrutador', '2', 'camila.valt', 1515181823, 1520544164, 3),
(5, 'tb_alocacao', '3', 'dbastreghi', 1515156020, 1520539244, 2),
(6, 'tb_alocacao', '4', 'dbastreghi', 1515156039, 1520539212, 2),
(7, 'tb_alocacao', '5', 'camila.valt', 1515157141, 1520540085, 3),
(13, 'tb_recrutador', '3', 'camila.valt', 1515181851, 1517500458, 3),
(14, 'tb_empresa', '1', 'camila.valt', 1515181892, 1519911679, 3),
(15, 'tb_vaga', '3', 'camila.valt', 1515181971, 1517948041, 3),
(16, 'tb_entrevista', '4', 'hadelen.lima', 1515182280, 1520623832, 3),
(17, 'tb_empresa', '2', 'camila.valt', 1515182340, 1526653372, 3),
(18, 'tb_alocacao', '6', 'camila.valt', 1515182355, 1520540241, 3),
(19, 'tb_empresa', '3', 'daiane.vieira', 1515431877, 1515431887, 3),
(20, 'tb_empresa', '4', 'daiane.vieira', 1515431911, 1524086351, 3),
(21, 'tb_empresa', '5', 'daiane.vieira', 1515431931, 1515431931, 3),
(22, 'tb_empresa', '6', 'daiane.vieira', 1515431947, 1515431947, 3),
(23, 'tb_empresa', '7', 'daiane.vieira', 1515431966, 1515431966, 3),
(904, 'tb_alocacao', '25', 'dbastreghi', 1520542135, 1520542135, 2),
(25, 'tb_alocacao', '7', 'daiane.vieira', 1515432138, 1520540205, 3),
(26, 'tb_vaga', '4', 'daiane.vieira', 1515432283, 1516041433, 3),
(27, 'tb_vaga', '5', 'daiane.vieira', 1515432381, 1517341782, 3),
(28, 'tb_vaga', '6', 'daiane.vieira', 1515432623, 1516041496, 3),
(29, 'tb_empresa', '9', 'daiane.vieira', 1515432690, 1520540524, 3),
(30, 'tb_vaga', '7', 'daiane.vieira', 1515432794, 1518120586, 3),
(31, 'tb_vaga', '8', 'daiane.vieira', 1515432905, 1520540493, 3),
(32, 'tb_alocacao', '8', 'daiane.vieira', 1515433014, 1520538909, 3),
(49, 'tb_empresa', '11', 'camila.valt', 1515514944, 1519911700, 3),
(34, 'tb_vaga', '10', 'daiane.vieira', 1515433451, 1516889045, 3),
(35, 'tb_alocacao', '9', 'daiane.vieira', 1515433615, 1520540299, 3),
(36, 'tb_vaga', '11', 'daiane.vieira', 1515433705, 1520435331, 3),
(37, 'tb_empresa', '10', 'daiane.vieira', 1515433848, 1515433848, 3),
(38, 'tb_alocacao', '10', 'daiane.vieira', 1515433880, 1520540360, 3),
(39, 'tb_vaga', '12', 'daiane.vieira', 1515434017, 1520435220, 3),
(40, 'tb_vaga', '13', 'daiane.vieira', 1515434119, 1518009687, 3),
(41, 'tb_vaga', '14', 'daiane.vieira', 1515434227, 1518110468, 3),
(42, 'tb_alocacao', '11', 'daiane.vieira', 1515434298, 1520540174, 3),
(43, 'tb_vaga', '15', 'daiane.vieira', 1515434370, 1517226751, 3),
(44, 'tb_entrevista', '5', 'hadelen.lima', 1515438838, 1520623851, 3),
(45, 'tb_entrevista', '6', 'fernanda.santos2', 1515438915, 1520624379, 3),
(46, 'tb_entrevista', '7', 'fernanda.santos2', 1515438992, 1520624417, 3),
(47, 'tb_entrevista', '8', 'camila.valt', 1515439064, 1520630597, 3),
(48, 'tb_entrevista', '9', 'camila.valt', 1515439461, 1520630640, 3),
(50, 'tb_alocacao', '12', 'camila.valt', 1515514963, 1520540227, 3),
(51, 'tb_vaga', '16', 'camila.valt', 1515515009, 1516733040, 3),
(52, 'tb_alocacao', '13', 'camila.valt', 1515515213, 1520540373, 3),
(53, 'tb_vaga', '17', 'camila.valt', 1515515305, 1516643697, 3),
(54, 'tb_empresa', '12', 'camila.valt', 1515515343, 1515515343, 3),
(55, 'tb_vaga', '18', 'camila.valt', 1515515385, 1516034646, 3),
(56, 'tb_entrevista', '10', 'camila.valt', 1515515465, 1515515465, 3),
(57, 'tb_alocacao', '14', 'camila.valt', 1515515560, 1520538537, 3),
(58, 'tb_vaga', '19', 'camila.valt', 1515515609, 1517859483, 3),
(59, 'tb_entrevista', '11', 'camila.valt', 1515515716, 1515515716, 3),
(60, 'tb_vaga', '20', 'camila.valt', 1515515939, 1517859578, 3),
(61, 'tb_entrevista', '12', 'fernanda.santos2', 1515515991, 1520854750, 3),
(175, 'tb_vaga', '26', 'camila.valt', 1516650796, 1520877378, 3),
(63, 'tb_entrevista', '14', 'fernanda.santos2', 1515516132, 1520871416, 3),
(64, 'tb_entrevista', '15', 'fernanda.santos2', 1515516243, 1520871457, 3),
(65, 'tb_entrevista', '16', 'fernanda.santos2', 1515516275, 1520871525, 3),
(66, 'tb_entrevista', '17', 'fernanda.santos2', 1515516320, 1520871558, 3),
(67, 'tb_entrevista', '18', 'fernanda.santos2', 1515516369, 1520871589, 3),
(68, 'tb_entrevista', '19', 'ana.santos', 1515516410, 1520881885, 3),
(69, 'tb_entrevista', '20', 'camila.valt', 1515516468, 1515516468, 3),
(70, 'tb_entrevista', '21', 'fernanda.santos2', 1515522278, 1520946796, 3),
(71, 'tb_entrevista', '22', 'fernanda.santos2', 1515595553, 1520946843, 3),
(73, 'tb_vaga', '21', 'camila.valt', 1515609227, 1520539335, 3),
(74, 'tb_contratacao', '1', 'camila.valt', 1515609398, 1515609398, 3),
(75, 'tb_entrevista', '23', 'hadelen.lima', 1515696169, 1520965498, 3),
(76, 'tb_entrevista', '24', 'ana.santos', 1515696267, 1520976338, 3),
(77, 'tb_entrevista', '25', 'camila.valt', 1515696705, 1516621289, 3),
(78, 'tb_entrevista', '26', 'fernanda.santos2', 1515697447, 1521047104, 3),
(79, 'tb_entrevista', '27', 'camila.valt', 1515697642, 1521060743, 3),
(80, 'tb_entrevista', '28', 'fernanda.santos2', 1515697733, 1521137188, 3),
(81, 'tb_entrevista', '29', 'hadelen.lima', 1515698255, 1521139543, 3),
(82, 'tb_candidato', '1', 'camila.valt', 1516032372, 1516205347, 3),
(83, 'tb_vaga', '22', 'camila.valt', 1516041905, 1516709422, 3),
(84, 'tb_vaga', '23', 'daiane.vieira', 1516042058, 1517516765, 3),
(85, 'tb_candidato', '2', 'camila.valt', 1516042078, 1516198684, 3),
(86, 'tb_candidato', '3', 'camila.valt', 1516042305, 1516042305, 3),
(87, 'tb_candidato', '4', 'camila.valt', 1516042339, 1516303308, 3),
(88, 'tb_candidato', '5', 'camila.valt', 1516042371, 1516042371, 3),
(89, 'tb_entrevista', '30', 'hadelen.lima', 1516042410, 1521142256, 3),
(90, 'tb_candidato', '6', 'camila.valt', 1516042416, 1516042416, 3),
(91, 'tb_candidato', '7', 'camila.valt', 1516042446, 1516042446, 3),
(92, 'tb_candidato', '8', 'camila.valt', 1516042470, 1516042470, 3),
(93, 'tb_candidato', '9', 'camila.valt', 1516042494, 1516817580, 3),
(94, 'tb_entrevista', '31', 'camila.valt', 1516042518, 1521146795, 3),
(95, 'tb_candidato', '10', 'camila.valt', 1516042561, 1516042561, 3),
(96, 'tb_entrevista', '32', 'ana.santos', 1516042585, 1521558479, 3),
(97, 'tb_alocacao', '15', 'daiane.vieira', 1516043691, 1520540193, 3),
(98, 'tb_empresa', '14', 'daiane.vieira', 1516043760, 1520454514, 3),
(99, 'tb_vaga', '24', 'daiane.vieira', 1516044066, 1517836104, 3),
(100, 'tb_empresa', '15', 'daiane.vieira', 1516047536, 1516047536, 3),
(101, 'tb_alocacao', '16', 'daiane.vieira', 1516047704, 1520540070, 3),
(102, 'tb_vaga', '25', 'daiane.vieira', 1516047829, 1516047829, 3),
(103, 'tb_entrevista', '33', 'ana.santos', 1516048102, 1521203690, 3),
(104, 'tb_contratacao', '2', 'daiane.vieira', 1516048145, 1516048145, 3),
(105, 'tb_candidato', '11', 'daiane.vieira', 1516108761, 1516289657, 3),
(106, 'tb_candidato', '12', 'daiane.vieira', 1516108843, 1516289680, 3),
(107, 'tb_candidato', '13', 'daiane.vieira', 1516108925, 1516108958, 3),
(108, 'tb_candidato', '14', 'daiane.vieira', 1516108999, 1516109105, 3),
(109, 'tb_candidato', '15', 'daiane.vieira', 1516109221, 1516109221, 3),
(110, 'tb_candidato', '16', 'daiane.vieira', 1516109496, 1516109564, 3),
(111, 'tb_candidato', '17', 'camila.valt', 1516126271, 1516620973, 3),
(112, 'tb_candidato', '18', 'camila.valt', 1516126477, 1516126477, 3),
(945, 'tb_vaga', '62', 'camila.valt', 1521221512, 1521221512, 3),
(114, 'tb_candidato', '19', 'camila.valt', 1516126768, 1516197793, 3),
(115, 'tb_candidato', '20', 'camila.valt', 1516126873, 1516126873, 3),
(116, 'tb_candidato', '21', 'camila.valt', 1516127083, 1516198073, 3),
(117, 'tb_candidato', '22', 'camila.valt', 1516127138, 1516127138, 3),
(177, 'tb_candidato', '55', 'camila.valt', 1516729323, 1516729323, 3),
(120, 'tb_candidato', '23', 'camila.valt', 1516127499, 1516127637, 3),
(121, 'tb_entrevista', '37', 'fernanda.santos2', 1516127560, 1521232714, 3),
(122, 'tb_candidato', '24', 'camila.valt', 1516127610, 1516127610, 3),
(123, 'tb_candidato', '25', 'camila.valt', 1516127706, 1516127706, 3),
(176, 'tb_contratacao', '4', 'fernanda.santos2', 1516727317, 1516727317, 3),
(125, 'tb_candidato', '26', 'camila.valt', 1516127779, 1516127779, 3),
(127, 'tb_candidato', '27', 'camila.valt', 1516127868, 1516127868, 3),
(174, 'tb_entrevista', '58', 'hadelen.lima', 1516644100, 1522355495, 3),
(129, 'tb_candidato', '28', 'camila.valt', 1516134451, 1516134451, 3),
(130, 'tb_candidato', '29', 'camila.valt', 1516134636, 1516621261, 3),
(141, 'tb_contratacao', '3', 'fernanda.santos2', 1516191727, 1516192762, 3),
(132, 'tb_candidato', '31', 'daiane.vieira', 1516188886, 1516188886, 3),
(133, 'tb_candidato', '32', 'daiane.vieira', 1516188938, 1516188938, 3),
(134, 'tb_candidato', '33', 'daiane.vieira', 1516189009, 1516288766, 3),
(135, 'tb_candidato', '34', 'daiane.vieira', 1516189070, 1516289112, 3),
(136, 'tb_candidato', '35', 'daiane.vieira', 1516189121, 1516289129, 3),
(137, 'tb_candidato', '36', 'daiane.vieira', 1516189175, 1516289143, 3),
(138, 'tb_entrevista', '41', 'fernanda.santos2', 1516189310, 1521558379, 3),
(139, 'tb_entrevista', '42', 'fernanda.santos2', 1516189391, 1521558402, 3),
(140, 'tb_entrevista', '43', 'hadelen.lima', 1516189682, 1521575601, 3),
(142, 'tb_entrevista', '44', 'camila.valt', 1516198778, 1516198778, 3),
(143, 'tb_entrevista', '45', 'camila.valt', 1516198890, 1516729371, 3),
(144, 'tb_entrevista', '46', 'camila.valt', 1516205414, 1516621109, 3),
(145, 'tb_candidato', '37', 'camila.valt', 1516274199, 1516709632, 3),
(146, 'tb_entrevista', '47', 'camila.valt', 1516274226, 1516709648, 3),
(147, 'tb_entrevista', '48', 'fernanda.santos2', 1516288907, 1522084418, 3),
(148, 'tb_entrevista', '49', 'fernanda.santos2', 1516288952, 1516289230, 3),
(149, 'tb_entrevista', '50', 'camila.valt', 1516288990, 1521751400, 3),
(150, 'tb_entrevista', '51', 'hadelen.lima', 1516289021, 1521751485, 3),
(151, 'tb_candidato', '38', 'fernanda.santos2', 1516289384, 1516361201, 3),
(152, 'tb_entrevista', '52', 'camila.valt', 1516289472, 1521838584, 3),
(153, 'tb_entrevista', '53', 'fernanda.santos2', 1516289524, 1516289603, 3),
(154, 'tb_candidato', '39', 'fernanda.santos2', 1516290005, 1516290005, 3),
(155, 'tb_candidato', '40', 'fernanda.santos2', 1516290051, 1516290051, 3),
(156, 'tb_candidato', '41', 'fernanda.santos2', 1516290104, 1516290104, 3),
(157, 'tb_candidato', '42', 'fernanda.santos2', 1516290159, 1516290159, 3),
(158, 'tb_candidato', '43', 'fernanda.santos2', 1516290332, 1516290332, 3),
(159, 'tb_candidato', '44', 'fernanda.santos2', 1516290365, 1516290365, 3),
(160, 'tb_candidato', '45', 'fernanda.santos2', 1516290396, 1516290396, 3),
(161, 'tb_candidato', '46', 'fernanda.santos2', 1516290430, 1516290430, 3),
(162, 'tb_candidato', '47', 'fernanda.santos2', 1516290454, 1516290470, 3),
(163, 'tb_candidato', '48', 'fernanda.santos2', 1516290495, 1516290495, 3),
(164, 'tb_entrevista', '54', 'fernanda.santos2', 1516292480, 1522084454, 3),
(165, 'tb_candidato', '49', 'camila.valt', 1516292512, 1516620991, 3),
(166, 'tb_candidato', '50', 'fernanda.santos2', 1516361173, 1516361173, 3),
(167, 'tb_candidato', '51', 'fernanda.santos2', 1516361262, 1516361262, 3),
(168, 'tb_candidato', '52', 'fernanda.santos2', 1516374250, 1516374250, 3),
(169, 'tb_candidato', '53', 'fernanda.santos2', 1516374656, 1516374656, 3),
(170, 'tb_entrevista', '55', 'hadelen.lima', 1516374702, 1522261660, 3),
(171, 'tb_entrevista', '56', 'fernanda.santos2', 1516374761, 1516374761, 3),
(172, 'tb_candidato', '54', 'fernanda.santos2', 1516381991, 1516381991, 3),
(173, 'tb_entrevista', '57', 'fernanda.santos2', 1516382058, 1516382089, 3),
(178, 'tb_entrevista', '59', 'fernanda.santos2', 1516729359, 1522686496, 3),
(179, 'tb_candidato', '56', 'fernanda.santos2', 1516729536, 1516729536, 3),
(180, 'tb_entrevista', '60', 'fernanda.santos2', 1516729565, 1516729565, 3),
(181, 'tb_vaga', '27', 'fernanda.santos2', 1516734951, 1521724073, 3),
(182, 'tb_candidato', '57', 'fernanda.santos2', 1516804916, 1516804916, 3),
(183, 'tb_entrevista', '61', 'fernanda.santos2', 1516804960, 1516804960, 3),
(184, 'tb_empresa', '16', 'camila.valt', 1516816749, 1519833967, 3),
(185, 'tb_alocacao', '17', 'camila.valt', 1516816766, 1520540121, 3),
(186, 'tb_vaga', '28', 'camila.valt', 1516816800, 1521211969, 3),
(187, 'tb_vaga', '29', 'camila.valt', 1516816859, 1521211978, 3),
(188, 'tb_candidato', '58', 'camila.valt', 1516820054, 1517507298, 3),
(189, 'tb_candidato', '59', 'daiane.vieira', 1516967722, 1516969202, 3),
(190, 'tb_candidato', '60', 'daiane.vieira', 1516967922, 1516968261, 3),
(191, 'tb_entrevista', '62', 'fernanda.santos2', 1516968576, 1522762849, 3),
(192, 'tb_candidato', '61', 'daiane.vieira', 1516968886, 1516968886, 3),
(193, 'tb_candidato', '62', 'daiane.vieira', 1516969109, 1516969109, 3),
(194, 'tb_alocacao', '18', 'daiane.vieira', 1516972061, 1520540284, 3),
(195, 'tb_vaga', '30', 'daiane.vieira', 1516972499, 1516972499, 3),
(196, 'tb_contratacao', '5', 'daiane.vieira', 1516972585, 1516972585, 3),
(197, 'tb_candidato', '63', 'daiane.vieira', 1516973687, 1516973687, 3),
(198, 'tb_vaga', '31', 'daiane.vieira', 1516973918, 1518100943, 3),
(199, 'tb_candidato', '64', 'daiane.vieira', 1516973965, 1516973965, 3),
(200, 'tb_entrevista', '63', 'hadelen.lima', 1516974064, 1522945686, 3),
(201, 'tb_candidato', '65', 'daiane.vieira', 1516974425, 1516974425, 3),
(202, 'tb_entrevista', '64', 'hadelen.lima', 1516974716, 1522948951, 3),
(203, 'tb_candidato', '66', 'camila.valt', 1516974774, 1516974774, 3),
(204, 'tb_entrevista', '65', 'hadelen.lima', 1516974796, 1522955446, 3),
(205, 'tb_candidato', '67', 'camila.valt', 1516974895, 1517507394, 3),
(206, 'tb_contratacao', '6', 'camila.valt', 1516975023, 1516975023, 3),
(207, 'tb_contratacao', '7', 'camila.valt', 1516975054, 1516975054, 3),
(208, 'tb_contratacao', '8', 'camila.valt', 1516975147, 1516975147, 3),
(209, 'tb_candidato', '68', 'fernanda.santos2', 1516975939, 1516975939, 3),
(210, 'tb_candidato', '69', 'fernanda.santos2', 1516976002, 1516976002, 3),
(211, 'tb_candidato', '70', 'daiane.vieira', 1516976025, 1516976025, 3),
(212, 'tb_candidato', '71', 'fernanda.santos2', 1516976065, 1516976065, 3),
(213, 'tb_candidato', '72', 'daiane.vieira', 1516976164, 1516976164, 3),
(214, 'tb_candidato', '73', 'fernanda.santos2', 1516976190, 1516976190, 3),
(215, 'tb_candidato', '74', 'fernanda.santos2', 1516976221, 1516976246, 3),
(216, 'tb_candidato', '75', 'fernanda.santos2', 1516976262, 1516976262, 3),
(217, 'tb_candidato', '76', 'fernanda.santos2', 1516976313, 1516976313, 3),
(218, 'tb_candidato', '77', 'fernanda.santos2', 1516977520, 1516977520, 3),
(219, 'tb_candidato', '78', 'fernanda.santos2', 1516977573, 1516977573, 3),
(220, 'tb_candidato', '79', 'fernanda.santos2', 1516977627, 1516977627, 3),
(221, 'tb_candidato', '80', 'fernanda.santos2', 1516977667, 1516977667, 3),
(222, 'tb_candidato', '81', 'fernanda.santos2', 1516977705, 1516977705, 3),
(223, 'tb_candidato', '82', 'daiane.vieira', 1516992002, 1516992002, 3),
(224, 'tb_candidato', '83', 'daiane.vieira', 1516992041, 1516992041, 3),
(225, 'tb_candidato', '84', 'daiane.vieira', 1516992074, 1516992074, 3),
(226, 'tb_candidato', '85', 'daiane.vieira', 1516992163, 1516992163, 3),
(227, 'tb_vaga', '32', 'fernanda.santos2', 1516993760, 1517835964, 3),
(228, 'tb_entrevista', '66', 'hadelen.lima', 1516994321, 1522957451, 3),
(229, 'tb_candidato', '86', 'daiane.vieira', 1516994848, 1516994848, 3),
(230, 'tb_candidato', '87', 'daiane.vieira', 1516994892, 1516994913, 3),
(231, 'tb_candidato', '88', 'daiane.vieira', 1516995010, 1516995010, 3),
(232, 'tb_candidato', '89', 'daiane.vieira', 1516995052, 1516995052, 3),
(233, 'tb_candidato', '90', 'daiane.vieira', 1516995093, 1516995093, 3),
(234, 'tb_candidato', '91', 'daiane.vieira', 1516995132, 1516995132, 3),
(235, 'tb_candidato', '92', 'daiane.vieira', 1516995165, 1516995165, 3),
(236, 'tb_candidato', '93', 'daiane.vieira', 1516995200, 1516995200, 3),
(237, 'tb_candidato', '94', 'daiane.vieira', 1516995244, 1516995244, 3),
(238, 'tb_candidato', '95', 'daiane.vieira', 1516995286, 1516995286, 3),
(239, 'tb_candidato', '96', 'daiane.vieira', 1516995319, 1516995319, 3),
(240, 'tb_candidato', '97', 'daiane.vieira', 1516995358, 1516995358, 3),
(241, 'tb_candidato', '98', 'daiane.vieira', 1516995392, 1516995392, 3),
(242, 'tb_candidato', '99', 'daiane.vieira', 1516995424, 1516995424, 3),
(243, 'tb_candidato', '100', 'daiane.vieira', 1516995461, 1516995461, 3),
(244, 'tb_candidato', '101', 'daiane.vieira', 1516995821, 1516995821, 3),
(245, 'tb_candidato', '102', 'daiane.vieira', 1516995857, 1516995857, 3),
(246, 'tb_candidato', '103', 'daiane.vieira', 1516995898, 1516995898, 3),
(247, 'tb_contratacao', '9', 'camila.valt', 1516996160, 1516996160, 3),
(248, 'tb_candidato', '104', 'camila.valt', 1517235504, 1518111819, 3),
(249, 'tb_entrevista', '67', 'fernanda.santos2', 1517235533, 1523027996, 3),
(250, 'tb_candidato', '105', 'daiane.vieira', 1517243259, 1517243259, 3),
(251, 'tb_candidato', '106', 'daiane.vieira', 1517243320, 1517243320, 3),
(252, 'tb_candidato', '107', 'daiane.vieira', 1517243362, 1517243362, 3),
(253, 'tb_candidato', '108', 'camila.valt', 1517244443, 1517244443, 3),
(254, 'tb_entrevista', '68', 'hadelen.lima', 1517244466, 1523040810, 3),
(255, 'tb_candidato', '109', 'camila.valt', 1517244498, 1517320021, 3),
(256, 'tb_candidato', '110', 'camila.valt', 1517244538, 1517248150, 3),
(257, 'tb_entrevista', '69', 'hadelen.lima', 1517248181, 1523043904, 3),
(323, 'tb_entrevista', '91', 'fernanda.santos2', 1517601634, 1517601634, 3),
(259, 'tb_empresa', '18', 'fernanda.santos2', 1517251730, 1520539366, 3),
(260, 'tb_alocacao', '19', 'fernanda.santos2', 1517251763, 1520539229, 3),
(261, 'tb_vaga', '33', 'fernanda.santos2', 1517251929, 1520877516, 3),
(262, 'tb_vaga', '34', 'fernanda.santos2', 1517251994, 1520877533, 3),
(263, 'tb_vaga', '35', 'fernanda.santos2', 1517252048, 1520877544, 3),
(264, 'tb_vaga', '36', 'fernanda.santos2', 1517252124, 1520877560, 3),
(265, 'tb_vaga', '37', 'fernanda.santos2', 1517252173, 1522340638, 3),
(266, 'tb_entrevista', '70', 'hadelen.lima', 1517320027, 1523281116, 3),
(267, 'tb_contratacao', '10', 'daiane.vieira', 1517341702, 1517341702, 3),
(268, 'tb_candidato', '111', 'fernanda.santos2', 1517396803, 1517396803, 3),
(269, 'tb_candidato', '112', 'fernanda.santos2', 1517396865, 1517396865, 3),
(270, 'tb_entrevista', '71', 'fernanda.santos2', 1517396918, 1517503193, 3),
(271, 'tb_entrevista', '72', 'hadelen.lima', 1517397028, 1523386137, 3),
(272, 'tb_candidato', '113', 'camila.valt', 1517400163, 1517400173, 3),
(273, 'tb_entrevista', '73', 'hadelen.lima', 1517400203, 1523388726, 3),
(274, 'tb_entrevista', '4', 'hadelen.lima', 1517424880, 1520623832, 3),
(275, 'tb_campanha', '2', 'dbastreghi', 1517431802, 1517431802, 2),
(276, 'tb_oportunidade_estagio', '4', 'dbastreghi', 1517432456, 1517432941, 2),
(277, 'tb_oportunidade_estagio', '5', 'dbastreghi', 1517432498, 1517432950, 2),
(278, 'tb_oportunidade_estagio', '6', 'dbastreghi', 1517432521, 1517432955, 2),
(279, 'tb_oportunidade_estagio', '7', 'dbastreghi', 1517432535, 1517432961, 2),
(280, 'tb_oportunidade_estagio', '8', 'dbastreghi', 1517432561, 1517432908, 2),
(281, 'tb_oportunidade_estagio', '9', 'dbastreghi', 1517432822, 1517432855, 2),
(282, 'tb_oportunidade_estagio', '10', 'dbastreghi', 1517432843, 1517432862, 2),
(283, 'tb_oportunidade_estagio', '11', 'dbastreghi', 1517432895, 1517432895, 2),
(284, 'tb_candidato', '114', 'camila.valt', 1517482786, 1518111848, 3),
(285, 'tb_candidato', '115', 'camila.valt', 1517483421, 1517578926, 3),
(286, 'tb_candidato', '116', 'camila.valt', 1517483478, 1517840441, 3),
(287, 'tb_candidato', '117', 'camila.valt', 1517483560, 1517483560, 3),
(288, 'tb_entrevista', '80', 'hadelen.lima', 1517484223, 1523559238, 3),
(289, 'tb_entrevista', '81', 'fernanda.santos2', 1517484285, 1517484285, 3),
(290, 'tb_entrevista', '82', 'fernanda.santos2', 1517484330, 1523628600, 3),
(291, 'tb_entrevista', '83', 'fernanda.santos2', 1517484495, 1517484495, 3),
(292, 'tb_contato_tipo', '1', 'dbastreghi', 1517492768, 1517492768, 2),
(293, 'tb_contato_tipo', '2', 'dbastreghi', 1517492789, 1517492789, 2),
(294, 'tb_contato_tipo', '3', 'dbastreghi', 1517492802, 1517492802, 2),
(295, 'tb_entrevista', '84', 'hadelen.lima', 1517492826, 1523890148, 3),
(296, 'tb_contato_tipo', '4', 'dbastreghi', 1517492833, 1517492833, 2),
(297, 'tb_contato_tipo', '5', 'dbastreghi', 1517492863, 1517492863, 2),
(298, 'tb_empresa', '19', 'dbastreghi', 1517493704, 1519912901, 2),
(299, 'tb_contato', '1', 'dbastreghi', 1517493744, 1517493744, 2),
(300, 'tb_entrevista', '85', 'hadelen.lima', 1517494333, 1523890170, 3),
(301, 'tb_recrutador', '4', 'dbastreghi', 1517500491, 1517500491, 2),
(302, 'tb_entrevista', '86', 'fernanda.santos2', 1517506175, 1523975255, 3),
(303, 'tb_candidato', '118', 'camila.valt', 1517507444, 1518181164, 3),
(322, 'tb_candidato', '125', 'fernanda.santos2', 1517601599, 1517601599, 3),
(305, 'tb_empresa', '21', 'cintia.haoach', 1517510678, 1517510918, 4),
(306, 'tb_contato', '2', 'cintia.haoach', 1517510736, 1517510736, 4),
(307, 'tb_entrevista', '87', 'fernanda.santos2', 1517511323, 1523973875, 3),
(308, 'tb_entrevista', '88', 'fernanda.santos2', 1517511507, 1523973909, 3),
(309, 'tb_atendimento', '1', 'dbastreghi', 1517512474, 1517512474, 2),
(310, 'tb_contratacao', '11', 'daiane.vieira', 1517516958, 1517516958, 3),
(311, 'tb_recrutador', '5', 'camila.valt', 1517586918, 1524250127, 3),
(312, 'tb_alocacao', '20', 'camila.valt', 1517587027, 1520540216, 3),
(313, 'tb_vaga', '38', 'camila.valt', 1517587167, 1517587167, 3),
(314, 'tb_candidato', '119', 'fernanda.santos2', 1517587440, 1517587440, 3),
(315, 'tb_entrevista', '89', 'fernanda.santos2', 1517587473, 1517587988, 3),
(316, 'tb_candidato', '120', 'fernanda.santos2', 1517587788, 1517587788, 3),
(317, 'tb_candidato', '121', 'fernanda.santos2', 1517587853, 1517587853, 3),
(318, 'tb_candidato', '122', 'fernanda.santos2', 1517587887, 1517587887, 3),
(319, 'tb_candidato', '123', 'fernanda.santos2', 1517587926, 1517587926, 3),
(320, 'tb_candidato', '124', 'fernanda.santos2', 1517588224, 1517588224, 3),
(321, 'tb_entrevista', '90', 'hadelen.lima', 1517588259, 1524064271, 3),
(324, 'tb_candidato', '126', 'camila.valt', 1517601917, 1517840469, 3),
(325, 'tb_entrevista', '92', 'fernanda.santos2', 1517601934, 1524073268, 3),
(326, 'tb_candidato', '127', 'daiane.vieira', 1517854559, 1517854559, 3),
(327, 'tb_candidato', '128', 'daiane.vieira', 1517854642, 1517854642, 3),
(328, 'tb_candidato', '129', 'daiane.vieira', 1517854733, 1517854733, 3),
(329, 'tb_candidato', '130', 'daiane.vieira', 1517854903, 1517854903, 3),
(330, 'tb_entrevista', '93', 'fernanda.santos2', 1517855002, 1524073444, 3),
(331, 'tb_entrevista', '94', 'hadelen.lima', 1517855077, 1524159318, 3),
(332, 'tb_entrevista', '95', 'hadelen.lima', 1517855171, 1524167430, 3),
(333, 'tb_vaga', '39', 'camila.valt', 1517859591, 1517859591, 3),
(334, 'tb_vaga', '40', 'camila.valt', 1517859673, 1520877361, 3),
(335, 'tb_vaga', '41', 'camila.valt', 1517859716, 1520877367, 3),
(336, 'tb_empresa', '22', 'cintia.haoach', 1517918702, 1517918702, 4),
(337, 'tb_contato', '3', 'cintia.haoach', 1517918796, 1517918803, 4),
(338, 'tb_oportunidade', '1', 'cintia.haoach', 1517918914, 1523915904, 4),
(339, 'tb_empresa', '23', 'cintia.haoach', 1517918953, 1519911760, 4),
(340, 'tb_contato', '4', 'cintia.haoach', 1517919014, 1517919014, 4),
(341, 'tb_oportunidade', '2', 'cintia.haoach', 1517919105, 1524604274, 4),
(342, 'tb_empresa', '24', 'cintia.haoach', 1517919133, 1523976317, 4),
(343, 'tb_contato', '5', 'cintia.haoach', 1517919200, 1523976371, 4),
(344, 'tb_oportunidade', '3', 'cintia.haoach', 1517919380, 1519234439, 4),
(345, 'tb_empresa', '25', 'cintia.haoach', 1517919465, 1519834014, 4),
(346, 'tb_contato', '6', 'cintia.haoach', 1517919521, 1517919521, 4),
(347, 'tb_oportunidade', '4', 'cintia.haoach', 1517919639, 1520970477, 4),
(348, 'tb_contato', '7', 'cintia.haoach', 1517919797, 1517919797, 4),
(349, 'tb_oportunidade', '5', 'cintia.haoach', 1517919869, 1517919872, 4),
(350, 'tb_empresa', '26', 'cintia.haoach', 1517919902, 1526582980, 4),
(351, 'tb_contato', '8', 'cintia.haoach', 1517919942, 1517919942, 4),
(352, 'tb_oportunidade', '6', 'cintia.haoach', 1517920027, 1523915927, 4),
(353, 'tb_oportunidade', '7', 'cintia.haoach', 1517920348, 1519302220, 4),
(354, 'tb_contato', '9', 'cintia.haoach', 1517920812, 1517920812, 4),
(355, 'tb_oportunidade', '8', 'cintia.haoach', 1517920930, 1517920930, 4),
(356, 'tb_oportunidade', '9', 'cintia.haoach', 1517921103, 1517921103, 4),
(357, 'tb_oportunidade_estagio', '12', 'dbastreghi', 1517921108, 1517921108, 2),
(358, 'tb_oportunidade_estagio', '13', 'dbastreghi', 1517921133, 1517921133, 2),
(359, 'tb_oportunidade_estagio', '14', 'dbastreghi', 1517921168, 1517921168, 2),
(360, 'tb_oportunidade_estagio', '15', 'dbastreghi', 1517921180, 1517921180, 2),
(361, 'tb_oportunidade_estagio', '16', 'dbastreghi', 1517921227, 1517921227, 2),
(362, 'tb_oportunidade_estagio', '17', 'dbastreghi', 1517921241, 1517921241, 2),
(363, 'tb_contato', '10', 'cintia.haoach', 1517921250, 1517921250, 4),
(364, 'tb_oportunidade_estagio', '18', 'dbastreghi', 1517921266, 1517921266, 2),
(365, 'tb_oportunidade_estagio', '19', 'dbastreghi', 1517921298, 1517921298, 2),
(366, 'tb_oportunidade_estagio', '20', 'dbastreghi', 1517921314, 1517921314, 2),
(367, 'tb_oportunidade', '10', 'cintia.haoach', 1517921326, 1517921326, 4),
(368, 'tb_contato', '11', 'cintia.haoach', 1517921439, 1517921439, 4),
(369, 'tb_oportunidade', '11', 'cintia.haoach', 1517921516, 1523915951, 4),
(370, 'tb_oportunidade', '12', 'cintia.haoach', 1517921649, 1523915962, 4),
(371, 'tb_atendimento', '2', 'cintia.haoach', 1517922060, 1517922122, 4),
(372, 'tb_atendimento', '3', 'cintia.haoach', 1517922144, 1517922178, 4),
(373, 'tb_atendimento', '4', 'cintia.haoach', 1517922232, 1517922232, 4),
(374, 'tb_atendimento', '5', 'cintia.haoach', 1517922282, 1517922282, 4),
(375, 'tb_atendimento', '6', 'cintia.haoach', 1517922321, 1517922321, 4),
(376, 'tb_atendimento', '7', 'cintia.haoach', 1517922371, 1517922371, 4),
(377, 'tb_atendimento', '8', 'cintia.haoach', 1517922432, 1517922432, 4),
(378, 'tb_atendimento', '9', 'cintia.haoach', 1517922614, 1517922614, 4),
(379, 'tb_atendimento', '10', 'cintia.haoach', 1517922684, 1517922684, 4),
(380, 'tb_atendimento', '11', 'cintia.haoach', 1517922732, 1517922732, 4),
(381, 'tb_atendimento', '12', 'cintia.haoach', 1517922823, 1517922823, 4),
(382, 'tb_atendimento', '13', 'cintia.haoach', 1517922929, 1517922968, 4),
(383, 'tb_atendimento', '14', 'cintia.haoach', 1517923015, 1517923015, 4),
(384, 'tb_atendimento', '15', 'cintia.haoach', 1517923081, 1517923081, 4),
(385, 'tb_atendimento', '16', 'cintia.haoach', 1517923112, 1517923112, 4),
(386, 'tb_atendimento', '17', 'cintia.haoach', 1517923159, 1517923159, 4),
(387, 'tb_atendimento', '18', 'cintia.haoach', 1517923204, 1517923204, 4),
(388, 'tb_atendimento', '19', 'cintia.haoach', 1517923246, 1517923246, 4),
(389, 'tb_contato', '12', 'cintia.haoach', 1517923384, 1517923384, 4),
(390, 'tb_oportunidade', '13', 'cintia.haoach', 1517923495, 1517923495, 4),
(391, 'tb_oportunidade', '14', 'cintia.haoach', 1517923756, 1517923756, 4),
(392, 'tb_atendimento', '20', 'cintia.haoach', 1517923844, 1517923844, 4),
(393, 'tb_atendimento', '21', 'cintia.haoach', 1517923883, 1517923883, 4),
(394, 'tb_atendimento', '22', 'cintia.haoach', 1517924027, 1517924027, 4),
(395, 'tb_atendimento', '23', 'cintia.haoach', 1517924089, 1517924089, 4),
(396, 'tb_atendimento', '24', 'cintia.haoach', 1517924156, 1517924156, 4),
(397, 'tb_atendimento', '25', 'cintia.haoach', 1517924221, 1517925847, 4),
(398, 'tb_empresa', '27', 'cintia.haoach', 1517924333, 1517924333, 4),
(399, 'tb_contato', '13', 'cintia.haoach', 1517924372, 1517924372, 4),
(400, 'tb_oportunidade', '15', 'cintia.haoach', 1517924586, 1517924586, 4),
(401, 'tb_atendimento', '26', 'cintia.haoach', 1517925669, 1517925669, 4),
(402, 'tb_atendimento', '27', 'cintia.haoach', 1517925817, 1517925817, 4),
(403, 'tb_candidato', '131', 'camila.valt', 1517937538, 1518113182, 3),
(404, 'tb_candidato', '132', 'camila.valt', 1517937572, 1517937572, 3),
(405, 'tb_atendimento', '28', 'cintia.haoach', 1517937595, 1517937735, 4),
(406, 'tb_candidato', '133', 'camila.valt', 1517937610, 1518035000, 3),
(407, 'tb_entrevista', '96', 'fernanda.santos2', 1517937655, 1524168146, 3),
(408, 'tb_entrevista', '97', 'hadelen.lima', 1517937682, 1524252629, 3),
(409, 'tb_atendimento', '29', 'cintia.haoach', 1517937774, 1517937797, 4),
(410, 'tb_oportunidade', '16', 'cintia.haoach', 1517937867, 1523919693, 4),
(411, 'tb_atendimento', '30', 'cintia.haoach', 1517938576, 1517938576, 4),
(412, 'tb_atendimento', '31', 'cintia.haoach', 1517938712, 1517938712, 4),
(413, 'tb_atendimento', '32', 'cintia.haoach', 1517938824, 1517938824, 4),
(414, 'tb_atendimento', '33', 'cintia.haoach', 1517938835, 1517938862, 4),
(415, 'tb_atendimento', '34', 'cintia.haoach', 1517938868, 1517938920, 4),
(416, 'tb_atendimento', '35', 'cintia.haoach', 1517938935, 1517938969, 4),
(417, 'tb_atendimento', '36', 'cintia.haoach', 1518006859, 1518006997, 4),
(418, 'tb_empresa', '28', 'cintia.haoach', 1518007017, 1518007017, 4),
(419, 'tb_contato', '14', 'cintia.haoach', 1518007047, 1518007047, 4),
(420, 'tb_atendimento', '37', 'cintia.haoach', 1518007153, 1518007153, 4),
(421, 'tb_empresa', '29', 'cintia.haoach', 1518007211, 1518007211, 4),
(422, 'tb_contato', '15', 'cintia.haoach', 1518007253, 1518007253, 4),
(423, 'tb_atendimento', '38', 'cintia.haoach', 1518007322, 1518011153, 4),
(424, 'tb_empresa', '30', 'cintia.haoach', 1518011500, 1519834211, 4),
(425, 'tb_contato', '16', 'cintia.haoach', 1518011529, 1518011529, 4),
(426, 'tb_oportunidade', '17', 'cintia.haoach', 1518011579, 1523915683, 4),
(427, 'tb_atendimento', '39', 'cintia.haoach', 1518011611, 1518011611, 4),
(428, 'tb_candidato', '134', 'camila.valt', 1518012244, 1518182055, 3),
(429, 'tb_entrevista', '98', 'hadelen.lima', 1518012259, 1524252668, 3),
(430, 'tb_entrevista', '99', 'hadelen.lima', 1518026268, 1524487327, 3),
(431, 'tb_entrevista', '100', 'fernanda.santos2', 1518026307, 1519049339, 3),
(432, 'tb_candidato', '135', 'fernanda.santos2', 1518026388, 1518026388, 3),
(433, 'tb_candidato', '136', 'fernanda.santos2', 1518026440, 1518026440, 3),
(434, 'tb_entrevista', '101', 'estefane.braga', 1518026495, 1524509238, 3),
(435, 'tb_entrevista', '102', 'fernanda.santos2', 1518026545, 1518026545, 3),
(436, 'tb_atendimento', '40', 'cintia.haoach', 1518029372, 1518029372, 4),
(437, 'tb_atendimento', '41', 'cintia.haoach', 1518029408, 1518029408, 4),
(438, 'tb_atendimento', '42', 'cintia.haoach', 1518029449, 1518029449, 4),
(439, 'tb_atendimento', '43', 'cintia.haoach', 1518029571, 1518029571, 4),
(440, 'tb_atendimento', '44', 'cintia.haoach', 1518029616, 1518029616, 4),
(441, 'tb_atendimento', '45', 'cintia.haoach', 1518029620, 1518029644, 4),
(442, 'tb_atendimento', '46', 'cintia.haoach', 1518029656, 1518029681, 4),
(443, 'tb_atendimento', '47', 'cintia.haoach', 1518029684, 1518029715, 4),
(444, 'tb_atendimento', '48', 'cintia.haoach', 1518030005, 1518030005, 4),
(445, 'tb_atendimento', '49', 'cintia.haoach', 1518030034, 1518030075, 4),
(446, 'tb_atendimento', '50', 'cintia.haoach', 1518030153, 1518030153, 4),
(447, 'tb_entrevista', '103', 'fernanda.santos2', 1518035075, 1524497577, 3),
(448, 'tb_contratacao', '12', 'daiane.vieira', 1518100097, 1518100097, 3),
(449, 'tb_vaga', '42', 'daiane.vieira', 1518101431, 1529413107, 3),
(450, 'tb_contratacao', '13', 'daiane.vieira', 1518111538, 1518111538, 3),
(451, 'tb_entrevista', '104', 'fernanda.santos2', 1518111710, 1524497600, 3),
(452, 'tb_candidato', '137', 'camila.valt', 1518111716, 1518181668, 3),
(453, 'tb_vaga', '43', 'fernanda.santos2', 1518120644, 1521046462, 3),
(454, 'tb_candidato', '138', 'camila.valt', 1518182682, 1518182682, 3),
(455, 'tb_entrevista', '105', 'hadelen.lima', 1518182709, 1524570472, 3),
(456, 'tb_candidato', '139', 'camila.valt', 1518182761, 1518182761, 3),
(457, 'tb_entrevista', '106', 'hadelen.lima', 1518182793, 1524588386, 3),
(458, 'tb_candidato', '140', 'camila.valt', 1518182864, 1518182864, 3),
(459, 'tb_entrevista', '107', 'hadelen.lima', 1518182899, 1524588417, 3),
(460, 'tb_prova_tipo', '1', 'camila.valt', 1518183023, 1518183023, 3),
(461, 'tb_prova', '1', 'camila.valt', 1518183120, 1518183120, 3),
(462, 'tb_prova', '2', 'camila.valt', 1518183164, 1518183164, 3),
(463, 'tb_entrevista', '108', 'fernanda.santos2', 1518185209, 1524599218, 3),
(464, 'tb_entrevista', '109', 'fernanda.santos2', 1518185369, 1524599252, 3),
(465, 'tb_entrevista', '110', 'fernanda.santos2', 1518185421, 1524599292, 3),
(466, 'tb_entrevista', '111', 'hadelen.lima', 1518185479, 1524662976, 3),
(467, 'tb_recrutador', '6', 'hadelen.lima', 1518200563, 1518200563, 3),
(468, 'tb_vaga', '44', 'hadelen.lima', 1518200680, 1520540449, 3),
(469, 'tb_candidato', '141', 'hadelen.lima', 1518200786, 1518200786, 3),
(470, 'tb_candidato', '142', 'hadelen.lima', 1518200833, 1518201030, 3),
(471, 'tb_candidato', '143', 'hadelen.lima', 1518200883, 1518200883, 3),
(472, 'tb_candidato', '144', 'hadelen.lima', 1518200931, 1518200931, 3),
(473, 'tb_candidato', '145', 'hadelen.lima', 1518201001, 1518201001, 3),
(474, 'tb_candidato', '146', 'hadelen.lima', 1518201087, 1518201087, 3),
(475, 'tb_candidato', '147', 'hadelen.lima', 1518201131, 1518201131, 3),
(476, 'tb_candidato', '148', 'hadelen.lima', 1518201177, 1518201177, 3),
(477, 'tb_candidato', '149', 'hadelen.lima', 1518201232, 1518201232, 3),
(478, 'tb_candidato', '150', 'hadelen.lima', 1518201286, 1518201286, 3),
(479, 'tb_vaga', '45', 'daiane.vieira', 1518202741, 1521729954, 3),
(480, 'tb_candidato', '151', 'fernanda.santos2', 1518441789, 1518441789, 3),
(481, 'tb_candidato', '152', 'fernanda.santos2', 1518441825, 1518441825, 3),
(482, 'tb_entrevista', '112', 'hadelen.lima', 1518441895, 1524669180, 3),
(483, 'tb_atendimento', '51', 'cintia.haoach', 1518616576, 1518616576, 4),
(484, 'tb_oportunidade', '18', 'cintia.haoach', 1518616656, 1518616656, 4),
(485, 'tb_oportunidade', '19', 'cintia.haoach', 1518616720, 1518616720, 4),
(486, 'tb_atendimento', '52', 'cintia.haoach', 1518616764, 1518616764, 4),
(487, 'tb_atendimento', '53', 'cintia.haoach', 1518616808, 1518616808, 4),
(488, 'tb_empresa', '31', 'cintia.haoach', 1518616845, 1519834046, 4),
(489, 'tb_contato', '17', 'cintia.haoach', 1518616887, 1518616887, 4),
(490, 'tb_atendimento', '54', 'cintia.haoach', 1518616935, 1518616935, 4),
(491, 'tb_atendimento', '55', 'cintia.haoach', 1518616974, 1518616974, 4),
(492, 'tb_atendimento', '56', 'cintia.haoach', 1518617006, 1518617006, 4),
(493, 'tb_atendimento', '57', 'cintia.haoach', 1518624626, 1518624626, 4),
(494, 'tb_alocacao', '21', 'daiane.vieira', 1518700481, 1520540152, 3),
(495, 'tb_atendimento', '58', 'cintia.haoach', 1518708611, 1518708611, 4),
(496, 'tb_atendimento', '59', 'cintia.haoach', 1518708822, 1518708822, 4),
(497, 'tb_atendimento', '60', 'cintia.haoach', 1518708941, 1518708941, 4),
(498, 'tb_empresa', '32', 'cintia.haoach', 1518709039, 1519834091, 4),
(499, 'tb_contato', '18', 'cintia.haoach', 1518709249, 1518709249, 4),
(500, 'tb_atendimento', '61', 'cintia.haoach', 1518709308, 1518709308, 4),
(501, 'tb_candidato', '153', 'hadelen.lima', 1518718759, 1518718759, 3),
(502, 'tb_candidato', '154', 'hadelen.lima', 1518718790, 1518718790, 3),
(503, 'tb_candidato', '155', 'hadelen.lima', 1518718821, 1518718821, 3),
(504, 'tb_candidato', '156', 'hadelen.lima', 1518718860, 1518718860, 3),
(505, 'tb_candidato', '157', 'hadelen.lima', 1518718920, 1518718920, 3),
(506, 'tb_candidato', '158', 'hadelen.lima', 1518718980, 1518718980, 3),
(507, 'tb_candidato', '159', 'hadelen.lima', 1518719025, 1518719025, 3),
(508, 'tb_entrevista', '113', 'hadelen.lima', 1518719093, 1518719093, 3),
(509, 'tb_entrevista', '114', 'fernanda.santos2', 1518719135, 1524672358, 3),
(510, 'tb_entrevista', '115', 'fernanda.santos2', 1518719170, 1524672395, 3),
(511, 'tb_entrevista', '116', 'fernanda.santos2', 1518719224, 1524672426, 3),
(512, 'tb_vaga', '46', 'hadelen.lima', 1518719541, 1520623705, 3),
(513, 'tb_entrevista', '4', 'hadelen.lima', 1518722411, 1520623832, 3),
(514, 'tb_entrevista', '5', 'hadelen.lima', 1518722411, 1520623851, 3),
(515, 'tb_entrevista', '6', 'fernanda.santos2', 1518722411, 1520624379, 3),
(516, 'tb_entrevista', '7', 'fernanda.santos2', 1518722411, 1520624417, 3),
(517, 'tb_entrevista', '8', 'camila.valt', 1518722411, 1520630597, 3),
(518, 'tb_entrevista', '9', 'camila.valt', 1518722411, 1520630640, 3),
(519, 'tb_entrevista', '10', 'camila.valt', 1518722411, 1518722411, 3),
(520, 'tb_entrevista', '11', 'camila.valt', 1518722411, 1518722411, 3),
(521, 'tb_entrevista', '12', 'fernanda.santos2', 1518722411, 1520854750, 3),
(522, 'tb_entrevista', '14', 'fernanda.santos2', 1518722411, 1520871416, 3),
(523, 'tb_entrevista', '15', 'fernanda.santos2', 1518722411, 1520871457, 3),
(524, 'tb_entrevista', '16', 'fernanda.santos2', 1518722411, 1520871525, 3),
(525, 'tb_entrevista', '17', 'fernanda.santos2', 1518722411, 1520871558, 3),
(526, 'tb_entrevista', '18', 'fernanda.santos2', 1518722411, 1520871589, 3),
(527, 'tb_entrevista', '19', 'ana.santos', 1518722411, 1520881885, 3),
(528, 'tb_entrevista', '20', 'camila.valt', 1518722411, 1518722411, 3),
(529, 'tb_entrevista', '21', 'fernanda.santos2', 1518722411, 1520946796, 3),
(530, 'tb_entrevista', '22', 'fernanda.santos2', 1518722411, 1520946843, 3),
(531, 'tb_entrevista', '23', 'hadelen.lima', 1518722411, 1520965498, 3),
(532, 'tb_entrevista', '24', 'ana.santos', 1518722411, 1520976338, 3),
(533, 'tb_entrevista', '25', 'camila.valt', 1518722411, 1518722411, 3),
(534, 'tb_entrevista', '26', 'fernanda.santos2', 1518722411, 1521047104, 3),
(535, 'tb_entrevista', '27', 'camila.valt', 1518722411, 1521060743, 3),
(536, 'tb_entrevista', '28', 'fernanda.santos2', 1518722411, 1521137188, 3),
(537, 'tb_entrevista', '29', 'hadelen.lima', 1518722411, 1521139543, 3),
(538, 'tb_entrevista', '30', 'hadelen.lima', 1518722411, 1521142256, 3),
(539, 'tb_entrevista', '31', 'camila.valt', 1518722411, 1521146795, 3),
(540, 'tb_entrevista', '32', 'ana.santos', 1518722411, 1521558479, 3),
(541, 'tb_entrevista', '33', 'ana.santos', 1518722411, 1521203690, 3),
(944, 'tb_entrevista', '35', 'dbastreghi', 1521219458, 1521219458, 2),
(544, 'tb_entrevista', '37', 'fernanda.santos2', 1518722411, 1521232714, 3),
(545, 'tb_entrevista', '41', 'fernanda.santos2', 1518722411, 1521558379, 3),
(546, 'tb_entrevista', '42', 'fernanda.santos2', 1518722411, 1521558402, 3),
(547, 'tb_entrevista', '43', 'hadelen.lima', 1518722411, 1521575601, 3),
(548, 'tb_entrevista', '44', 'camila.valt', 1518722411, 1518722411, 3),
(549, 'tb_entrevista', '45', 'camila.valt', 1518722411, 1518722411, 3),
(550, 'tb_entrevista', '46', 'camila.valt', 1518722411, 1518722411, 3),
(551, 'tb_entrevista', '47', 'camila.valt', 1518722411, 1518722411, 3),
(552, 'tb_entrevista', '48', 'camila.valt', 1518722411, 1522084418, 3),
(553, 'tb_entrevista', '49', 'camila.valt', 1518722411, 1518722411, 3),
(554, 'tb_entrevista', '50', 'camila.valt', 1518722411, 1521751400, 3),
(555, 'tb_entrevista', '51', 'hadelen.lima', 1518722411, 1521751485, 3),
(556, 'tb_entrevista', '52', 'camila.valt', 1518722411, 1521838584, 3),
(557, 'tb_entrevista', '53', 'camila.valt', 1518722411, 1518722411, 3),
(558, 'tb_entrevista', '54', 'fernanda.santos2', 1518722411, 1522084454, 3),
(559, 'tb_entrevista', '55', 'hadelen.lima', 1518722411, 1522261660, 3),
(560, 'tb_entrevista', '56', 'camila.valt', 1518722411, 1518722411, 3),
(561, 'tb_entrevista', '57', 'camila.valt', 1518722411, 1518722411, 3),
(562, 'tb_entrevista', '58', 'hadelen.lima', 1518722411, 1522355495, 3),
(563, 'tb_entrevista', '59', 'fernanda.santos2', 1518722411, 1522686496, 3),
(564, 'tb_entrevista', '60', 'camila.valt', 1518722411, 1518722411, 3),
(565, 'tb_entrevista', '61', 'camila.valt', 1518722411, 1518722411, 3),
(566, 'tb_entrevista', '62', 'fernanda.santos2', 1518722411, 1522762849, 3),
(567, 'tb_entrevista', '63', 'hadelen.lima', 1518722411, 1522945686, 3),
(568, 'tb_entrevista', '64', 'hadelen.lima', 1518722411, 1522948951, 3),
(569, 'tb_entrevista', '65', 'hadelen.lima', 1518722411, 1522955446, 3),
(570, 'tb_entrevista', '66', 'hadelen.lima', 1518722411, 1522957451, 3),
(571, 'tb_entrevista', '67', 'fernanda.santos2', 1518722411, 1523027996, 3),
(572, 'tb_entrevista', '68', 'hadelen.lima', 1518722411, 1523040810, 3),
(573, 'tb_entrevista', '69', 'hadelen.lima', 1518722411, 1523043904, 3),
(574, 'tb_entrevista', '70', 'hadelen.lima', 1518722411, 1523281116, 3),
(575, 'tb_entrevista', '71', 'camila.valt', 1518722411, 1518722411, 3),
(576, 'tb_entrevista', '72', 'hadelen.lima', 1518722411, 1523386137, 3),
(577, 'tb_entrevista', '73', 'hadelen.lima', 1518722411, 1523388726, 3),
(578, 'tb_entrevista', '74', 'hadelen.lima', 1518722411, 1523388754, 3),
(579, 'tb_entrevista', '76', 'hadelen.lima', 1518722411, 1523460192, 3),
(580, 'tb_entrevista', '77', 'hadelen.lima', 1518722411, 1523539400, 3),
(581, 'tb_entrevista', '78', 'hadelen.lima', 1518722411, 1523559059, 3),
(582, 'tb_entrevista', '79', 'hadelen.lima', 1518722411, 1523559209, 3),
(583, 'tb_entrevista', '80', 'hadelen.lima', 1518722411, 1523559238, 3),
(584, 'tb_entrevista', '81', 'camila.valt', 1518722411, 1518722411, 3),
(585, 'tb_entrevista', '82', 'camila.valt', 1518722411, 1523628600, 3),
(586, 'tb_entrevista', '83', 'camila.valt', 1518722411, 1518722411, 3),
(587, 'tb_entrevista', '84', 'hadelen.lima', 1518722411, 1523890148, 3),
(588, 'tb_entrevista', '85', 'hadelen.lima', 1518722411, 1523890170, 3),
(589, 'tb_entrevista', '86', 'fernanda.santos2', 1518722411, 1523975255, 3),
(590, 'tb_entrevista', '87', 'fernanda.santos2', 1518722411, 1523973875, 3),
(591, 'tb_entrevista', '88', 'fernanda.santos2', 1518722411, 1523973909, 3),
(592, 'tb_entrevista', '89', 'camila.valt', 1518722411, 1518722411, 3),
(593, 'tb_entrevista', '90', 'hadelen.lima', 1518722411, 1524064271, 3),
(594, 'tb_entrevista', '91', 'camila.valt', 1518722411, 1518722411, 3),
(595, 'tb_entrevista', '92', 'fernanda.santos2', 1518722411, 1524073268, 3),
(596, 'tb_entrevista', '93', 'fernanda.santos2', 1518722411, 1524073444, 3),
(597, 'tb_entrevista', '94', 'hadelen.lima', 1518722411, 1524159318, 3),
(598, 'tb_entrevista', '95', 'hadelen.lima', 1518722411, 1524167430, 3),
(599, 'tb_entrevista', '96', 'fernanda.santos2', 1518722411, 1524168146, 3),
(600, 'tb_entrevista', '97', 'hadelen.lima', 1518722411, 1524252629, 3),
(601, 'tb_entrevista', '98', 'hadelen.lima', 1518722411, 1524252668, 3),
(602, 'tb_entrevista', '99', 'hadelen.lima', 1518722411, 1524487327, 3),
(603, 'tb_entrevista', '100', 'camila.valt', 1518722411, 1519049339, 3),
(604, 'tb_entrevista', '101', 'estefane.braga', 1518722411, 1524509238, 3),
(605, 'tb_entrevista', '102', 'camila.valt', 1518722411, 1518722411, 3),
(606, 'tb_entrevista', '103', 'fernanda.santos2', 1518722411, 1524497577, 3),
(607, 'tb_entrevista', '104', 'fernanda.santos2', 1518722411, 1524497600, 3),
(608, 'tb_entrevista', '105', 'hadelen.lima', 1518722411, 1524570472, 3),
(609, 'tb_entrevista', '106', 'hadelen.lima', 1518722411, 1524588386, 3),
(610, 'tb_entrevista', '107', 'hadelen.lima', 1518722411, 1524588417, 3),
(611, 'tb_entrevista', '108', 'fernanda.santos2', 1518722411, 1524599218, 3),
(612, 'tb_entrevista', '109', 'fernanda.santos2', 1518722411, 1524599252, 3),
(613, 'tb_entrevista', '110', 'fernanda.santos2', 1518722411, 1524599292, 3),
(614, 'tb_entrevista', '111', 'hadelen.lima', 1518722411, 1524662976, 3),
(615, 'tb_entrevista', '112', 'hadelen.lima', 1518722411, 1524669180, 3),
(616, 'tb_entrevista', '113', 'camila.valt', 1518722411, 1518722411, 3),
(617, 'tb_entrevista', '114', 'fernanda.santos2', 1518722411, 1524672358, 3),
(618, 'tb_entrevista', '115', 'fernanda.santos2', 1518722411, 1524672395, 3),
(619, 'tb_entrevista', '116', 'fernanda.santos2', 1518722411, 1524672426, 3),
(620, 'tb_oportunidade_tipo', '1', 'dbastreghi', 1518722411, 1518722411, 2),
(621, 'tb_oportunidade_tipo', '2', 'dbastreghi', 1518722411, 1518722411, 2),
(622, 'tb_oportunidade_tipo', '3', 'dbastreghi', 1518722411, 1518722411, 2),
(623, 'tb_oportunidade_estagio', '1', 'dbastreghi', 1518722411, 1518722411, 2),
(624, 'tb_oportunidade_estagio', '2', 'dbastreghi', 1518722411, 1518722411, 2),
(625, 'tb_oportunidade_estagio', '3', 'dbastreghi', 1518722411, 1518722411, 2),
(626, 'tb_oportunidade_estagio', '4', 'dbastreghi', 1518722411, 1518722411, 2),
(627, 'tb_oportunidade_estagio', '5', 'dbastreghi', 1518722411, 1518722411, 2),
(628, 'tb_oportunidade_estagio', '6', 'dbastreghi', 1518722411, 1518722411, 2),
(629, 'tb_oportunidade_estagio', '7', 'dbastreghi', 1518722411, 1518722411, 2),
(630, 'tb_oportunidade_estagio', '8', 'dbastreghi', 1518722411, 1518722411, 2),
(631, 'tb_oportunidade_estagio', '9', 'dbastreghi', 1518722411, 1518722411, 2),
(632, 'tb_oportunidade_estagio', '10', 'dbastreghi', 1518722411, 1518722411, 2),
(633, 'tb_oportunidade_estagio', '11', 'dbastreghi', 1518722411, 1518722411, 2),
(634, 'tb_oportunidade_estagio', '12', 'dbastreghi', 1518722411, 1518722411, 2),
(635, 'tb_oportunidade_estagio', '13', 'dbastreghi', 1518722411, 1518722411, 2),
(636, 'tb_oportunidade_estagio', '14', 'dbastreghi', 1518722411, 1518722411, 2),
(637, 'tb_oportunidade_estagio', '15', 'dbastreghi', 1518722411, 1518722411, 2),
(638, 'tb_oportunidade_estagio', '16', 'dbastreghi', 1518722411, 1518722411, 2),
(639, 'tb_oportunidade_estagio', '17', 'dbastreghi', 1518722411, 1518722411, 2),
(640, 'tb_oportunidade_estagio', '18', 'dbastreghi', 1518722411, 1518722411, 2),
(641, 'tb_oportunidade_estagio', '19', 'dbastreghi', 1518722411, 1518722411, 2),
(642, 'tb_oportunidade_estagio', '20', 'dbastreghi', 1518722411, 1518722411, 2),
(643, 'tb_campanha', '1', 'dbastreghi', 1518722411, 1518722411, 2),
(644, 'tb_campanha', '2', 'dbastreghi', 1518722411, 1518722411, 2),
(645, 'tb_indicador', '1', 'dbastreghi', 1518724515, 1518724515, 2),
(664, 'tb_indicador_periodo', '7', 'dbastreghi', 1518727183, 1518727208, 2),
(663, 'tb_indicador_periodo', '6', 'dbastreghi', 1518727158, 1518727180, 2),
(662, 'tb_indicador_periodo', '5', 'dbastreghi', 1518727046, 1518727084, 2),
(661, 'tb_indicador_periodo', '4', 'dbastreghi', 1518726994, 1518727017, 2),
(660, 'tb_indicador_periodo', '3', 'dbastreghi', 1518726851, 1518726876, 2),
(659, 'tb_indicador_periodo', '2', 'dbastreghi', 1518726782, 1518726817, 2),
(658, 'tb_indicador_periodo', '1', 'dbastreghi', 1518726725, 1518726748, 2),
(665, 'tb_indicador_periodo', '8', 'dbastreghi', 1518727211, 1518727236, 2),
(666, 'tb_indicador_periodo', '9', 'dbastreghi', 1518727239, 1518727278, 2),
(667, 'tb_indicador_periodo', '10', 'dbastreghi', 1518727280, 1518727297, 2),
(668, 'tb_indicador_periodo', '11', 'dbastreghi', 1518727299, 1518727327, 2),
(669, 'tb_indicador_periodo', '12', 'dbastreghi', 1518727386, 1518727410, 2),
(906, 'tb_entrevista', '2', 'camila.valt', 1520542951, 1520542951, 3),
(671, 'tb_contato', '19', 'cintia.haoach', 1519047429, 1520539420, 4),
(672, 'tb_atendimento', '62', 'cintia.haoach', 1519047776, 1520539750, 4),
(673, 'tb_candidato', '160', 'fernanda.santos2', 1519048714, 1519048714, 3),
(674, 'tb_candidato', '161', 'fernanda.santos2', 1519048756, 1519048873, 3),
(675, 'tb_candidato', '162', 'fernanda.santos2', 1519048910, 1519048910, 3),
(676, 'tb_candidato', '163', 'fernanda.santos2', 1519049020, 1519049020, 3),
(677, 'tb_entrevista', '117', 'rafael.silva2', 1519049079, 1524689807, 3),
(678, 'tb_entrevista', '118', 'rafael.silva2', 1519049118, 1524689965, 3),
(679, 'tb_entrevista', '119', 'rafael.silva2', 1519049147, 1524690051, 3),
(680, 'tb_entrevista', '120', 'estefane.braga', 1519049175, 1524690054, 3),
(681, 'tb_empresa', '34', 'cintia.haoach', 1519062229, 1519834187, 4),
(682, 'tb_contato', '20', 'cintia.haoach', 1519062313, 1519062313, 4),
(683, 'tb_contrato', '1', 'cintia.haoach', 1519062364, 1519062364, 4),
(684, 'tb_acompanhamento', '1', 'cintia.haoach', 1519062413, 1519062413, 4),
(685, 'tb_atendimento', '63', 'cintia.haoach', 1519064330, 1519064330, 4),
(686, 'tb_atendimento', '64', 'cintia.haoach', 1519064397, 1519064397, 4),
(687, 'tb_atendimento', '65', 'cintia.haoach', 1519064450, 1519064450, 4),
(688, 'tb_atendimento', '66', 'cintia.haoach', 1519064516, 1519064516, 4),
(689, 'tb_atendimento', '67', 'cintia.haoach', 1519064598, 1519064598, 4),
(690, 'tb_contratacao', '14', 'daiane.vieira', 1519065137, 1519065137, 3),
(691, 'tb_acompanhamento_colaborador', '1', 'cintia.haoach', 1519065252, 1519065252, 4),
(692, 'tb_atendimento', '68', 'cintia.haoach', 1519065322, 1519065322, 4),
(693, 'tb_atendimento', '69', 'cintia.haoach', 1519065637, 1519065637, 4),
(694, 'tb_atendimento', '70', 'cintia.haoach', 1519065686, 1519065686, 4),
(695, 'tb_atendimento', '71', 'cintia.haoach', 1519066115, 1519066115, 4),
(696, 'tb_contato', '21', 'cintia.haoach', 1519066183, 1519066183, 4),
(697, 'tb_atendimento', '72', 'cintia.haoach', 1519066219, 1519066219, 4),
(698, 'tb_atendimento', '73', 'cintia.haoach', 1519066269, 1519066269, 4),
(699, 'tb_atendimento', '74', 'cintia.haoach', 1519066503, 1519066503, 4),
(700, 'tb_contato', '22', 'cintia.haoach', 1519066761, 1519067592, 4),
(701, 'tb_atendimento', '75', 'cintia.haoach', 1519067637, 1519067637, 4),
(702, 'tb_atendimento', '76', 'cintia.haoach', 1519067719, 1519067719, 4),
(703, 'tb_atendimento', '77', 'cintia.haoach', 1519067918, 1519067918, 4),
(704, 'tb_contato', '23', 'cintia.haoach', 1519068237, 1519068237, 4),
(705, 'tb_atendimento', '78', 'cintia.haoach', 1519068286, 1519068286, 4),
(706, 'tb_vaga', '47', 'daiane.vieira', 1519068394, 1526672413, 3),
(707, 'tb_atendimento', '79', 'cintia.haoach', 1519068476, 1519068476, 4),
(708, 'tb_atendimento', '80', 'cintia.haoach', 1519068626, 1519068626, 4),
(709, 'tb_contato', '24', 'cintia.haoach', 1519068696, 1519068744, 4),
(710, 'tb_alocacao', '22', 'daiane.vieira', 1519068708, 1520539480, 3),
(711, 'tb_atendimento', '81', 'cintia.haoach', 1519068794, 1519068794, 4),
(712, 'tb_vaga', '48', 'daiane.vieira', 1519068821, 1520435270, 3),
(713, 'tb_contato', '25', 'cintia.haoach', 1519068833, 1519068833, 4),
(714, 'tb_empresa', '35', 'cintia.haoach', 1519069030, 1519069030, 4),
(715, 'tb_contato', '26', 'cintia.haoach', 1519069057, 1519069085, 4),
(716, 'tb_atendimento', '82', 'cintia.haoach', 1519069119, 1519069119, 4),
(717, 'tb_empresa', '36', 'cintia.haoach', 1519069156, 1519834169, 4),
(718, 'tb_contato', '27', 'cintia.haoach', 1519069180, 1519069180, 4),
(719, 'tb_atendimento', '83', 'cintia.haoach', 1519069249, 1519069249, 4),
(720, 'tb_empresa', '37', 'cintia.haoach', 1519069290, 1519834245, 4),
(721, 'tb_contato', '28', 'cintia.haoach', 1519069327, 1519069327, 4),
(722, 'tb_oportunidade', '20', 'cintia.haoach', 1519069450, 1519069450, 4),
(723, 'tb_atendimento', '84', 'cintia.haoach', 1519069505, 1519069505, 4),
(724, 'tb_atendimento', '85', 'cintia.haoach', 1519069549, 1519069549, 4),
(725, 'tb_atendimento', '86', 'cintia.haoach', 1519069680, 1519069680, 4),
(726, 'tb_atendimento', '87', 'cintia.haoach', 1519069761, 1519069761, 4);
INSERT INTO `membership_userrecords` (`recID`, `tableName`, `pkValue`, `memberID`, `dateAdded`, `dateUpdated`, `groupID`) VALUES
(727, 'tb_empresa', '38', 'cintia.haoach', 1519069842, 1519069842, 4),
(728, 'tb_contato', '29', 'cintia.haoach', 1519069876, 1519069876, 4),
(729, 'tb_atendimento', '88', 'cintia.haoach', 1519069925, 1519069925, 4),
(730, 'tb_atendimento', '89', 'cintia.haoach', 1519069972, 1519069972, 4),
(731, 'tb_atendimento', '90', 'cintia.haoach', 1519070060, 1519070060, 4),
(732, 'tb_atendimento', '91', 'cintia.haoach', 1519070103, 1519070103, 4),
(733, 'tb_empresa', '39', 'cintia.haoach', 1519070150, 1519070150, 4),
(734, 'tb_contato', '30', 'cintia.haoach', 1519070174, 1520970614, 4),
(735, 'tb_oportunidade', '21', 'cintia.haoach', 1519070271, 1519070271, 4),
(736, 'tb_atendimento', '92', 'cintia.haoach', 1519070325, 1519070325, 4),
(737, 'tb_contato', '31', 'cintia.haoach', 1519133181, 1519133695, 4),
(738, 'tb_atendimento', '93', 'cintia.haoach', 1519135811, 1519135811, 4),
(739, 'tb_atendimento', '94', 'cintia.haoach', 1519135842, 1519135842, 4),
(740, 'tb_atendimento', '95', 'cintia.haoach', 1519136549, 1519136549, 4),
(741, 'tb_atendimento', '96', 'cintia.haoach', 1519136609, 1519136609, 4),
(742, 'tb_atendimento', '97', 'cintia.haoach', 1519136651, 1519136651, 4),
(743, 'tb_atendimento', '98', 'cintia.haoach', 1519136896, 1519136896, 4),
(744, 'tb_atendimento', '99', 'cintia.haoach', 1519136931, 1519136931, 4),
(745, 'tb_atendimento', '100', 'cintia.haoach', 1519137044, 1519137044, 4),
(746, 'tb_atendimento', '101', 'cintia.haoach', 1519137108, 1519137108, 4),
(747, 'tb_contato', '32', 'cintia.haoach', 1519137166, 1519137166, 4),
(748, 'tb_atendimento', '102', 'cintia.haoach', 1519137198, 1519137198, 4),
(749, 'tb_atendimento', '103', 'cintia.haoach', 1519137573, 1519137573, 4),
(750, 'tb_atendimento', '104', 'cintia.haoach', 1519137682, 1519137682, 4),
(751, 'tb_atendimento', '105', 'cintia.haoach', 1519137722, 1519137722, 4),
(903, 'tb_empresa', '44', 'dbastreghi', 1520542074, 1520542074, 2),
(753, 'tb_contato', '33', 'cintia.haoach', 1519137781, 1520540588, 4),
(754, 'tb_atendimento', '106', 'cintia.haoach', 1519137832, 1519137832, 4),
(755, 'tb_atendimento', '107', 'cintia.haoach', 1519137865, 1520540686, 4),
(756, 'tb_atendimento', '108', 'cintia.haoach', 1519137944, 1519137944, 4),
(757, 'tb_atendimento', '109', 'cintia.haoach', 1519138009, 1519138009, 4),
(758, 'tb_atendimento', '110', 'cintia.haoach', 1519138070, 1519138070, 4),
(759, 'tb_contato', '34', 'cintia.haoach', 1519138137, 1519138137, 4),
(760, 'tb_oportunidade', '22', 'cintia.haoach', 1519138275, 1519245459, 4),
(761, 'tb_atendimento', '111', 'cintia.haoach', 1519138315, 1519138315, 4),
(762, 'tb_atendimento', '112', 'cintia.haoach', 1519138470, 1519138470, 4),
(763, 'tb_atendimento', '113', 'cintia.haoach', 1519138536, 1519138536, 4),
(764, 'tb_atendimento', '114', 'cintia.haoach', 1519138631, 1519138631, 4),
(765, 'tb_atendimento', '115', 'cintia.haoach', 1519138670, 1519138670, 4),
(766, 'tb_atendimento', '116', 'cintia.haoach', 1519138732, 1519138732, 4),
(767, 'tb_atendimento', '117', 'cintia.haoach', 1519138787, 1519138787, 4),
(768, 'tb_atendimento', '118', 'cintia.haoach', 1519138851, 1519138851, 4),
(769, 'tb_contato', '35', 'cintia.haoach', 1519140543, 1519140543, 4),
(770, 'tb_atendimento', '119', 'cintia.haoach', 1519140578, 1519140578, 4),
(771, 'tb_atendimento', '120', 'cintia.haoach', 1519140636, 1519140636, 4),
(772, 'tb_atendimento', '121', 'cintia.haoach', 1519140682, 1519140682, 4),
(773, 'tb_atendimento', '122', 'cintia.haoach', 1519140747, 1519140747, 4),
(774, 'tb_candidato', '164', 'fernanda.santos2', 1519149341, 1519149341, 3),
(775, 'tb_entrevista', '121', 'rafael.silva2', 1519149401, 1524690155, 3),
(776, 'tb_contratacao', '15', 'fernanda.santos2', 1519149475, 1519149475, 3),
(777, 'tb_atendimento', '123', 'cintia.haoach', 1519234716, 1519234716, 4),
(778, 'tb_atendimento', '124', 'cintia.haoach', 1519234904, 1519234904, 4),
(779, 'tb_candidato', '165', 'hadelen.lima', 1519236464, 1519236464, 3),
(780, 'tb_candidato', '166', 'hadelen.lima', 1519236525, 1519236525, 3),
(781, 'tb_candidato', '167', 'hadelen.lima', 1519236557, 1519236557, 3),
(782, 'tb_candidato', '168', 'hadelen.lima', 1519236589, 1519236589, 3),
(783, 'tb_candidato', '169', 'hadelen.lima', 1519236754, 1519743885, 3),
(784, 'tb_entrevista', '122', 'estefane.braga', 1519236920, 1524777152, 3),
(785, 'tb_entrevista', '123', 'estefane.braga', 1519236963, 1524777192, 3),
(786, 'tb_vaga', '49', 'hadelen.lima', 1519237692, 1520444429, 3),
(787, 'tb_candidato', '170', 'hadelen.lima', 1519237740, 1519237740, 3),
(788, 'tb_entrevista', '124', 'estefane.braga', 1519237839, 1524827103, 3),
(789, 'tb_atendimento', '125', 'cintia.haoach', 1519237936, 1519237936, 4),
(790, 'tb_atendimento', '126', 'cintia.haoach', 1519237976, 1520539733, 4),
(791, 'tb_entrevista', '125', 'estefane.braga', 1519243723, 1524858485, 3),
(792, 'tb_atendimento', '127', 'cintia.haoach', 1519302259, 1519302259, 4),
(793, 'tb_atendimento', '128', 'cintia.haoach', 1519302300, 1519302300, 4),
(794, 'tb_candidato', '171', 'hadelen.lima', 1519310124, 1519743900, 3),
(795, 'tb_entrevista', '126', 'hadelen.lima', 1519310162, 1519416746, 3),
(796, 'tb_vaga', '50', 'daiane.vieira', 1519410357, 1521813224, 3),
(797, 'tb_vaga', '51', 'daiane.vieira', 1519411222, 1521212612, 3),
(798, 'tb_contratacao', '16', 'daiane.vieira', 1519411514, 1519411514, 3),
(799, 'tb_entrevista', '127', 'hadelen.lima', 1519416714, 1519416714, 3),
(800, 'tb_entrevista', '128', 'hadelen.lima', 1519416797, 1519743854, 3),
(801, 'tb_empresa', '41', 'cintia.haoach', 1519647306, 1519647306, 4),
(802, 'tb_contato', '36', 'cintia.haoach', 1519647336, 1519647336, 4),
(803, 'tb_empresa', '42', 'cintia.haoach', 1519647358, 1519647358, 4),
(804, 'tb_contato', '37', 'cintia.haoach', 1519647421, 1519647619, 4),
(805, 'tb_oportunidade', '23', 'cintia.haoach', 1519647725, 1523972533, 4),
(806, 'tb_oportunidade', '24', 'cintia.haoach', 1519647975, 1519647975, 4),
(807, 'tb_atendimento', '129', 'cintia.haoach', 1519649809, 1520540667, 4),
(808, 'tb_candidato', '172', 'hadelen.lima', 1519743605, 1519743605, 3),
(809, 'tb_candidato', '173', 'hadelen.lima', 1519743640, 1519743640, 3),
(810, 'tb_candidato', '174', 'hadelen.lima', 1519743676, 1519743676, 3),
(811, 'tb_candidato', '175', 'hadelen.lima', 1519743703, 1519743703, 3),
(812, 'tb_entrevista', '129', 'fernanda.santos2', 1519743768, 1524860450, 3),
(813, 'tb_entrevista', '130', 'fernanda.santos2', 1519743802, 1524860515, 3),
(814, 'tb_vaga', '52', 'hadelen.lima', 1519744049, 1527274961, 3),
(815, 'tb_candidato', '176', 'hadelen.lima', 1519756776, 1519756776, 3),
(816, 'tb_candidato', '177', 'hadelen.lima', 1519756810, 1519756810, 3),
(821, 'tb_recrutador', '7', 'dbastreghi', 1519911638, 1519911638, 2),
(818, 'tb_entrevista', '131', 'fernanda.santos2', 1519761587, 1524860592, 3),
(819, 'tb_entrevista', '132', 'fernanda.santos2', 1519761748, 1524860617, 3),
(820, 'tb_candidato', '178', 'hadelen.lima', 1519761830, 1519761830, 3),
(822, 'tb_recrutador', '8', 'dbastreghi', 1519911660, 1519911660, 2),
(823, 'tb_recrutador', '9', 'dbastreghi', 1519911732, 1519911732, 2),
(824, 'tb_recrutador', '10', 'dbastreghi', 1519911742, 1519911742, 2),
(825, 'tb_fatura', '2', 'dbastreghi', 1519912877, 1519913186, 2),
(826, 'tb_fatura', '3', 'dbastreghi', 1519913434, 1519913434, 2),
(827, 'tb_empresa', '43', 'cintia.haoach', 1519923264, 1519923264, 4),
(828, 'tb_contato', '38', 'cintia.haoach', 1519923298, 1519923298, 4),
(829, 'tb_vaga', '53', 'fernanda.santos2', 1519928413, 1528201130, 3),
(830, 'tb_alocacao', '23', 'fernanda.santos2', 1519928634, 1520540268, 3),
(831, 'tb_vaga', '54', 'fernanda.santos2', 1519928908, 1526578148, 3),
(832, 'tb_vaga', '55', 'fernanda.santos2', 1519928960, 1522174937, 3),
(833, 'tb_candidato', '179', 'hadelen.lima', 1519932803, 1519932803, 3),
(834, 'tb_entrevista', '133', 'rafael.silva2', 1519932838, 1524861345, 3),
(835, 'tb_entrevista', '134', 'hadelen.lima', 1519932882, 1520012225, 3),
(836, 'tb_entrevista', '135', 'hadelen.lima', 1519932979, 1520012294, 3),
(837, 'tb_candidato', '180', 'fernanda.santos2', 1520268229, 1520268229, 3),
(838, 'tb_entrevista', '136', 'hadelen.lima', 1520268299, 1525112413, 3),
(839, 'tb_candidato', '181', 'fernanda.santos2', 1520268390, 1520268390, 3),
(840, 'tb_entrevista', '137', 'fernanda.santos2', 1520268420, 1520268420, 3),
(841, 'tb_vaga', '56', 'hadelen.lima', 1520270241, 1521729938, 3),
(842, 'tb_entrevista', '138', 'fernanda.santos2', 1520271568, 1525119276, 3),
(843, 'tb_entrevista', '139', 'fernanda.santos2', 1520272272, 1525119316, 3),
(844, 'tb_candidato', '182', 'hadelen.lima', 1520272299, 1520272299, 3),
(845, 'tb_contato', '39', 'cintia.haoach', 1520272489, 1520539406, 4),
(846, 'tb_oportunidade', '25', 'cintia.haoach', 1520272559, 1520539445, 4),
(847, 'tb_candidato', '183', 'hadelen.lima', 1520279691, 1520279691, 3),
(848, 'tb_candidato', '184', 'hadelen.lima', 1520349560, 1520349560, 3),
(849, 'tb_entrevista', '140', 'fernanda.santos2', 1520358520, 1525119363, 3),
(850, 'tb_candidato', '185', 'ana.santos', 1520446033, 1520446045, 3),
(851, 'tb_candidato', '186', 'camila.valt', 1520446136, 1520446136, 3),
(852, 'tb_entrevista', '141', 'fernanda.santos2', 1520446325, 1525119483, 3),
(853, 'tb_candidato', '187', 'ana.santos', 1520446495, 1520447238, 3),
(854, 'tb_contrato', '2', 'cintia.haoach', 1520454441, 1520454440, 4),
(855, 'tb_contato', '40', 'cintia.haoach', 1520454493, 1520454493, 4),
(905, 'tb_entrevista', '1', 'camila.valt', 1520542864, 1520542864, 3),
(857, 'tb_vaga', '57', 'camila.valt', 1520455963, 1522080047, 3),
(858, 'tb_acompanhamento', '2', 'cintia.haoach', 1520457105, 1520457105, 4),
(859, 'tb_entrevista', '142', 'hadelen.lima', 1520521698, 1520521698, 3),
(860, 'tb_candidato', '188', 'hadelen.lima', 1520521750, 1520521750, 3),
(861, 'tb_candidato', '189', 'fernanda.santos2', 1520531086, 1520531086, 3),
(862, 'tb_entrevista', '143', 'rafael.silva2', 1520531121, 1525293917, 3),
(863, 'tb_candidato', '190', 'fernanda.santos2', 1520532741, 1520532741, 3),
(864, 'tb_entrevista', '144', 'estefane.braga', 1520532792, 1525347074, 3),
(865, 'tb_atendimento', '130', 'cintia.haoach', 1520534480, 1520534480, 4),
(866, 'tb_atendimento', '131', 'cintia.haoach', 1520534517, 1520540647, 4),
(867, 'tb_contato', '41', 'cintia.haoach', 1520534735, 1520534735, 4),
(868, 'tb_atendimento', '132', 'cintia.haoach', 1520534838, 1520534838, 4),
(869, 'tb_atendimento', '133', 'cintia.haoach', 1520534895, 1520534895, 4),
(870, 'tb_atendimento', '134', 'cintia.haoach', 1520534958, 1520534958, 4),
(871, 'tb_atendimento', '135', 'cintia.haoach', 1520535399, 1520535399, 4),
(872, 'tb_atendimento', '136', 'cintia.haoach', 1520535441, 1520535441, 4),
(873, 'tb_atendimento', '137', 'cintia.haoach', 1520535486, 1520535486, 4),
(874, 'tb_atendimento', '138', 'cintia.haoach', 1520535516, 1520535516, 4),
(875, 'tb_atendimento', '139', 'cintia.haoach', 1520535572, 1520535572, 4),
(876, 'tb_atendimento', '140', 'cintia.haoach', 1520535606, 1520535606, 4),
(877, 'tb_atendimento', '141', 'cintia.haoach', 1520535712, 1520535712, 4),
(878, 'tb_oportunidade', '26', 'cintia.haoach', 1520535768, 1520535768, 4),
(879, 'tb_atendimento', '142', 'cintia.haoach', 1520536455, 1520539568, 4),
(880, 'tb_atendimento', '143', 'cintia.haoach', 1520536490, 1520536490, 4),
(881, 'tb_contato', '42', 'cintia.haoach', 1520536522, 1520536522, 4),
(882, 'tb_atendimento', '144', 'cintia.haoach', 1520536636, 1520536636, 4),
(883, 'tb_atendimento', '145', 'cintia.haoach', 1520536668, 1520536668, 4),
(884, 'tb_contato', '43', 'cintia.haoach', 1520536730, 1520536848, 4),
(885, 'tb_atendimento', '146', 'cintia.haoach', 1520536909, 1520536909, 4),
(886, 'tb_atendimento', '147', 'cintia.haoach', 1520537080, 1520537080, 4),
(887, 'tb_atendimento', '148', 'cintia.haoach', 1520537111, 1520537111, 4),
(888, 'tb_atendimento', '149', 'cintia.haoach', 1520537299, 1520537299, 4),
(889, 'tb_atendimento', '150', 'cintia.haoach', 1520537364, 1520537364, 4),
(890, 'tb_atendimento', '151', 'cintia.haoach', 1520537395, 1520537395, 4),
(891, 'tb_atendimento', '152', 'cintia.haoach', 1520537438, 1520537438, 4),
(892, 'tb_contato', '44', 'cintia.haoach', 1520537478, 1520537478, 4),
(893, 'tb_atendimento', '153', 'cintia.haoach', 1520537506, 1520537506, 4),
(894, 'tb_atendimento', '154', 'cintia.haoach', 1520537594, 1520537594, 4),
(895, 'tb_atendimento', '155', 'cintia.haoach', 1520537638, 1520537638, 4),
(896, 'tb_atendimento', '156', 'cintia.haoach', 1520537687, 1520537687, 4),
(897, 'tb_atendimento', '157', 'cintia.haoach', 1520537715, 1520973839, 4),
(898, 'tb_atendimento', '158', 'cintia.haoach', 1520537753, 1520537753, 4),
(899, 'tb_candidato', '191', 'hadelen.lima', 1520537766, 1520537766, 3),
(900, 'tb_atendimento', '159', 'cintia.haoach', 1520537805, 1520537805, 4),
(901, 'tb_entrevista', '145', 'fernanda.santos2', 1520537808, 1525355334, 3),
(902, 'tb_atendimento', '160', 'cintia.haoach', 1520537856, 1520540630, 4),
(907, 'tb_entrevista', '3', 'fernanda.santos2', 1520602166, 1520602166, 3),
(908, 'tb_entrevista', '13', 'fernanda.santos2', 1520871389, 1520871389, 3),
(909, 'tb_vaga', '58', 'fernanda.santos2', 1520946732, 1529440836, 3),
(910, 'tb_vaga', '59', 'camila.valt', 1520947403, 1520947403, 3),
(911, 'tb_empresa', '45', 'cintia.haoach', 1520970497, 1520970497, 4),
(912, 'tb_contato', '45', 'cintia.haoach', 1520970528, 1520970528, 4),
(913, 'tb_oportunidade', '27', 'cintia.haoach', 1520970707, 1523915853, 4),
(914, 'tb_atendimento', '161', 'cintia.haoach', 1520970749, 1520970749, 4),
(915, 'tb_atendimento', '162', 'cintia.haoach', 1520970779, 1520970779, 4),
(916, 'tb_atendimento', '163', 'cintia.haoach', 1520970811, 1520970811, 4),
(917, 'tb_atendimento', '164', 'cintia.haoach', 1520970846, 1520970846, 4),
(918, 'tb_atendimento', '165', 'cintia.haoach', 1520970873, 1520970873, 4),
(919, 'tb_empresa', '46', 'cintia.haoach', 1520970895, 1520970895, 4),
(920, 'tb_contato', '46', 'cintia.haoach', 1520970935, 1520970935, 4),
(921, 'tb_oportunidade', '28', 'cintia.haoach', 1520970983, 1523915869, 4),
(922, 'tb_atendimento', '166', 'cintia.haoach', 1520971033, 1520971033, 4),
(923, 'tb_atendimento', '167', 'cintia.haoach', 1520971173, 1520971173, 4),
(924, 'tb_oportunidade', '29', 'cintia.haoach', 1520971264, 1520971264, 4),
(925, 'tb_atendimento', '168', 'cintia.haoach', 1520971317, 1520971317, 4),
(926, 'tb_oportunidade', '30', 'cintia.haoach', 1520971382, 1523915716, 4),
(927, 'tb_empresa', '47', 'cintia.haoach', 1520971402, 1520971402, 4),
(928, 'tb_contato', '47', 'cintia.haoach', 1520971450, 1520971450, 4),
(929, 'tb_atendimento', '169', 'cintia.haoach', 1520971489, 1520971489, 4),
(930, 'tb_atendimento', '170', 'cintia.haoach', 1520971515, 1520971515, 4),
(931, 'tb_atendimento', '171', 'cintia.haoach', 1520971549, 1520971549, 4),
(932, 'tb_oportunidade', '31', 'cintia.haoach', 1520971602, 1523916081, 4),
(933, 'tb_atendimento', '172', 'cintia.haoach', 1520973826, 1520973826, 4),
(934, 'tb_atendimento', '173', 'cintia.haoach', 1520973885, 1520973885, 4),
(935, 'tb_atendimento', '174', 'cintia.haoach', 1520973993, 1520973993, 4),
(936, 'tb_atendimento', '175', 'cintia.haoach', 1520974038, 1520974038, 4),
(937, 'tb_empresa', '48', 'cintia.haoach', 1520974136, 1520974136, 4),
(938, 'tb_contato', '48', 'cintia.haoach', 1520974199, 1523976450, 4),
(939, 'tb_oportunidade', '32', 'cintia.haoach', 1520974254, 1523915813, 4),
(940, 'tb_atendimento', '176', 'cintia.haoach', 1520974285, 1520974285, 4),
(941, 'tb_vaga', '60', 'camila.valt', 1521042517, 1521221445, 3),
(942, 'tb_recrutador', '11', 'ana.santos', 1521060896, 1524250116, 3),
(1296, 'tb_vaga', '103', 'hadelen.lima', 1524860040, 1524860084, 3),
(946, 'tb_vaga', '63', 'fernanda.santos2', 1521234652, 1523885323, 3),
(947, 'tb_entrevista', '38', 'camila.valt', 1521235386, 1521235386, 3),
(948, 'tb_entrevista', '39', 'fernanda.santos2', 1521465493, 1521465493, 3),
(949, 'tb_vaga', '64', 'camila.valt', 1521471794, 1523642407, 3),
(950, 'tb_entrevista', '40', 'fernanda.santos2', 1521484747, 1521484747, 3),
(951, 'tb_contratacao', '14', 'dbastreghi', 1521549822, 1521549822, 2),
(952, 'tb_contratacao', '17', 'dbastreghi', 1521549822, 1528313387, 2),
(953, 'tb_contratacao', '18', 'dbastreghi', 1521549822, 1522021218, 2),
(1723, 'tb_vaga', '126', 'rafael.silva2', 1528384818, 1528384818, 3),
(955, 'tb_contratacao', '20', 'dbastreghi', 1521549822, 1522021088, 2),
(956, 'tb_contratacao', '21', 'dbastreghi', 1521549822, 1528311382, 2),
(957, 'tb_contratacao', '22', 'dbastreghi', 1521549822, 1528311799, 2),
(959, 'tb_contratacao', '24', 'dbastreghi', 1521549822, 1522020953, 2),
(961, 'tb_contratacao', '26', 'dbastreghi', 1521549822, 1522021419, 2),
(962, 'tb_contratacao', '27', 'dbastreghi', 1521549822, 1524497093, 2),
(963, 'tb_contratacao', '28', 'dbastreghi', 1521549822, 1522021475, 2),
(964, 'tb_contratacao', '29', 'dbastreghi', 1521549822, 1524497230, 2),
(965, 'tb_contratacao', '30', 'dbastreghi', 1521549822, 1522021531, 2),
(966, 'tb_contratacao', '31', 'dbastreghi', 1521549822, 1528383621, 2),
(1725, 'tb_entrevista', '267', 'fernanda.santos2', 1528392676, 1528392676, 3),
(968, 'tb_contratacao', '33', 'dbastreghi', 1521549822, 1522021345, 2),
(969, 'tb_contratacao', '34', 'dbastreghi', 1521549822, 1528377820, 2),
(970, 'tb_contratacao', '35', 'dbastreghi', 1521549822, 1521549822, 2),
(971, 'tb_contratacao', '36', 'dbastreghi', 1521549822, 1521549822, 2),
(972, 'tb_contratacao', '37', 'dbastreghi', 1521549822, 1524497275, 2),
(1760, 'tb_ajuste_colaborador', '59', 'michele.novicki', 1528477912, 1528477912, 3),
(975, 'tb_contratacao', '40', 'dbastreghi', 1521549822, 1528384431, 2),
(976, 'tb_contratacao', '41', 'dbastreghi', 1521549822, 1521549822, 2),
(1741, 'tb_ajuste_colaborador', '41', 'michele.novicki', 1528470188, 1528982425, 3),
(1152, 'tb_ajuste_colaborador', '11', 'michele.novicki', 1523214141, 1523214141, 3),
(980, 'tb_contratacao', '45', 'dbastreghi', 1521549822, 1521549822, 2),
(981, 'tb_contratacao', '46', 'dbastreghi', 1521549822, 1521549822, 2),
(1112, 'tb_contrato', '3', 'cintia.haoach', 1522074855, 1522074855, 4),
(983, 'tb_contratacao', '48', 'dbastreghi', 1521549822, 1521549822, 2),
(984, 'tb_contratacao', '49', 'dbastreghi', 1521549822, 1521549822, 2),
(985, 'tb_contratacao', '50', 'dbastreghi', 1521549822, 1521549822, 2),
(986, 'tb_contratacao', '51', 'dbastreghi', 1521549822, 1528311913, 2),
(987, 'tb_contratacao', '52', 'dbastreghi', 1521549822, 1528377639, 2),
(988, 'tb_contratacao', '53', 'dbastreghi', 1521549822, 1524497158, 2),
(989, 'tb_contratacao', '54', 'dbastreghi', 1521549822, 1521549822, 2),
(990, 'tb_contratacao', '55', 'dbastreghi', 1521549822, 1522022145, 2),
(991, 'tb_contratacao', '56', 'dbastreghi', 1521549822, 1521549822, 2),
(993, 'tb_contratacao', '58', 'dbastreghi', 1521549822, 1521549822, 2),
(994, 'tb_contratacao', '59', 'dbastreghi', 1521549822, 1521549822, 2),
(995, 'tb_contratacao', '60', 'dbastreghi', 1521549822, 1521549822, 2),
(996, 'tb_contratacao', '61', 'dbastreghi', 1521549822, 1528377688, 2),
(997, 'tb_contratacao', '62', 'dbastreghi', 1521549822, 1528311998, 2),
(998, 'tb_contratacao', '63', 'dbastreghi', 1521549822, 1521549822, 2),
(999, 'tb_contratacao', '64', 'dbastreghi', 1521549822, 1521549822, 2),
(1761, 'tb_ajuste_colaborador', '60', 'michele.novicki', 1528478036, 1528478036, 3),
(1727, 'tb_entrevista', '269', 'fernanda.santos2', 1528392898, 1528392898, 3),
(1002, 'tb_contratacao', '67', 'dbastreghi', 1521549822, 1521549822, 2),
(1726, 'tb_entrevista', '268', 'fernanda.santos2', 1528392785, 1528392785, 3),
(1006, 'tb_contratacao', '71', 'dbastreghi', 1521549822, 1521549822, 2),
(1007, 'tb_contratacao', '72', 'dbastreghi', 1521549822, 1521549822, 2),
(1008, 'tb_contratacao', '73', 'dbastreghi', 1521549822, 1521549822, 2),
(1009, 'tb_contratacao', '74', 'dbastreghi', 1521549822, 1521549822, 2),
(1010, 'tb_contratacao', '75', 'dbastreghi', 1521549822, 1521549822, 2),
(1011, 'tb_contratacao', '76', 'dbastreghi', 1521549822, 1521549822, 2),
(1012, 'tb_contratacao', '77', 'dbastreghi', 1521549822, 1522022109, 2),
(1013, 'tb_contratacao', '78', 'dbastreghi', 1521549822, 1528396791, 2),
(1014, 'tb_contratacao', '79', 'dbastreghi', 1521549822, 1521549822, 2),
(1015, 'tb_contratacao', '80', 'dbastreghi', 1521549822, 1521549822, 2),
(1724, 'tb_entrevista', '266', 'hadelen.lima', 1528392159, 1528395325, 3),
(1110, 'tb_contratacao', '169', 'michele.novicki', 1522022075, 1522022075, 3),
(1018, 'tb_contratacao', '83', 'dbastreghi', 1521549822, 1521549822, 2),
(1019, 'tb_contratacao', '84', 'dbastreghi', 1521549822, 1521549822, 2),
(1020, 'tb_contratacao', '85', 'dbastreghi', 1521549822, 1521549822, 2),
(1021, 'tb_contratacao', '86', 'dbastreghi', 1521549822, 1528394993, 2),
(1022, 'tb_contratacao', '87', 'dbastreghi', 1521549822, 1522022096, 2),
(1023, 'tb_contratacao', '88', 'dbastreghi', 1521549822, 1521549822, 2),
(1024, 'tb_contratacao', '89', 'dbastreghi', 1521549822, 1521549822, 2),
(1025, 'tb_contratacao', '90', 'dbastreghi', 1521549822, 1521549822, 2),
(1026, 'tb_contratacao', '91', 'dbastreghi', 1521549822, 1521549822, 2),
(1027, 'tb_contratacao', '92', 'dbastreghi', 1521549822, 1521549822, 2),
(1028, 'tb_contratacao', '93', 'dbastreghi', 1521549822, 1528312307, 2),
(1029, 'tb_contratacao', '94', 'dbastreghi', 1521549822, 1522021953, 2),
(1030, 'tb_contratacao', '95', 'dbastreghi', 1521549822, 1521549822, 2),
(1031, 'tb_contratacao', '96', 'dbastreghi', 1521549822, 1528313819, 2),
(1032, 'tb_contratacao', '97', 'dbastreghi', 1521549822, 1521549822, 2),
(1033, 'tb_contratacao', '98', 'dbastreghi', 1521549822, 1528377905, 2),
(1034, 'tb_contratacao', '99', 'dbastreghi', 1521549822, 1521549822, 2),
(1035, 'tb_contratacao', '100', 'dbastreghi', 1521549822, 1521549822, 2),
(1036, 'tb_contratacao', '101', 'dbastreghi', 1521549822, 1521549822, 2),
(1037, 'tb_contratacao', '102', 'dbastreghi', 1521549822, 1528312414, 2),
(1038, 'tb_contratacao', '103', 'dbastreghi', 1521549822, 1521549822, 2),
(1039, 'tb_contratacao', '104', 'dbastreghi', 1521549822, 1522021903, 2),
(1040, 'tb_contratacao', '105', 'dbastreghi', 1521549822, 1521549822, 2),
(1041, 'tb_contratacao', '106', 'dbastreghi', 1521549822, 1524497250, 2),
(1042, 'tb_contratacao', '107', 'dbastreghi', 1521549822, 1521549822, 2),
(1043, 'tb_contratacao', '108', 'dbastreghi', 1521549822, 1521549822, 2),
(1044, 'tb_contratacao', '109', 'dbastreghi', 1521549822, 1528377964, 2),
(1045, 'tb_contratacao', '110', 'dbastreghi', 1521549822, 1521549822, 2),
(1046, 'tb_contratacao', '111', 'dbastreghi', 1521549822, 1521549822, 2),
(1047, 'tb_contratacao', '112', 'dbastreghi', 1521549822, 1521549822, 2),
(1048, 'tb_contratacao', '113', 'dbastreghi', 1521549822, 1521549822, 2),
(1049, 'tb_contratacao', '114', 'dbastreghi', 1521549822, 1521549822, 2),
(1050, 'tb_contratacao', '115', 'dbastreghi', 1521549822, 1521549822, 2),
(1051, 'tb_contratacao', '116', 'dbastreghi', 1521549822, 1521549822, 2),
(1052, 'tb_contratacao', '117', 'dbastreghi', 1521549822, 1528313885, 2),
(1053, 'tb_contratacao', '118', 'dbastreghi', 1521549822, 1521549822, 2),
(1054, 'tb_contratacao', '119', 'dbastreghi', 1521549822, 1521549822, 2),
(1055, 'tb_contratacao', '120', 'dbastreghi', 1521549822, 1524497179, 2),
(1056, 'tb_contratacao', '121', 'dbastreghi', 1521549822, 1521549822, 2),
(1057, 'tb_contratacao', '122', 'dbastreghi', 1521549822, 1521549822, 2),
(1058, 'tb_contratacao', '123', 'dbastreghi', 1521549822, 1521549822, 2),
(1059, 'tb_contratacao', '124', 'dbastreghi', 1521549822, 1528313958, 2),
(1060, 'tb_contratacao', '125', 'dbastreghi', 1521549822, 1528378025, 2),
(1061, 'tb_contratacao', '126', 'dbastreghi', 1521549822, 1521549822, 2),
(1062, 'tb_contratacao', '127', 'dbastreghi', 1521549822, 1521549822, 2),
(1063, 'tb_contratacao', '128', 'dbastreghi', 1521549822, 1521549822, 2),
(1731, 'tb_contratacao', '202', 'michele.novicki', 1528397021, 1528397021, 3),
(1065, 'tb_contratacao', '130', 'dbastreghi', 1521549822, 1521549822, 2),
(1066, 'tb_contratacao', '131', 'dbastreghi', 1521549822, 1521549822, 2),
(1067, 'tb_contratacao', '132', 'dbastreghi', 1521549822, 1521549822, 2),
(1068, 'tb_contratacao', '133', 'dbastreghi', 1521549822, 1528313985, 2),
(1069, 'tb_contratacao', '134', 'dbastreghi', 1521549822, 1528312650, 2),
(1070, 'tb_contratacao', '135', 'dbastreghi', 1521549822, 1528376814, 2),
(1071, 'tb_contratacao', '136', 'dbastreghi', 1521549822, 1521549822, 2),
(1072, 'tb_contratacao', '137', 'dbastreghi', 1521549822, 1521549822, 2),
(1073, 'tb_contratacao', '138', 'dbastreghi', 1521549822, 1521549822, 2),
(1074, 'tb_contratacao', '139', 'dbastreghi', 1521549822, 1528376864, 2),
(1075, 'tb_contratacao', '140', 'dbastreghi', 1521549822, 1521549822, 2),
(1076, 'tb_contratacao', '141', 'dbastreghi', 1521549822, 1521549822, 2),
(1077, 'tb_contratacao', '142', 'dbastreghi', 1521549822, 1521549822, 2),
(1078, 'tb_contratacao', '143', 'dbastreghi', 1521549822, 1521549822, 2),
(1079, 'tb_contratacao', '144', 'dbastreghi', 1521549822, 1521549822, 2),
(1080, 'tb_contratacao', '145', 'dbastreghi', 1521549822, 1521549822, 2),
(1081, 'tb_contratacao', '146', 'dbastreghi', 1521549822, 1521549822, 2),
(1082, 'tb_contratacao', '147', 'dbastreghi', 1521549822, 1521549822, 2),
(1083, 'tb_contratacao', '148', 'dbastreghi', 1521549822, 1522022122, 2),
(1084, 'tb_contratacao', '149', 'dbastreghi', 1521549822, 1528377040, 2),
(1085, 'tb_contratacao', '150', 'dbastreghi', 1521549822, 1521549822, 2),
(1086, 'tb_contratacao', '151', 'dbastreghi', 1521549822, 1521549822, 2),
(1113, 'tb_vaga', '66', 'camila.valt', 1522080029, 1525799081, 3),
(1088, 'tb_contratacao', '153', 'dbastreghi', 1521549822, 1521549822, 2),
(1111, 'tb_empresa', '51', 'cintia.haoach', 1522074780, 1524069278, 4),
(1090, 'tb_contratacao', '155', 'dbastreghi', 1521549822, 1528378187, 2),
(1091, 'tb_contratacao', '156', 'dbastreghi', 1521549822, 1522022173, 2),
(1092, 'tb_contratacao', '157', 'dbastreghi', 1521549822, 1521549822, 2),
(1093, 'tb_contratacao', '158', 'dbastreghi', 1521549822, 1521549822, 2),
(1094, 'tb_contratacao', '159', 'dbastreghi', 1521549822, 1521549822, 2),
(1095, 'tb_contratacao', '160', 'dbastreghi', 1521549822, 1528312746, 2),
(1096, 'tb_contratacao', '161', 'dbastreghi', 1521549822, 1521549822, 2),
(1097, 'tb_contratacao', '162', 'dbastreghi', 1521549822, 1521549822, 2),
(1098, 'tb_contratacao', '163', 'dbastreghi', 1521549822, 1528312799, 2),
(1099, 'tb_contratacao', '164', 'dbastreghi', 1521549822, 1528378258, 2),
(1100, 'tb_contratacao', '165', 'dbastreghi', 1521549822, 1521549822, 2),
(1101, 'tb_contratacao', '166', 'dbastreghi', 1521549822, 1521549822, 2),
(1102, 'tb_contratacao', '167', 'dbastreghi', 1521549822, 1521549822, 2),
(1103, 'tb_contratacao', '168', 'dbastreghi', 1521549822, 1521549822, 2),
(1104, 'tb_empresa', '49', 'cintia.haoach', 1521577257, 1521577257, 4),
(1105, 'tb_contato', '49', 'cintia.haoach', 1521577281, 1521577281, 4),
(1106, 'tb_oportunidade', '33', 'cintia.haoach', 1521577311, 1524604327, 4),
(1107, 'tb_empresa', '50', 'cintia.haoach', 1521577899, 1521577899, 4),
(1108, 'tb_contato', '50', 'cintia.haoach', 1521577950, 1521577950, 4),
(1109, 'tb_vaga', '65', 'camila.valt', 1521663312, 1521663350, 3),
(1114, 'tb_alocacao', '26', 'camila.valt', 1522092661, 1522092661, 3),
(1115, 'tb_vaga', '67', 'camila.valt', 1522092908, 1522092908, 3),
(1116, 'tb_alocacao', '27', 'camila.valt', 1522173596, 1522173596, 3),
(1117, 'tb_vaga', '68', 'camila.valt', 1522173631, 1522866844, 3),
(1118, 'tb_vaga', '69', 'camila.valt', 1522173727, 1528146694, 3),
(1119, 'tb_vaga', '70', 'camila.valt', 1522173783, 1525960628, 3),
(1120, 'tb_vaga', '71', 'fernanda.santos2', 1522174667, 1526578019, 3),
(1121, 'tb_vaga', '72', 'hadelen.lima', 1522775687, 1525272486, 3),
(1122, 'tb_vaga', '73', 'hadelen.lima', 1522775718, 1525706450, 3),
(1123, 'tb_vaga', '74', 'hadelen.lima', 1522775750, 1523642382, 3),
(1124, 'tb_vaga', '75', 'hadelen.lima', 1522775775, 1523642368, 3),
(1125, 'tb_empresa', '52', 'anderson.martins', 1522933721, 1522934694, 4),
(1126, 'tb_contato', '51', 'anderson.martins', 1522934026, 1522934026, 4),
(1127, 'tb_oportunidade', '34', 'anderson.martins', 1522934131, 1522934131, 4),
(1128, 'tb_atendimento', '177', 'anderson.martins', 1522934218, 1522934227, 4),
(1129, 'tb_atendimento', '178', 'anderson.martins', 1522934380, 1522934380, 4),
(1130, 'tb_atendimento', '179', 'anderson.martins', 1522934477, 1522934477, 4),
(1131, 'tb_atendimento', '180', 'anderson.martins', 1522934614, 1522934614, 4),
(1132, 'tb_empresa', '53', 'anderson.martins', 1522934787, 1522934787, 4),
(1133, 'tb_contato', '52', 'anderson.martins', 1522934921, 1522934921, 4),
(1134, 'tb_contato', '53', 'anderson.martins', 1522935056, 1522935056, 4),
(1135, 'tb_contrato', '4', 'anderson.martins', 1522935441, 1522935441, 4),
(1136, 'tb_contrato', '5', 'anderson.martins', 1522935621, 1522935621, 4),
(1137, 'tb_contrato', '6', 'anderson.martins', 1522935797, 1522935797, 4),
(1138, 'tb_contrato', '7', 'anderson.martins', 1522935940, 1522935940, 4),
(1139, 'tb_acompanhamento', '3', 'anderson.martins', 1522936043, 1522936043, 4),
(1140, 'tb_vaga', '76', 'fernanda.santos2', 1522946986, 1523885223, 3),
(1141, 'tb_vaga', '77', 'fernanda.santos2', 1522947036, 1529439693, 3),
(1142, 'tb_ajuste_colaborador', '1', 'michele.novicki', 1523212755, 1528402453, 3),
(1143, 'tb_ajuste_colaborador', '2', 'michele.novicki', 1523213041, 1523213041, 3),
(1144, 'tb_ajuste_colaborador', '3', 'michele.novicki', 1523213070, 1523213070, 3),
(1145, 'tb_ajuste_colaborador', '4', 'michele.novicki', 1523213143, 1528981653, 3),
(1146, 'tb_ajuste_colaborador', '5', 'michele.novicki', 1523213389, 1528981910, 3),
(1147, 'tb_ajuste_colaborador', '6', 'michele.novicki', 1523213484, 1523213516, 3),
(1148, 'tb_ajuste_colaborador', '7', 'michele.novicki', 1523213657, 1523213657, 3),
(1149, 'tb_ajuste_colaborador', '8', 'michele.novicki', 1523213721, 1523213746, 3),
(1150, 'tb_ajuste_colaborador', '9', 'michele.novicki', 1523213788, 1523213788, 3),
(1151, 'tb_ajuste_colaborador', '10', 'michele.novicki', 1523213954, 1528982273, 3),
(1740, 'tb_ajuste_colaborador', '40', 'michele.novicki', 1528469727, 1528469727, 3),
(1739, 'tb_ajuste_colaborador', '39', 'michele.novicki', 1528469673, 1528469673, 3),
(1156, 'tb_ajuste_colaborador', '15', 'michele.novicki', 1523214593, 1523214604, 3),
(1157, 'tb_ajuste_colaborador', '16', 'michele.novicki', 1523214639, 1523214639, 3),
(1158, 'tb_ajuste_colaborador', '17', 'michele.novicki', 1523214706, 1523214706, 3),
(1159, 'tb_ajuste_colaborador', '18', 'michele.novicki', 1523214761, 1528982711, 3),
(1160, 'tb_ajuste_colaborador', '19', 'michele.novicki', 1523214870, 1523214870, 3),
(1771, 'tb_ajuste_colaborador', '70', 'michele.novicki', 1528479332, 1528479332, 3),
(1770, 'tb_ajuste_colaborador', '69', 'michele.novicki', 1528479180, 1528479180, 3),
(1777, 'tb_ajuste_colaborador', '76', 'michele.novicki', 1528482235, 1528482235, 3),
(1164, 'tb_ajuste_colaborador', '23', 'michele.novicki', 1523215226, 1528982927, 3),
(1165, 'tb_ajuste_colaborador', '24', 'michele.novicki', 1523215965, 1523215965, 3),
(1166, 'tb_ajuste_colaborador', '25', 'michele.novicki', 1523216032, 1523216032, 3),
(1167, 'tb_ajuste_colaborador', '26', 'michele.novicki', 1523216064, 1528983163, 3),
(1168, 'tb_ajuste_colaborador', '27', 'michele.novicki', 1523216105, 1528480310, 3),
(1169, 'tb_ajuste_colaborador', '28', 'michele.novicki', 1523216155, 1523216155, 3),
(1170, 'tb_ajuste_colaborador', '29', 'michele.novicki', 1523216195, 1528983294, 3),
(1171, 'tb_ajuste_colaborador', '30', 'michele.novicki', 1523216300, 1523216300, 3),
(1172, 'tb_ajuste_colaborador', '31', 'michele.novicki', 1523216342, 1523216342, 3),
(1173, 'tb_vaga', '78', 'fernanda.santos2', 1523452609, 1525355603, 3),
(1174, 'tb_entrevista', '75', 'hadelen.lima', 1523456461, 1523456461, 3),
(1175, 'tb_vaga', '79', 'hadelen.lima', 1523553127, 1528224475, 3),
(1177, 'tb_vaga', '81', 'hadelen.lima', 1523559397, 1527274303, 3),
(1178, 'tb_oportunidade', '35', 'cintia.haoach', 1523916510, 1523916510, 4),
(1179, 'tb_empresa', '54', 'cintia.haoach', 1523916537, 1523916601, 4),
(1180, 'tb_contato', '54', 'cintia.haoach', 1523916575, 1523976438, 4),
(1181, 'tb_oportunidade', '36', 'cintia.haoach', 1523916676, 1523916676, 4),
(1182, 'tb_empresa', '55', 'cintia.haoach', 1523916699, 1523916699, 4),
(1183, 'tb_contato', '55', 'cintia.haoach', 1523916736, 1523976424, 4),
(1184, 'tb_oportunidade', '37', 'cintia.haoach', 1523916811, 1523916811, 4),
(1185, 'tb_oportunidade', '38', 'cintia.haoach', 1523916894, 1523916894, 4),
(1186, 'tb_atendimento', '181', 'cintia.haoach', 1523917223, 1523917223, 4),
(1187, 'tb_atendimento', '182', 'cintia.haoach', 1523917260, 1523917260, 4),
(1188, 'tb_atendimento', '183', 'cintia.haoach', 1523917297, 1523917297, 4),
(1189, 'tb_atendimento', '184', 'cintia.haoach', 1523917347, 1523917347, 4),
(1190, 'tb_atendimento', '185', 'cintia.haoach', 1523917402, 1523917402, 4),
(1191, 'tb_atendimento', '186', 'cintia.haoach', 1523917471, 1523917471, 4),
(1192, 'tb_atendimento', '187', 'cintia.haoach', 1523917538, 1523917538, 4),
(1193, 'tb_atendimento', '188', 'cintia.haoach', 1523917580, 1523917580, 4),
(1194, 'tb_atendimento', '189', 'cintia.haoach', 1523917638, 1523917638, 4),
(1195, 'tb_atendimento', '190', 'cintia.haoach', 1523917677, 1523917677, 4),
(1196, 'tb_atendimento', '191', 'cintia.haoach', 1523917712, 1523917712, 4),
(1197, 'tb_atendimento', '192', 'cintia.haoach', 1523917753, 1523917753, 4),
(1198, 'tb_atendimento', '193', 'cintia.haoach', 1523917788, 1523917788, 4),
(1199, 'tb_atendimento', '194', 'cintia.haoach', 1523917831, 1523917831, 4),
(1200, 'tb_atendimento', '195', 'cintia.haoach', 1523917869, 1523917869, 4),
(1201, 'tb_atendimento', '196', 'cintia.haoach', 1523917907, 1523917907, 4),
(1202, 'tb_atendimento', '197', 'cintia.haoach', 1523917938, 1523917938, 4),
(1203, 'tb_atendimento', '198', 'cintia.haoach', 1523917973, 1523917973, 4),
(1204, 'tb_atendimento', '199', 'cintia.haoach', 1523918012, 1523918012, 4),
(1205, 'tb_oportunidade', '39', 'cintia.haoach', 1523918100, 1523918100, 4),
(1206, 'tb_oportunidade', '40', 'cintia.haoach', 1523918237, 1523918237, 4),
(1207, 'tb_atendimento', '200', 'cintia.haoach', 1523918281, 1523918281, 4),
(1208, 'tb_atendimento', '201', 'cintia.haoach', 1523918310, 1523918310, 4),
(1209, 'tb_atendimento', '202', 'cintia.haoach', 1523918350, 1523918350, 4),
(1210, 'tb_atendimento', '203', 'cintia.haoach', 1523918385, 1523918385, 4),
(1211, 'tb_atendimento', '204', 'cintia.haoach', 1523918426, 1523918426, 4),
(1212, 'tb_atendimento', '205', 'cintia.haoach', 1523918486, 1523918486, 4),
(1213, 'tb_atendimento', '206', 'cintia.haoach', 1523918525, 1523918525, 4),
(1214, 'tb_atendimento', '207', 'cintia.haoach', 1523918563, 1523918563, 4),
(1215, 'tb_atendimento', '208', 'cintia.haoach', 1523918601, 1523918601, 4),
(1216, 'tb_oportunidade', '41', 'cintia.haoach', 1523918662, 1523918662, 4),
(1217, 'tb_atendimento', '209', 'cintia.haoach', 1523918785, 1523918785, 4),
(1218, 'tb_atendimento', '210', 'cintia.haoach', 1523918811, 1523918811, 4),
(1219, 'tb_atendimento', '211', 'cintia.haoach', 1523918839, 1523918839, 4),
(1220, 'tb_atendimento', '212', 'cintia.haoach', 1523918872, 1523918872, 4),
(1221, 'tb_atendimento', '213', 'cintia.haoach', 1523918898, 1523918898, 4),
(1222, 'tb_atendimento', '214', 'cintia.haoach', 1523918946, 1523918946, 4),
(1223, 'tb_atendimento', '215', 'cintia.haoach', 1523918969, 1523918969, 4),
(1224, 'tb_contato', '56', 'cintia.haoach', 1523919059, 1523919064, 4),
(1225, 'tb_atendimento', '216', 'cintia.haoach', 1523919083, 1523919083, 4),
(1226, 'tb_contato', '57', 'cintia.haoach', 1523919124, 1523919124, 4),
(1227, 'tb_atendimento', '217', 'cintia.haoach', 1523919162, 1523919162, 4),
(1228, 'tb_atendimento', '218', 'cintia.haoach', 1523919186, 1523919186, 4),
(1229, 'tb_atendimento', '219', 'cintia.haoach', 1523919231, 1523919231, 4),
(1230, 'tb_atendimento', '220', 'cintia.haoach', 1523919275, 1523919275, 4),
(1231, 'tb_atendimento', '221', 'cintia.haoach', 1523919316, 1523919316, 4),
(1232, 'tb_atendimento', '222', 'cintia.haoach', 1523919345, 1523919345, 4),
(1233, 'tb_atendimento', '223', 'cintia.haoach', 1523919370, 1523919370, 4),
(1234, 'tb_atendimento', '224', 'cintia.haoach', 1523919401, 1523919401, 4),
(1235, 'tb_atendimento', '225', 'cintia.haoach', 1523919439, 1523919439, 4),
(1236, 'tb_atendimento', '226', 'cintia.haoach', 1523919475, 1523919475, 4),
(1237, 'tb_atendimento', '227', 'cintia.haoach', 1523919504, 1523919504, 4),
(1238, 'tb_atendimento', '228', 'cintia.haoach', 1523919539, 1523919539, 4),
(1239, 'tb_atendimento', '229', 'cintia.haoach', 1523919566, 1523919566, 4),
(1240, 'tb_atendimento', '230', 'cintia.haoach', 1523919592, 1523919592, 4),
(1241, 'tb_alocacao', '28', 'hadelen.lima', 1523977090, 1523977090, 3),
(1242, 'tb_vaga', '82', 'hadelen.lima', 1523977188, 1528392824, 3),
(1243, 'tb_vaga', '83', 'hadelen.lima', 1523984228, 1528217449, 3),
(1244, 'tb_vaga', '84', 'hadelen.lima', 1523989644, 1523989644, 3),
(1245, 'tb_empresa', '56', 'dbastreghi', 1524068932, 1524068932, 2),
(1246, 'tb_empresa', '57', 'dbastreghi', 1524068980, 1524068980, 2),
(1247, 'tb_empresa', '58', 'dbastreghi', 1524069088, 1524069088, 2),
(1248, 'tb_empresa', '59', 'dbastreghi', 1524069113, 1524069113, 2),
(1249, 'tb_empresa', '60', 'dbastreghi', 1524069134, 1524069134, 2),
(1250, 'tb_empresa', '61', 'dbastreghi', 1524069170, 1524077415, 2),
(1251, 'tb_empresa', '62', 'dbastreghi', 1524069191, 1524069191, 2),
(1252, 'tb_empresa', '63', 'dbastreghi', 1524069255, 1524069255, 2),
(1253, 'tb_empresa', '64', 'dbastreghi', 1524069315, 1524069315, 2),
(1254, 'tb_empresa', '65', 'dbastreghi', 1524069339, 1524069339, 2),
(1255, 'tb_contato', '58', 'cintia.haoach', 1524077407, 1524077407, 4),
(1256, 'tb_oportunidade', '42', 'cintia.haoach', 1524077460, 1524077460, 4),
(1257, 'tb_empresa', '66', 'cintia.haoach', 1524077494, 1524077494, 4),
(1258, 'tb_contato', '59', 'cintia.haoach', 1524077548, 1524077548, 4),
(1259, 'tb_oportunidade', '43', 'cintia.haoach', 1524077603, 1524078744, 4),
(1260, 'tb_atendimento', '231', 'cintia.haoach', 1524078119, 1524078434, 4),
(1261, 'tb_contato', '60', 'cintia.haoach', 1524086430, 1524086430, 4),
(1262, 'tb_oportunidade', '44', 'cintia.haoach', 1524086557, 1524089228, 4),
(1263, 'tb_empresa', '67', 'cintia.haoach', 1524089247, 1524089247, 4),
(1264, 'tb_contato', '61', 'cintia.haoach', 1524089303, 1524089303, 4),
(1265, 'tb_oportunidade', '45', 'cintia.haoach', 1524089338, 1524089338, 4),
(1266, 'tb_vaga', '85', 'fernanda.santos2', 1524148083, 1528198846, 3),
(1267, 'tb_vaga', '86', 'fernanda.santos2', 1524148221, 1526566045, 3),
(1268, 'tb_vaga', '87', 'fernanda.santos2', 1524148314, 1527871461, 3),
(1269, 'tb_vaga', '88', 'hadelen.lima', 1524159296, 1528227326, 3),
(1270, 'tb_recrutador', '12', 'hadelen.lima', 1524250141, 1524250141, 3),
(1271, 'tb_vaga', '89', 'hadelen.lima', 1524252593, 1524849735, 3),
(1272, 'tb_vaga', '90', 'hadelen.lima', 1524487717, 1527879820, 3),
(1273, 'tb_vaga', '91', 'hadelen.lima', 1524487742, 1528117701, 3),
(1274, 'tb_vaga', '92', 'hadelen.lima', 1524487792, 1527879887, 3),
(1275, 'tb_vaga', '93', 'hadelen.lima', 1524487878, 1526575781, 3),
(1276, 'tb_vaga', '94', 'hadelen.lima', 1524487909, 1524487909, 3),
(1277, 'tb_vaga', '95', 'hadelen.lima', 1524487934, 1528224510, 3),
(1278, 'tb_vaga', '96', 'hadelen.lima', 1524487966, 1524487966, 3),
(1279, 'tb_recrutador', '13', 'dbastreghi', 1524503297, 1524503297, 2),
(1683, 'tb_entrevista', '256', 'rafael.silva2', 1528234989, 1528234989, 3),
(1682, 'tb_entrevista', '255', 'estefane.braga', 1528224732, 1528226455, 3),
(1282, 'tb_empresa', '68', 'cintia.haoach', 1524577771, 1524577771, 4),
(1283, 'tb_contato', '62', 'cintia.haoach', 1524577805, 1524577805, 4),
(1284, 'tb_oportunidade', '46', 'cintia.haoach', 1524577877, 1524577877, 4),
(1285, 'tb_empresa', '69', 'cintia.haoach', 1524577931, 1524577931, 4),
(1286, 'tb_contato', '63', 'cintia.haoach', 1524577979, 1524577979, 4),
(1287, 'tb_oportunidade', '47', 'cintia.haoach', 1524578009, 1524578009, 4),
(1288, 'tb_contato', '64', 'cintia.haoach', 1524578124, 1524578124, 4),
(1289, 'tb_oportunidade', '48', 'cintia.haoach', 1524578171, 1524578171, 4),
(1290, 'tb_vaga', '99', 'hadelen.lima', 1524594728, 1524594728, 3),
(1291, 'tb_vaga', '100', 'hadelen.lima', 1524595583, 1525458047, 3),
(1292, 'tb_alocacao', '29', 'hadelen.lima', 1524600644, 1524600644, 3),
(1293, 'tb_vaga', '101', 'hadelen.lima', 1524600708, 1524600708, 3),
(1294, 'tb_alocacao', '30', 'hadelen.lima', 1524668893, 1524668893, 3),
(1295, 'tb_vaga', '102', 'hadelen.lima', 1524668925, 1528945676, 3),
(1297, 'tb_entrevista', '146', 'fernanda.santos2', 1525355449, 1525355449, 3),
(1299, 'tb_entrevista', '147', 'hadelen.lima', 1525369767, 1525369767, 3),
(1300, 'tb_entrevista', '148', 'hadelen.lima', 1525370304, 1525370304, 3),
(1301, 'tb_entrevista', '149', 'hadelen.lima', 1525370315, 1525370315, 3),
(1302, 'tb_entrevista', '150', 'estefane.braga', 1525383798, 1525383798, 3),
(1303, 'tb_entrevista', '151', 'hadelen.lima', 1525453437, 1525453473, 3),
(1304, 'tb_entrevista', '152', 'hadelen.lima', 1525453484, 1525453484, 3),
(1305, 'tb_entrevista', '153', 'fernanda.santos2', 1525453880, 1525453880, 3),
(1306, 'tb_entrevista', '154', 'estefane.braga', 1525457772, 1525457772, 3),
(1307, 'tb_entrevista', '155', 'estefane.braga', 1525458019, 1525458019, 3),
(1308, 'tb_entrevista', '156', 'rafael.silva2', 1525458640, 1525458640, 3),
(1309, 'tb_entrevista', '157', 'hadelen.lima', 1525463020, 1525463020, 3),
(1310, 'tb_entrevista', '158', 'fernanda.santos2', 1525465433, 1525465433, 3),
(1311, 'tb_entrevista', '159', 'hadelen.lima', 1525704278, 1525704278, 3),
(1312, 'tb_entrevista', '160', 'hadelen.lima', 1525704303, 1525704303, 3),
(1313, 'tb_vaga', '105', 'estefane.braga', 1525704501, 1526997161, 3),
(1314, 'tb_entrevista', '161', 'rafael.silva2', 1525722743, 1525722743, 3),
(1315, 'tb_entrevista', '162', 'rafael.silva2', 1525722853, 1525722853, 3),
(1316, 'tb_entrevista', '163', 'fernanda.santos2', 1525794049, 1525794049, 3),
(1317, 'tb_entrevista', '164', 'fernanda.santos2', 1525794093, 1525794093, 3),
(1318, 'tb_vaga', '106', 'hadelen.lima', 1525801645, 1525806763, 3),
(1319, 'tb_vaga', '107', 'hadelen.lima', 1525806977, 1528227001, 3),
(1320, 'tb_entrevista', '165', 'estefane.braga', 1525807207, 1525807207, 3),
(1321, 'tb_entrevista', '166', 'hadelen.lima', 1525809203, 1525809203, 3),
(1322, 'tb_entrevista', '167', 'hadelen.lima', 1525809223, 1525809223, 3),
(1323, 'tb_entrevista', '168', 'rafael.silva2', 1525880990, 1525880990, 3),
(1324, 'tb_entrevista', '169', 'fernanda.santos2', 1525885774, 1525885774, 3),
(1325, 'tb_entrevista', '170', 'fernanda.santos2', 1525885813, 1525885813, 3),
(1326, 'tb_entrevista', '171', 'fernanda.santos2', 1525885842, 1525885842, 3),
(1327, 'tb_vaga', '108', 'fernanda.santos2', 1525885900, 1526999606, 3),
(1328, 'tb_entrevista', '172', 'estefane.braga', 1526034724, 1526034724, 3),
(1329, 'tb_entrevista', '173', 'estefane.braga', 1526034830, 1526034830, 3),
(1330, 'tb_entrevista', '174', 'hadelen.lima', 1526060860, 1526060860, 3),
(1331, 'tb_entrevista', '175', 'hadelen.lima', 1526060883, 1526060883, 3),
(1332, 'tb_entrevista', '176', 'fernanda.santos2', 1526061228, 1526061228, 3),
(1333, 'tb_entrevista', '177', 'estefane.braga', 1526294191, 1526294191, 3),
(1334, 'tb_entrevista', '178', 'fernanda.santos2', 1526306866, 1526306866, 3),
(1335, 'tb_entrevista', '179', 'fernanda.santos2', 1526306907, 1526306907, 3),
(1336, 'tb_entrevista', '180', 'hadelen.lima', 1526308345, 1526308345, 3),
(1337, 'tb_entrevista', '181', 'estefane.braga', 1526326794, 1526326794, 3),
(1338, 'tb_entrevista', '182', 'estefane.braga', 1526327223, 1526467118, 3),
(1339, 'tb_entrevista', '183', 'hadelen.lima', 1526414947, 1526414947, 3),
(1340, 'tb_entrevista', '184', 'hadelen.lima', 1526414989, 1526414989, 3),
(1341, 'tb_entrevista', '185', 'hadelen.lima', 1526415032, 1526415032, 3),
(1342, 'tb_entrevista', '186', 'hadelen.lima', 1526415062, 1526415062, 3),
(1343, 'tb_entrevista', '187', 'estefane.braga', 1526467066, 1526467066, 3),
(1344, 'tb_entrevista', '188', 'estefane.braga', 1526467165, 1526467165, 3),
(1345, 'tb_entrevista', '189', 'fernanda.santos2', 1526483096, 1526483096, 3),
(1346, 'tb_vaga', '109', 'fernanda.santos2', 1526489022, 1526489022, 3),
(1347, 'tb_entrevista', '190', 'estefane.braga', 1526499083, 1526499083, 3),
(1348, 'tb_entrevista', '191', 'estefane.braga', 1526499145, 1526499145, 3),
(1349, 'tb_entrevista', '192', 'estefane.braga', 1526499264, 1526499264, 3),
(1350, 'tb_empresa', '70', 'anderson.martins', 1526573741, 1526573741, 4),
(1351, 'tb_contato', '65', 'anderson.martins', 1526573837, 1526573837, 4),
(1352, 'tb_contato', '66', 'anderson.martins', 1526573888, 1526573888, 4),
(1353, 'tb_empresa', '71', 'anderson.martins', 1526574068, 1526574068, 4),
(1354, 'tb_contato', '67', 'anderson.martins', 1526574117, 1526574117, 4),
(1355, 'tb_contato', '68', 'anderson.martins', 1526574172, 1526574172, 4),
(1356, 'tb_atendimento', '232', 'anderson.martins', 1526574244, 1526574257, 4),
(1357, 'tb_atendimento', '233', 'anderson.martins', 1526574381, 1526574381, 4),
(1358, 'tb_empresa', '72', 'anderson.martins', 1526574425, 1526574425, 4),
(1359, 'tb_contato', '69', 'anderson.martins', 1526574574, 1526574574, 4),
(1360, 'tb_atendimento', '234', 'anderson.martins', 1526574614, 1526574624, 4),
(1361, 'tb_empresa', '73', 'anderson.martins', 1526574672, 1526574672, 4),
(1362, 'tb_contato', '70', 'anderson.martins', 1526574713, 1526574713, 4),
(1363, 'tb_atendimento', '235', 'anderson.martins', 1526574752, 1526574752, 4),
(1364, 'tb_empresa', '74', 'anderson.martins', 1526574801, 1526574801, 4),
(1365, 'tb_contato', '71', 'anderson.martins', 1526574844, 1526574844, 4),
(1366, 'tb_atendimento', '236', 'anderson.martins', 1526574885, 1526574885, 4),
(1367, 'tb_empresa', '75', 'anderson.martins', 1526574981, 1526574981, 4),
(1368, 'tb_contato', '72', 'anderson.martins', 1526575015, 1526575015, 4),
(1369, 'tb_atendimento', '237', 'anderson.martins', 1526575057, 1526575057, 4),
(1370, 'tb_empresa', '76', 'anderson.martins', 1526575085, 1526575085, 4),
(1371, 'tb_contato', '73', 'anderson.martins', 1526575122, 1526575122, 4),
(1372, 'tb_contato', '74', 'anderson.martins', 1526575193, 1526575193, 4),
(1373, 'tb_atendimento', '238', 'anderson.martins', 1526575238, 1526575238, 4),
(1374, 'tb_empresa', '77', 'anderson.martins', 1526575266, 1526575353, 4),
(1375, 'tb_contato', '75', 'anderson.martins', 1526575302, 1526575302, 4),
(1376, 'tb_atendimento', '239', 'anderson.martins', 1526575339, 1526575347, 4),
(1377, 'tb_empresa', '78', 'anderson.martins', 1526575377, 1526575377, 4),
(1378, 'tb_contato', '76', 'anderson.martins', 1526575415, 1526575415, 4),
(1379, 'tb_contato', '77', 'anderson.martins', 1526575458, 1526575458, 4),
(1380, 'tb_atendimento', '240', 'anderson.martins', 1526575502, 1526575511, 4),
(1381, 'tb_atendimento', '241', 'anderson.martins', 1526575552, 1526575552, 4),
(1382, 'tb_empresa', '79', 'anderson.martins', 1526575581, 1526575581, 4),
(1383, 'tb_contato', '78', 'anderson.martins', 1526575629, 1526575629, 4),
(1384, 'tb_atendimento', '242', 'anderson.martins', 1526575668, 1526575668, 4),
(1385, 'tb_empresa', '80', 'anderson.martins', 1526575715, 1526575715, 4),
(1386, 'tb_contato', '79', 'anderson.martins', 1526575790, 1526575790, 4),
(1387, 'tb_atendimento', '243', 'anderson.martins', 1526575823, 1526575823, 4),
(1388, 'tb_empresa', '81', 'anderson.martins', 1526575862, 1526575862, 4),
(1389, 'tb_contato', '80', 'anderson.martins', 1526575899, 1526575899, 4),
(1390, 'tb_atendimento', '244', 'anderson.martins', 1526575935, 1526575935, 4),
(1391, 'tb_empresa', '82', 'anderson.martins', 1526576033, 1526576033, 4),
(1392, 'tb_contato', '81', 'anderson.martins', 1526576074, 1526576074, 4),
(1393, 'tb_atendimento', '245', 'anderson.martins', 1526576110, 1526576110, 4),
(1394, 'tb_empresa', '83', 'anderson.martins', 1526576138, 1526576138, 4),
(1395, 'tb_contato', '82', 'anderson.martins', 1526576172, 1526576172, 4),
(1396, 'tb_atendimento', '246', 'anderson.martins', 1526576208, 1526576208, 4),
(1397, 'tb_empresa', '84', 'anderson.martins', 1526576237, 1526576237, 4),
(1398, 'tb_contato', '83', 'anderson.martins', 1526576277, 1526576277, 4),
(1399, 'tb_contato', '84', 'anderson.martins', 1526576315, 1526576315, 4),
(1400, 'tb_atendimento', '247', 'anderson.martins', 1526576349, 1526576349, 4),
(1401, 'tb_atendimento', '248', 'anderson.martins', 1526576385, 1526576385, 4),
(1402, 'tb_empresa', '85', 'anderson.martins', 1526576411, 1526576411, 4),
(1403, 'tb_contato', '85', 'anderson.martins', 1526576452, 1526576452, 4),
(1404, 'tb_atendimento', '249', 'anderson.martins', 1526576485, 1526576485, 4),
(1405, 'tb_empresa', '86', 'anderson.martins', 1526576513, 1526576513, 4),
(1406, 'tb_contato', '86', 'anderson.martins', 1526576567, 1526576567, 4),
(1407, 'tb_empresa', '87', 'anderson.martins', 1526576604, 1526576604, 4),
(1408, 'tb_contato', '87', 'anderson.martins', 1526576649, 1526576649, 4),
(1409, 'tb_empresa', '88', 'anderson.martins', 1526576679, 1526576679, 4),
(1410, 'tb_contato', '88', 'anderson.martins', 1526576722, 1526576722, 4),
(1411, 'tb_contato', '89', 'anderson.martins', 1526576760, 1526576760, 4),
(1412, 'tb_atendimento', '250', 'anderson.martins', 1526576799, 1526576799, 4),
(1413, 'tb_atendimento', '251', 'anderson.martins', 1526576834, 1526576834, 4),
(1414, 'tb_empresa', '89', 'anderson.martins', 1526576869, 1526576869, 4),
(1415, 'tb_contato', '90', 'anderson.martins', 1526576907, 1526576907, 4),
(1416, 'tb_atendimento', '252', 'anderson.martins', 1526576939, 1526576939, 4),
(1417, 'tb_empresa', '90', 'anderson.martins', 1526576963, 1526576963, 4),
(1418, 'tb_contato', '91', 'anderson.martins', 1526576999, 1526576999, 4),
(1419, 'tb_atendimento', '253', 'anderson.martins', 1526577039, 1526577039, 4),
(1420, 'tb_empresa', '91', 'anderson.martins', 1526577067, 1526577067, 4),
(1421, 'tb_contato', '92', 'anderson.martins', 1526577111, 1526577111, 4),
(1422, 'tb_empresa', '92', 'anderson.martins', 1526577137, 1526577137, 4),
(1423, 'tb_contato', '93', 'anderson.martins', 1526577181, 1526577181, 4),
(1424, 'tb_contato', '94', 'anderson.martins', 1526577216, 1526577216, 4),
(1425, 'tb_empresa', '93', 'anderson.martins', 1526577251, 1526577251, 4),
(1426, 'tb_contato', '95', 'anderson.martins', 1526577294, 1526577294, 4),
(1427, 'tb_atendimento', '254', 'anderson.martins', 1526577361, 1526577369, 4),
(1428, 'tb_empresa', '94', 'anderson.martins', 1526577392, 1526577392, 4),
(1429, 'tb_contato', '96', 'anderson.martins', 1526577422, 1526577422, 4),
(1430, 'tb_contato', '97', 'anderson.martins', 1526577463, 1526577463, 4),
(1431, 'tb_atendimento', '255', 'anderson.martins', 1526577510, 1526577510, 4),
(1432, 'tb_atendimento', '256', 'anderson.martins', 1526577547, 1526577547, 4),
(1433, 'tb_empresa', '95', 'anderson.martins', 1526577574, 1526577574, 4);
INSERT INTO `membership_userrecords` (`recID`, `tableName`, `pkValue`, `memberID`, `dateAdded`, `dateUpdated`, `groupID`) VALUES
(1434, 'tb_contato', '98', 'anderson.martins', 1526577620, 1526577620, 4),
(1435, 'tb_contato', '99', 'anderson.martins', 1526577658, 1526577658, 4),
(1436, 'tb_atendimento', '257', 'anderson.martins', 1526577691, 1526577691, 4),
(1437, 'tb_atendimento', '258', 'anderson.martins', 1526577726, 1526577726, 4),
(1438, 'tb_empresa', '96', 'anderson.martins', 1526577764, 1526577764, 4),
(1439, 'tb_contato', '100', 'anderson.martins', 1526577802, 1526577802, 4),
(1440, 'tb_atendimento', '259', 'anderson.martins', 1526577840, 1526577840, 4),
(1441, 'tb_empresa', '97', 'anderson.martins', 1526577867, 1526577867, 4),
(1442, 'tb_contato', '101', 'anderson.martins', 1526577917, 1526577917, 4),
(1443, 'tb_contato', '102', 'anderson.martins', 1526577961, 1526577961, 4),
(1444, 'tb_atendimento', '260', 'anderson.martins', 1526578001, 1526578001, 4),
(1445, 'tb_empresa', '98', 'anderson.martins', 1526578037, 1526578037, 4),
(1446, 'tb_contato', '103', 'anderson.martins', 1526578076, 1526578076, 4),
(1450, 'tb_contato', '107', 'anderson.martins', 1526578534, 1526578534, 4),
(1448, 'tb_contato', '105', 'anderson.martins', 1526578125, 1526578125, 4),
(1449, 'tb_contato', '106', 'anderson.martins', 1526578481, 1526578481, 4),
(1451, 'tb_atendimento', '261', 'anderson.martins', 1526578585, 1526578585, 4),
(1452, 'tb_atendimento', '262', 'anderson.martins', 1526578630, 1526578630, 4),
(1453, 'tb_empresa', '99', 'anderson.martins', 1526578666, 1526578666, 4),
(1454, 'tb_contato', '108', 'anderson.martins', 1526578710, 1526578710, 4),
(1455, 'tb_atendimento', '263', 'anderson.martins', 1526578775, 1526578775, 4),
(1456, 'tb_empresa', '100', 'anderson.martins', 1526578807, 1526578807, 4),
(1457, 'tb_contato', '109', 'anderson.martins', 1526578856, 1526578856, 4),
(1458, 'tb_atendimento', '264', 'anderson.martins', 1526578903, 1526578903, 4),
(1459, 'tb_empresa', '101', 'anderson.martins', 1526578927, 1526578927, 4),
(1460, 'tb_contato', '110', 'anderson.martins', 1526578962, 1526578962, 4),
(1461, 'tb_atendimento', '265', 'anderson.martins', 1526578997, 1526578997, 4),
(1462, 'tb_empresa', '102', 'anderson.martins', 1526579021, 1526579021, 4),
(1463, 'tb_contato', '111', 'anderson.martins', 1526579058, 1526579058, 4),
(1464, 'tb_atendimento', '266', 'anderson.martins', 1526579094, 1526579094, 4),
(1465, 'tb_empresa', '103', 'anderson.martins', 1526579145, 1526579145, 4),
(1466, 'tb_contato', '112', 'anderson.martins', 1526579186, 1526579186, 4),
(1467, 'tb_atendimento', '267', 'anderson.martins', 1526579224, 1526579224, 4),
(1468, 'tb_empresa', '104', 'anderson.martins', 1526579788, 1526579788, 4),
(1469, 'tb_contato', '113', 'anderson.martins', 1526579828, 1526579828, 4),
(1470, 'tb_atendimento', '268', 'anderson.martins', 1526579864, 1526579864, 4),
(1471, 'tb_empresa', '105', 'anderson.martins', 1526579887, 1526579887, 4),
(1472, 'tb_contato', '114', 'anderson.martins', 1526579952, 1526579952, 4),
(1473, 'tb_atendimento', '269', 'anderson.martins', 1526579985, 1526579985, 4),
(1474, 'tb_empresa', '106', 'anderson.martins', 1526580011, 1526580011, 4),
(1475, 'tb_contato', '115', 'anderson.martins', 1526580053, 1526580053, 4),
(1476, 'tb_atendimento', '270', 'anderson.martins', 1526580089, 1526580089, 4),
(1477, 'tb_empresa', '107', 'anderson.martins', 1526580117, 1526580117, 4),
(1478, 'tb_contato', '116', 'anderson.martins', 1526580171, 1526580171, 4),
(1479, 'tb_contato', '117', 'anderson.martins', 1526580243, 1526580243, 4),
(1480, 'tb_contato', '118', 'anderson.martins', 1526580281, 1526580281, 4),
(1481, 'tb_atendimento', '271', 'anderson.martins', 1526580317, 1526580317, 4),
(1482, 'tb_empresa', '108', 'anderson.martins', 1526580346, 1526580346, 4),
(1483, 'tb_contato', '119', 'anderson.martins', 1526580379, 1526580379, 4),
(1484, 'tb_atendimento', '272', 'anderson.martins', 1526580417, 1526580417, 4),
(1485, 'tb_empresa', '109', 'anderson.martins', 1526580446, 1526580510, 4),
(1486, 'tb_contato', '120', 'anderson.martins', 1526580496, 1526580496, 4),
(1487, 'tb_empresa', '110', 'anderson.martins', 1526580527, 1526580527, 4),
(1488, 'tb_contato', '121', 'anderson.martins', 1526580555, 1526580555, 4),
(1489, 'tb_atendimento', '273', 'anderson.martins', 1526580606, 1526580606, 4),
(1490, 'tb_empresa', '111', 'anderson.martins', 1526580630, 1526580630, 4),
(1491, 'tb_contato', '122', 'anderson.martins', 1526580666, 1526580666, 4),
(1492, 'tb_atendimento', '274', 'anderson.martins', 1526580711, 1526580711, 4),
(1493, 'tb_empresa', '112', 'anderson.martins', 1526580735, 1526580735, 4),
(1494, 'tb_contato', '123', 'anderson.martins', 1526580781, 1526580781, 4),
(1495, 'tb_atendimento', '275', 'anderson.martins', 1526580816, 1526580816, 4),
(1496, 'tb_empresa', '113', 'anderson.martins', 1526580896, 1526581008, 4),
(1497, 'tb_contato', '124', 'anderson.martins', 1526580937, 1526580937, 4),
(1498, 'tb_atendimento', '276', 'anderson.martins', 1526580980, 1526580980, 4),
(1499, 'tb_empresa', '114', 'anderson.martins', 1526581018, 1526581018, 4),
(1500, 'tb_contato', '125', 'anderson.martins', 1526581061, 1526581091, 4),
(1501, 'tb_atendimento', '277', 'anderson.martins', 1526581126, 1526581126, 4),
(1502, 'tb_contato', '126', 'anderson.martins', 1526581181, 1526581181, 4),
(1503, 'tb_empresa', '115', 'anderson.martins', 1526581230, 1526581230, 4),
(1504, 'tb_contato', '127', 'anderson.martins', 1526581258, 1526581258, 4),
(1505, 'tb_contato', '128', 'anderson.martins', 1526581286, 1526581286, 4),
(1506, 'tb_atendimento', '278', 'anderson.martins', 1526581331, 1526581331, 4),
(1507, 'tb_empresa', '116', 'anderson.martins', 1526581389, 1526581389, 4),
(1508, 'tb_contato', '129', 'anderson.martins', 1526581424, 1526581424, 4),
(1509, 'tb_atendimento', '279', 'anderson.martins', 1526581487, 1526581487, 4),
(1510, 'tb_empresa', '117', 'anderson.martins', 1526581558, 1526581558, 4),
(1511, 'tb_contato', '130', 'anderson.martins', 1526581603, 1526581603, 4),
(1512, 'tb_atendimento', '280', 'anderson.martins', 1526581646, 1526581646, 4),
(1513, 'tb_empresa', '118', 'anderson.martins', 1526581681, 1526581681, 4),
(1514, 'tb_contato', '131', 'anderson.martins', 1526581715, 1526581715, 4),
(1515, 'tb_atendimento', '281', 'anderson.martins', 1526581785, 1526581785, 4),
(1516, 'tb_empresa', '119', 'anderson.martins', 1526581818, 1526581818, 4),
(1517, 'tb_contato', '132', 'anderson.martins', 1526581861, 1526581861, 4),
(1518, 'tb_atendimento', '282', 'anderson.martins', 1526581905, 1526581905, 4),
(1519, 'tb_empresa', '120', 'anderson.martins', 1526581937, 1526581937, 4),
(1520, 'tb_contato', '133', 'anderson.martins', 1526581971, 1526581971, 4),
(1521, 'tb_entrevista', '193', 'estefane.braga', 1526581981, 1526581981, 3),
(1522, 'tb_contato', '134', 'anderson.martins', 1526582006, 1526582006, 4),
(1523, 'tb_atendimento', '283', 'anderson.martins', 1526582047, 1526582047, 4),
(1524, 'tb_atendimento', '284', 'anderson.martins', 1526582056, 1526582068, 4),
(1525, 'tb_empresa', '121', 'anderson.martins', 1526582109, 1526582109, 4),
(1526, 'tb_contato', '135', 'anderson.martins', 1526582146, 1526582146, 4),
(1527, 'tb_contato', '136', 'anderson.martins', 1526582186, 1526582186, 4),
(1528, 'tb_atendimento', '285', 'anderson.martins', 1526582230, 1526582230, 4),
(1529, 'tb_empresa', '122', 'anderson.martins', 1526582267, 1526582267, 4),
(1530, 'tb_contato', '137', 'anderson.martins', 1526582298, 1526582298, 4),
(1531, 'tb_atendimento', '286', 'anderson.martins', 1526582345, 1526582345, 4),
(1532, 'tb_empresa', '123', 'anderson.martins', 1526582385, 1526582385, 4),
(1533, 'tb_contato', '138', 'anderson.martins', 1526582414, 1526582414, 4),
(1534, 'tb_contato', '139', 'anderson.martins', 1526582628, 1526582628, 4),
(1535, 'tb_atendimento', '287', 'anderson.martins', 1526582677, 1526582677, 4),
(1536, 'tb_contato', '140', 'anderson.martins', 1526582773, 1526582773, 4),
(1537, 'tb_contato', '141', 'anderson.martins', 1526582815, 1526582815, 4),
(1538, 'tb_contato', '142', 'anderson.martins', 1526582847, 1526582847, 4),
(1539, 'tb_contato', '143', 'anderson.martins', 1526582879, 1526582879, 4),
(1540, 'tb_atendimento', '288', 'anderson.martins', 1526582969, 1526582969, 4),
(1541, 'tb_empresa', '124', 'anderson.martins', 1526583002, 1526583002, 4),
(1542, 'tb_contato', '144', 'anderson.martins', 1526583048, 1526583048, 4),
(1543, 'tb_contato', '145', 'anderson.martins', 1526583101, 1526583101, 4),
(1544, 'tb_atendimento', '289', 'anderson.martins', 1526583181, 1526583181, 4),
(1545, 'tb_atendimento', '290', 'anderson.martins', 1526583186, 1526583195, 4),
(1546, 'tb_empresa', '125', 'anderson.martins', 1526583335, 1526583335, 4),
(1547, 'tb_contato', '146', 'anderson.martins', 1526583377, 1526583377, 4),
(1548, 'tb_atendimento', '291', 'anderson.martins', 1526583428, 1526583428, 4),
(1549, 'tb_empresa', '126', 'anderson.martins', 1526583467, 1526583467, 4),
(1550, 'tb_contato', '147', 'anderson.martins', 1526583505, 1526583505, 4),
(1551, 'tb_atendimento', '292', 'anderson.martins', 1526583568, 1526583568, 4),
(1552, 'tb_empresa', '127', 'anderson.martins', 1526583681, 1526583681, 4),
(1553, 'tb_contato', '148', 'anderson.martins', 1526583716, 1526583716, 4),
(1554, 'tb_atendimento', '293', 'anderson.martins', 1526583759, 1526583759, 4),
(1555, 'tb_contato', '149', 'anderson.martins', 1526583854, 1526583854, 4),
(1556, 'tb_contato', '150', 'anderson.martins', 1526583903, 1526583903, 4),
(1557, 'tb_atendimento', '294', 'anderson.martins', 1526583987, 1526583987, 4),
(1558, 'tb_atendimento', '295', 'anderson.martins', 1526583993, 1526584002, 4),
(1559, 'tb_empresa', '128', 'anderson.martins', 1526584065, 1526584065, 4),
(1560, 'tb_contato', '151', 'anderson.martins', 1526584105, 1526584105, 4),
(1561, 'tb_contato', '152', 'anderson.martins', 1526584190, 1526584190, 4),
(1562, 'tb_atendimento', '296', 'anderson.martins', 1526584225, 1526584225, 4),
(1563, 'tb_atendimento', '297', 'anderson.martins', 1526584230, 1526584236, 4),
(1564, 'tb_empresa', '129', 'anderson.martins', 1526584305, 1526584305, 4),
(1565, 'tb_contato', '153', 'anderson.martins', 1526584331, 1526584331, 4),
(1566, 'tb_atendimento', '298', 'anderson.martins', 1526584387, 1526584387, 4),
(1567, 'tb_empresa', '130', 'anderson.martins', 1526584449, 1526584449, 4),
(1568, 'tb_contato', '154', 'anderson.martins', 1526584482, 1526584482, 4),
(1569, 'tb_atendimento', '299', 'anderson.martins', 1526584526, 1526584526, 4),
(1570, 'tb_empresa', '131', 'anderson.martins', 1526584573, 1526584573, 4),
(1571, 'tb_contato', '155', 'anderson.martins', 1526584621, 1526584621, 4),
(1572, 'tb_atendimento', '300', 'anderson.martins', 1526584689, 1526584689, 4),
(1573, 'tb_empresa', '132', 'anderson.martins', 1526584730, 1526584730, 4),
(1574, 'tb_contato', '156', 'anderson.martins', 1526584763, 1526584763, 4),
(1575, 'tb_empresa', '133', 'anderson.martins', 1526584796, 1526584796, 4),
(1576, 'tb_contato', '157', 'anderson.martins', 1526584836, 1526584836, 4),
(1577, 'tb_contato', '158', 'anderson.martins', 1526584882, 1526584882, 4),
(1578, 'tb_contato', '159', 'anderson.martins', 1526585227, 1526585227, 4),
(1579, 'tb_empresa', '134', 'anderson.martins', 1526585261, 1526585261, 4),
(1580, 'tb_contato', '160', 'anderson.martins', 1526585301, 1526585301, 4),
(1581, 'tb_atendimento', '301', 'anderson.martins', 1526585359, 1526585359, 4),
(1582, 'tb_empresa', '135', 'anderson.martins', 1526585403, 1526585403, 4),
(1583, 'tb_contato', '161', 'anderson.martins', 1526585441, 1526585441, 4),
(1584, 'tb_contato', '162', 'anderson.martins', 1526585481, 1526585481, 4),
(1585, 'tb_atendimento', '302', 'anderson.martins', 1526585528, 1526585528, 4),
(1586, 'tb_atendimento', '303', 'anderson.martins', 1526585530, 1526585545, 4),
(1587, 'tb_empresa', '136', 'anderson.martins', 1526585588, 1526585588, 4),
(1588, 'tb_contato', '163', 'anderson.martins', 1526585631, 1526585631, 4),
(1589, 'tb_contato', '164', 'anderson.martins', 1526585688, 1526585688, 4),
(1590, 'tb_atendimento', '304', 'anderson.martins', 1526585781, 1526585781, 4),
(1591, 'tb_atendimento', '305', 'anderson.martins', 1526585784, 1526585799, 4),
(1592, 'tb_empresa', '137', 'anderson.martins', 1526585867, 1526585867, 4),
(1593, 'tb_contato', '165', 'anderson.martins', 1526585902, 1526585902, 4),
(1594, 'tb_contato', '166', 'anderson.martins', 1526585947, 1526585947, 4),
(1595, 'tb_atendimento', '306', 'anderson.martins', 1526586007, 1526586007, 4),
(1596, 'tb_atendimento', '307', 'anderson.martins', 1526586011, 1526586018, 4),
(1597, 'tb_empresa', '138', 'anderson.martins', 1526586067, 1526586067, 4),
(1598, 'tb_contato', '167', 'anderson.martins', 1526586122, 1526586122, 4),
(1599, 'tb_atendimento', '308', 'anderson.martins', 1526586166, 1526586166, 4),
(1600, 'tb_entrevista', '194', 'estefane.braga', 1526586692, 1526586692, 3),
(1601, 'tb_entrevista', '195', 'fernanda.santos2', 1526590918, 1526590918, 3),
(1602, 'tb_entrevista', '196', 'estefane.braga', 1526672069, 1526672068, 3),
(1603, 'tb_entrevista', '197', 'hadelen.lima', 1526672651, 1526672651, 3),
(1604, 'tb_entrevista', '198', 'hadelen.lima', 1526673031, 1526673045, 3),
(1605, 'tb_entrevista', '199', 'hadelen.lima', 1526673060, 1526673060, 3),
(1606, 'tb_entrevista', '200', 'hadelen.lima', 1526673091, 1526673096, 3),
(1607, 'tb_vaga', '110', 'hadelen.lima', 1526673231, 1528731149, 3),
(1608, 'tb_entrevista', '201', 'rafael.silva2', 1526674224, 1526674224, 3),
(1609, 'tb_entrevista', '202', 'rafael.silva2', 1526674990, 1526674990, 3),
(1610, 'tb_oportunidade', '49', 'everton.arantes', 1526675513, 1526675513, 2),
(1611, 'tb_entrevista', '203', 'fernanda.santos2', 1526678204, 1526678204, 3),
(1612, 'tb_entrevista', '204', 'fernanda.santos2', 1526678239, 1526678239, 3),
(1613, 'tb_vaga', '111', 'hadelen.lima', 1526911791, 1528224217, 3),
(1614, 'tb_entrevista', '205', 'hadelen.lima', 1526913755, 1526913755, 3),
(1615, 'tb_entrevista', '206', 'hadelen.lima', 1526914147, 1526914147, 3),
(1616, 'tb_entrevista', '207', 'estefane.braga', 1526930983, 1526930983, 3),
(1617, 'tb_entrevista', '208', 'estefane.braga', 1526931054, 1526931054, 3),
(1618, 'tb_entrevista', '209', 'fernanda.santos2', 1526988679, 1526988679, 3),
(1619, 'tb_entrevista', '210', 'fernanda.santos2', 1526988707, 1526988707, 3),
(1620, 'tb_entrevista', '211', 'fernanda.santos2', 1526988829, 1526988829, 3),
(1621, 'tb_entrevista', '212', 'fernanda.santos2', 1526988964, 1526988964, 3),
(1622, 'tb_vaga', '112', 'fernanda.santos2', 1526995888, 1528219844, 3),
(1623, 'tb_entrevista', '213', 'fernanda.santos2', 1527009743, 1527009743, 3),
(1624, 'tb_entrevista', '214', 'fernanda.santos2', 1527009779, 1527009779, 3),
(1625, 'tb_entrevista', '215', 'hadelen.lima', 1527082670, 1527082670, 3),
(1626, 'tb_entrevista', '216', 'hadelen.lima', 1527082878, 1527082878, 3),
(1627, 'tb_entrevista', '217', 'hadelen.lima', 1527082945, 1527082945, 3),
(1628, 'tb_vaga', '113', 'hadelen.lima', 1527180569, 1527180631, 3),
(1629, 'tb_entrevista', '218', 'hadelen.lima', 1527180584, 1527180584, 3),
(1630, 'tb_entrevista', '219', 'hadelen.lima', 1527189867, 1527189867, 3),
(1631, 'tb_entrevista', '220', 'hadelen.lima', 1527189888, 1527189888, 3),
(1632, 'tb_entrevista', '221', 'fernanda.santos2', 1527196272, 1527196272, 3),
(1633, 'tb_entrevista', '222', 'fernanda.santos2', 1527196306, 1527196306, 3),
(1634, 'tb_entrevista', '223', 'fernanda.santos2', 1527196353, 1527196353, 3),
(1635, 'tb_entrevista', '224', 'estefane.braga', 1527247432, 1527247432, 3),
(1636, 'tb_entrevista', '225', 'hadelen.lima', 1527274977, 1527274977, 3),
(1637, 'tb_entrevista', '226', 'hadelen.lima', 1527519469, 1527519469, 3),
(1638, 'tb_entrevista', '227', 'hadelen.lima', 1527519523, 1527519523, 3),
(1639, 'tb_entrevista', '228', 'estefane.braga', 1527534930, 1527534930, 3),
(1640, 'tb_vaga', '114', 'estefane.braga', 1527535288, 1527535288, 3),
(1641, 'tb_vaga', '115', 'estefane.braga', 1527535394, 1527535394, 3),
(1642, 'tb_entrevista', '229', 'fernanda.santos2', 1527535717, 1527535717, 3),
(1643, 'tb_entrevista', '230', 'fernanda.santos2', 1527535762, 1527535762, 3),
(1644, 'tb_entrevista', '231', 'hadelen.lima', 1527598698, 1527598698, 3),
(1645, 'tb_entrevista', '232', 'hadelen.lima', 1527603380, 1527603380, 3),
(1646, 'tb_entrevista', '233', 'hadelen.lima', 1527603477, 1527603477, 3),
(1647, 'tb_entrevista', '234', 'estefane.braga', 1527614460, 1527614460, 3),
(1648, 'tb_entrevista', '235', 'hadelen.lima', 1527626392, 1527626392, 3),
(1649, 'tb_entrevista', '236', 'hadelen.lima', 1527691337, 1527691337, 3),
(1650, 'tb_entrevista', '237', 'hadelen.lima', 1527691363, 1527691363, 3),
(1651, 'tb_entrevista', '238', 'hadelen.lima', 1527691387, 1527691387, 3),
(1652, 'tb_entrevista', '239', 'estefane.braga', 1527709135, 1527709135, 3),
(1653, 'tb_entrevista', '240', 'fernanda.santos2', 1527879104, 1527879104, 3),
(1654, 'tb_entrevista', '241', 'fernanda.santos2', 1527879133, 1527879133, 3),
(1655, 'tb_entrevista', '242', 'fernanda.santos2', 1527879169, 1527879169, 3),
(1656, 'tb_entrevista', '243', 'fernanda.santos2', 1527879267, 1527879267, 3),
(1657, 'tb_entrevista', '244', 'hadelen.lima', 1528117729, 1528117729, 3),
(1658, 'tb_vaga', '116', 'hadelen.lima', 1528120942, 1528918411, 3),
(1659, 'tb_entrevista', '245', 'hadelen.lima', 1528120972, 1528120972, 3),
(1660, 'tb_entrevista', '246', 'hadelen.lima', 1528126121, 1528126121, 3),
(1661, 'tb_vaga', '117', 'rafael.silva2', 1528139808, 1528477208, 3),
(1662, 'tb_vaga', '118', 'rafael.silva2', 1528139861, 1528477125, 3),
(1663, 'tb_vaga', '119', 'rafael.silva2', 1528143754, 1528945880, 3),
(1664, 'tb_entrevista', '247', 'estefane.braga', 1528144499, 1528144499, 3),
(1665, 'tb_entrevista', '248', 'estefane.braga', 1528144577, 1528144577, 3),
(1666, 'tb_vaga', '120', 'rafael.silva2', 1528144601, 1529084795, 3),
(1667, 'tb_vaga', '121', 'rafael.silva2', 1528145929, 1528145929, 3),
(1668, 'tb_vaga', '122', 'rafael.silva2', 1528147196, 1528837846, 3),
(1669, 'tb_vaga', '123', 'rafael.silva2', 1528147397, 1528147397, 3),
(1670, 'tb_vaga', '124', 'rafael.silva2', 1528147541, 1528147541, 3),
(1671, 'tb_empresa', '139', 'anderson.martins', 1528196525, 1528200733, 4),
(1672, 'tb_contato', '168', 'anderson.martins', 1528196607, 1528204650, 4),
(1673, 'tb_atendimento', '309', 'anderson.martins', 1528196723, 1528196737, 4),
(1674, 'tb_entrevista', '249', 'fernanda.santos2', 1528198666, 1528198666, 3),
(1675, 'tb_entrevista', '250', 'fernanda.santos2', 1528198914, 1528198914, 3),
(1676, 'tb_vaga', '125', 'fernanda.santos2', 1528199042, 1528988506, 3),
(1677, 'tb_entrevista', '251', 'fernanda.santos2', 1528199079, 1528199184, 3),
(1678, 'tb_entrevista', '252', 'fernanda.santos2', 1528201157, 1528201157, 3),
(1679, 'tb_atendimento', '310', 'anderson.martins', 1528204740, 1528204773, 4),
(1680, 'tb_entrevista', '253', 'hadelen.lima', 1528216531, 1528216531, 3),
(1681, 'tb_entrevista', '254', 'hadelen.lima', 1528220251, 1528296952, 3),
(1684, 'tb_entrevista', '257', 'rafael.silva2', 1528235032, 1528235032, 3),
(1685, 'tb_entrevista', '258', 'rafael.silva2', 1528289107, 1528289107, 3),
(1686, 'tb_entrevista', '259', 'hadelen.lima', 1528296905, 1528298883, 3),
(1687, 'tb_entrevista', '260', 'estefane.braga', 1528307746, 1528307746, 3),
(1688, 'tb_entrevista', '261', 'estefane.braga', 1528307808, 1528307808, 3),
(1689, 'tb_contratacao', '170', 'michele.novicki', 1528312891, 1528312891, 3),
(1730, 'tb_contratacao', '201', 'michele.novicki', 1528396431, 1528396431, 3),
(1691, 'tb_contratacao', '172', 'michele.novicki', 1528313068, 1528313068, 3),
(1729, 'tb_contratacao', '200', 'michele.novicki', 1528396167, 1528396166, 3),
(1693, 'tb_contratacao', '174', 'michele.novicki', 1528313269, 1528313269, 3),
(1694, 'tb_entrevista', '262', 'estefane.braga', 1528314698, 1528314698, 3),
(1695, 'tb_entrevista', '263', 'rafael.silva2', 1528316447, 1528316447, 3),
(1696, 'tb_entrevista', '264', 'rafael.silva2', 1528316527, 1528316527, 3),
(1697, 'tb_entrevista', '265', 'rafael.silva2', 1528316562, 1528316562, 3),
(1728, 'tb_entrevista', '270', 'hadelen.lima', 1528395385, 1528395385, 3),
(1699, 'tb_contratacao', '176', 'michele.novicki', 1528377174, 1528377174, 3),
(1700, 'tb_contratacao', '177', 'michele.novicki', 1528377249, 1528377249, 3),
(1701, 'tb_contratacao', '178', 'michele.novicki', 1528377286, 1528377286, 3),
(1702, 'tb_contratacao', '179', 'michele.novicki', 1528377313, 1528377327, 3),
(1703, 'tb_contratacao', '180', 'michele.novicki', 1528377350, 1528377350, 3),
(1704, 'tb_contratacao', '181', 'michele.novicki', 1528377386, 1528378109, 3),
(1705, 'tb_contratacao', '182', 'michele.novicki', 1528377430, 1528377430, 3),
(1706, 'tb_contratacao', '183', 'michele.novicki', 1528377468, 1528377468, 3),
(1707, 'tb_contratacao', '184', 'michele.novicki', 1528377507, 1528378138, 3),
(1708, 'tb_contratacao', '185', 'michele.novicki', 1528377543, 1528377543, 3),
(1709, 'tb_contratacao', '186', 'michele.novicki', 1528378325, 1528378325, 3),
(1710, 'tb_contratacao', '187', 'michele.novicki', 1528378367, 1528378367, 3),
(1711, 'tb_contratacao', '188', 'michele.novicki', 1528378396, 1528378396, 3),
(1712, 'tb_contratacao', '189', 'michele.novicki', 1528378436, 1528378436, 3),
(1713, 'tb_contratacao', '190', 'michele.novicki', 1528378462, 1528378462, 3),
(1714, 'tb_contratacao', '191', 'michele.novicki', 1528378498, 1528378498, 3),
(1715, 'tb_contratacao', '192', 'michele.novicki', 1528378540, 1528378540, 3),
(1716, 'tb_contratacao', '193', 'michele.novicki', 1528378569, 1528378569, 3),
(1717, 'tb_contratacao', '194', 'michele.novicki', 1528378596, 1528378596, 3),
(1718, 'tb_contratacao', '195', 'michele.novicki', 1528378620, 1528378620, 3),
(1719, 'tb_contratacao', '196', 'michele.novicki', 1528378660, 1528378660, 3),
(1720, 'tb_contratacao', '197', 'michele.novicki', 1528378711, 1528378711, 3),
(1721, 'tb_contratacao', '198', 'michele.novicki', 1528378765, 1528378765, 3),
(1722, 'tb_contratacao', '199', 'michele.novicki', 1528379754, 1528379754, 3),
(1742, 'tb_ajuste_colaborador', '42', 'michele.novicki', 1528470273, 1528470288, 3),
(1743, 'tb_ajuste_colaborador', '43', 'michele.novicki', 1528470337, 1528470337, 3),
(1744, 'tb_ajuste_colaborador', '44', 'michele.novicki', 1528470376, 1528470384, 3),
(1745, 'tb_ajuste_colaborador', '45', 'michele.novicki', 1528470472, 1528470479, 3),
(1746, 'tb_ajuste_colaborador', '46', 'michele.novicki', 1528470580, 1528470588, 3),
(1747, 'tb_ajuste_colaborador', '47', 'michele.novicki', 1528470674, 1528470681, 3),
(1748, 'tb_ajuste_colaborador', '48', 'michele.novicki', 1528470725, 1528470725, 3),
(1749, 'tb_ajuste_colaborador', '49', 'michele.novicki', 1528470778, 1528470792, 3),
(1750, 'tb_ajuste_colaborador', '50', 'michele.novicki', 1528470830, 1528470830, 3),
(1751, 'tb_ajuste_colaborador', '51', 'michele.novicki', 1528470892, 1528470900, 3),
(1752, 'tb_ajuste_colaborador', '52', 'michele.novicki', 1528470939, 1528470939, 3),
(1753, 'tb_ajuste_colaborador', '53', 'michele.novicki', 1528471033, 1528471033, 3),
(1754, 'tb_ajuste_colaborador', '54', 'michele.novicki', 1528471105, 1528471105, 3),
(1755, 'tb_ajuste_colaborador', '55', 'michele.novicki', 1528471147, 1528471176, 3),
(1756, 'tb_ajuste_colaborador', '56', 'michele.novicki', 1528471209, 1528471209, 3),
(1757, 'tb_ajuste_colaborador', '57', 'michele.novicki', 1528471285, 1528471295, 3),
(1758, 'tb_ajuste_colaborador', '58', 'michele.novicki', 1528471354, 1528471354, 3),
(1759, 'tb_entrevista', '271', 'hadelen.lima', 1528477488, 1528481896, 3),
(1762, 'tb_ajuste_colaborador', '61', 'michele.novicki', 1528478086, 1528478086, 3),
(1763, 'tb_ajuste_colaborador', '62', 'michele.novicki', 1528478138, 1528478138, 3),
(1764, 'tb_ajuste_colaborador', '63', 'michele.novicki', 1528478185, 1528478185, 3),
(1765, 'tb_ajuste_colaborador', '64', 'michele.novicki', 1528478220, 1528478220, 3),
(1766, 'tb_ajuste_colaborador', '65', 'michele.novicki', 1528478392, 1528478392, 3),
(1767, 'tb_ajuste_colaborador', '66', 'michele.novicki', 1528478485, 1528478485, 3),
(1768, 'tb_ajuste_colaborador', '67', 'michele.novicki', 1528478516, 1528478516, 3),
(1769, 'tb_ajuste_colaborador', '68', 'michele.novicki', 1528478550, 1528478550, 3),
(1772, 'tb_ajuste_colaborador', '71', 'michele.novicki', 1528479380, 1528479380, 3),
(1773, 'tb_ajuste_colaborador', '72', 'michele.novicki', 1528479415, 1528479415, 3),
(1774, 'tb_ajuste_colaborador', '73', 'michele.novicki', 1528479463, 1528479463, 3),
(1775, 'tb_ajuste_colaborador', '74', 'michele.novicki', 1528481151, 1528481151, 3),
(1776, 'tb_ajuste_colaborador', '75', 'michele.novicki', 1528481225, 1528481225, 3),
(1778, 'tb_ajuste_colaborador', '77', 'michele.novicki', 1528482352, 1528482352, 3),
(1779, 'tb_entrevista', '272', 'hadelen.lima', 1528482587, 1528484805, 3),
(1780, 'tb_ajuste_colaborador', '78', 'michele.novicki', 1528482748, 1528482748, 3),
(1781, 'tb_entrevista', '273', 'hadelen.lima', 1528483217, 1528483366, 3),
(1782, 'tb_entrevista', '274', 'hadelen.lima', 1528483866, 1528483866, 3),
(1783, 'tb_entrevista', '275', 'hadelen.lima', 1528485416, 1528485416, 3),
(1784, 'tb_entrevista', '276', 'fernanda.santos2', 1528485660, 1528485660, 3),
(1785, 'tb_entrevista', '277', 'fernanda.santos2', 1528485752, 1528485752, 3),
(1786, 'tb_entrevista', '278', 'fernanda.santos2', 1528486120, 1528486120, 3),
(1787, 'tb_entrevista', '279', 'estefane.braga', 1528713845, 1528713845, 3),
(1788, 'tb_ajuste_colaborador', '79', 'michele.novicki', 1528723714, 1528723714, 3),
(1789, 'tb_ajuste_colaborador', '80', 'michele.novicki', 1528723757, 1528723811, 3),
(1790, 'tb_ajuste_colaborador', '81', 'michele.novicki', 1528723945, 1528723945, 3),
(1791, 'tb_ajuste_colaborador', '82', 'michele.novicki', 1528724035, 1528724035, 3),
(1792, 'tb_ajuste_colaborador', '83', 'michele.novicki', 1528724108, 1528724108, 3),
(1793, 'tb_ajuste_colaborador', '84', 'michele.novicki', 1528724155, 1528724155, 3),
(1794, 'tb_ajuste_colaborador', '85', 'michele.novicki', 1528724197, 1528724197, 3),
(1795, 'tb_ajuste_colaborador', '86', 'michele.novicki', 1528724237, 1528724237, 3),
(1796, 'tb_ajuste_colaborador', '87', 'michele.novicki', 1528724754, 1528724754, 3),
(1797, 'tb_ajuste_colaborador', '88', 'michele.novicki', 1528724789, 1528724789, 3),
(1798, 'tb_entrevista', '280', 'hadelen.lima', 1528725618, 1528726583, 3),
(1799, 'tb_entrevista', '281', 'hadelen.lima', 1528725908, 1528727260, 3),
(1800, 'tb_entrevista', '282', 'rafael.silva2', 1528726438, 1528726438, 3),
(1801, 'tb_ajuste_colaborador', '89', 'michele.novicki', 1528727165, 1528727165, 3),
(1802, 'tb_ajuste_colaborador', '90', 'michele.novicki', 1528727208, 1528727208, 3),
(1803, 'tb_ajuste_colaborador', '91', 'michele.novicki', 1528728262, 1528983538, 3),
(1804, 'tb_ajuste_colaborador', '92', 'michele.novicki', 1528728323, 1528728323, 3),
(1805, 'tb_ajuste_colaborador', '93', 'michele.novicki', 1528728693, 1528983750, 3),
(1806, 'tb_ajuste_colaborador', '94', 'michele.novicki', 1528728747, 1528728747, 3),
(1807, 'tb_ajuste_colaborador', '95', 'michele.novicki', 1528729853, 1528729853, 3),
(1808, 'tb_ajuste_colaborador', '96', 'michele.novicki', 1528729930, 1528983954, 3),
(1809, 'tb_ajuste_colaborador', '97', 'michele.novicki', 1528730003, 1528730003, 3),
(1810, 'tb_entrevista', '283', 'rafael.silva2', 1528731595, 1528731595, 3),
(1811, 'tb_ajuste_colaborador', '98', 'michele.novicki', 1528731688, 1528731688, 3),
(1812, 'tb_ajuste_colaborador', '99', 'michele.novicki', 1528731755, 1528984130, 3),
(1813, 'tb_ajuste_colaborador', '100', 'michele.novicki', 1528731824, 1528731824, 3),
(1814, 'tb_ajuste_colaborador', '101', 'michele.novicki', 1528731873, 1528731873, 3),
(1815, 'tb_ajuste_colaborador', '102', 'michele.novicki', 1528731921, 1528731921, 3),
(1816, 'tb_ajuste_colaborador', '103', 'michele.novicki', 1528732020, 1528732020, 3),
(1817, 'tb_ajuste_colaborador', '104', 'michele.novicki', 1528733209, 1528733209, 3),
(1818, 'tb_ajuste_colaborador', '105', 'michele.novicki', 1528733262, 1528733262, 3),
(1819, 'tb_ajuste_colaborador', '106', 'michele.novicki', 1528733333, 1528733333, 3),
(1820, 'tb_ajuste_colaborador', '107', 'michele.novicki', 1528733385, 1528984218, 3),
(1821, 'tb_ajuste_colaborador', '108', 'michele.novicki', 1528737970, 1528737970, 3),
(1822, 'tb_ajuste_colaborador', '109', 'michele.novicki', 1528738016, 1528738016, 3),
(1823, 'tb_ajuste_colaborador', '110', 'michele.novicki', 1528738051, 1528738101, 3),
(1824, 'tb_ajuste_colaborador', '111', 'michele.novicki', 1528738152, 1528738152, 3),
(1825, 'tb_ajuste_colaborador', '112', 'michele.novicki', 1528739076, 1528739076, 3),
(1826, 'tb_ajuste_colaborador', '113', 'michele.novicki', 1528739109, 1528739109, 3),
(1827, 'tb_ajuste_colaborador', '114', 'michele.novicki', 1528739157, 1528739157, 3),
(1828, 'tb_ajuste_colaborador', '115', 'michele.novicki', 1528739210, 1528739210, 3),
(1829, 'tb_ajuste_colaborador', '116', 'michele.novicki', 1528739257, 1528739257, 3),
(1830, 'tb_ajuste_colaborador', '117', 'michele.novicki', 1528739290, 1528739290, 3),
(1831, 'tb_ajuste_colaborador', '118', 'michele.novicki', 1528740123, 1528740123, 3),
(1832, 'tb_ajuste_colaborador', '119', 'michele.novicki', 1528740176, 1528740176, 3),
(1833, 'tb_ajuste_colaborador', '120', 'michele.novicki', 1528740244, 1528740244, 3),
(1834, 'tb_ajuste_colaborador', '121', 'michele.novicki', 1528740273, 1528740273, 3),
(1835, 'tb_ajuste_colaborador', '122', 'michele.novicki', 1528741947, 1528741947, 3),
(1836, 'tb_ajuste_colaborador', '123', 'michele.novicki', 1528741999, 1528741999, 3),
(1837, 'tb_ajuste_colaborador', '124', 'michele.novicki', 1528742047, 1528742047, 3),
(1838, 'tb_ajuste_colaborador', '125', 'michele.novicki', 1528742098, 1528742098, 3),
(1839, 'tb_ajuste_colaborador', '126', 'michele.novicki', 1528742140, 1528742140, 3),
(1840, 'tb_ajuste_colaborador', '127', 'michele.novicki', 1528742214, 1528742214, 3),
(1841, 'tb_entrevista', '284', 'fernanda.santos2', 1528742314, 1528742314, 3),
(1842, 'tb_ajuste_colaborador', '128', 'michele.novicki', 1528742328, 1528742328, 3),
(1843, 'tb_entrevista', '285', 'fernanda.santos2', 1528742349, 1528742349, 3),
(1844, 'tb_ajuste_colaborador', '129', 'michele.novicki', 1528742383, 1528742383, 3),
(1845, 'tb_ajuste_colaborador', '130', 'michele.novicki', 1528742421, 1528742421, 3),
(1846, 'tb_ajuste_colaborador', '131', 'michele.novicki', 1528742463, 1528742463, 3),
(1847, 'tb_entrevista', '286', 'fernanda.santos2', 1528742513, 1528742598, 3),
(1848, 'tb_entrevista', '287', 'rafael.silva2', 1528742758, 1528742758, 3),
(1849, 'tb_ajuste_colaborador', '132', 'michele.novicki', 1528743347, 1528743347, 3),
(1850, 'tb_ajuste_colaborador', '133', 'michele.novicki', 1528743380, 1528743380, 3),
(1851, 'tb_ajuste_colaborador', '134', 'michele.novicki', 1528743410, 1528743410, 3),
(1852, 'tb_ajuste_colaborador', '135', 'michele.novicki', 1528743440, 1528743460, 3),
(1853, 'tb_ajuste_colaborador', '136', 'michele.novicki', 1528744035, 1528744035, 3),
(1854, 'tb_ajuste_colaborador', '137', 'michele.novicki', 1528744090, 1528744090, 3),
(1855, 'tb_ajuste_colaborador', '138', 'michele.novicki', 1528744136, 1528744136, 3),
(1856, 'tb_ajuste_colaborador', '139', 'michele.novicki', 1528744678, 1528744678, 3),
(1857, 'tb_ajuste_colaborador', '140', 'michele.novicki', 1528744717, 1528744717, 3),
(1858, 'tb_ajuste_colaborador', '141', 'michele.novicki', 1528744755, 1528744755, 3),
(1859, 'tb_ajuste_colaborador', '142', 'michele.novicki', 1528744804, 1528744804, 3),
(1860, 'tb_ajuste_colaborador', '143', 'michele.novicki', 1528744860, 1528744860, 3),
(1861, 'tb_entrevista', '288', 'estefane.braga', 1528745014, 1528745014, 3),
(1862, 'tb_contratacao', '203', 'michele.novicki', 1528745334, 1528745334, 3),
(1863, 'tb_contratacao', '204', 'michele.novicki', 1528745367, 1528745367, 3),
(1864, 'tb_ajuste_colaborador', '144', 'michele.novicki', 1528745987, 1528745987, 3),
(1865, 'tb_ajuste_colaborador', '145', 'michele.novicki', 1528746091, 1528746091, 3),
(1866, 'tb_ajuste_colaborador', '146', 'michele.novicki', 1528746136, 1528746136, 3),
(1867, 'tb_entrevista', '289', 'hadelen.lima', 1528808192, 1528823422, 3),
(1868, 'tb_ajuste_colaborador', '147', 'michele.novicki', 1528808619, 1528808619, 3),
(1869, 'tb_ajuste_colaborador', '148', 'michele.novicki', 1528808665, 1528808665, 3),
(1870, 'tb_ajuste_colaborador', '149', 'michele.novicki', 1528808718, 1528808718, 3),
(1871, 'tb_ajuste_colaborador', '150', 'michele.novicki', 1528808761, 1528808761, 3),
(1872, 'tb_ajuste_colaborador', '151', 'michele.novicki', 1528808806, 1528808806, 3),
(1873, 'tb_ajuste_colaborador', '152', 'michele.novicki', 1528808848, 1528808848, 3),
(1874, 'tb_ajuste_colaborador', '153', 'michele.novicki', 1528809460, 1528809460, 3),
(1875, 'tb_ajuste_colaborador', '154', 'michele.novicki', 1528809803, 1528984806, 3),
(1876, 'tb_ajuste_colaborador', '155', 'michele.novicki', 1528809839, 1528809839, 3),
(1877, 'tb_entrevista', '290', 'hadelen.lima', 1528810323, 1528812468, 3),
(1878, 'tb_ajuste_colaborador', '156', 'michele.novicki', 1528810880, 1528810880, 3),
(1879, 'tb_ajuste_colaborador', '157', 'michele.novicki', 1528810906, 1528810906, 3),
(1880, 'tb_ajuste_colaborador', '158', 'michele.novicki', 1528810932, 1528810932, 3),
(1881, 'tb_ajuste_colaborador', '159', 'michele.novicki', 1528810962, 1528810962, 3),
(1882, 'tb_ajuste_colaborador', '160', 'michele.novicki', 1528811350, 1528811350, 3),
(1883, 'tb_ajuste_colaborador', '161', 'michele.novicki', 1528811372, 1528811372, 3),
(1884, 'tb_ajuste_colaborador', '162', 'michele.novicki', 1528811631, 1528811631, 3),
(1885, 'tb_ajuste_colaborador', '163', 'michele.novicki', 1528811660, 1528811660, 3),
(1886, 'tb_ajuste_colaborador', '164', 'michele.novicki', 1528811684, 1528811684, 3),
(1887, 'tb_ajuste_colaborador', '165', 'michele.novicki', 1528811722, 1528984992, 3),
(1888, 'tb_ajuste_colaborador', '166', 'michele.novicki', 1528812176, 1528985068, 3),
(1889, 'tb_ajuste_colaborador', '167', 'michele.novicki', 1528812208, 1528812208, 3),
(1890, 'tb_ajuste_colaborador', '168', 'michele.novicki', 1528812260, 1528897724, 3),
(1891, 'tb_ajuste_colaborador', '169', 'michele.novicki', 1528812290, 1528897711, 3),
(1892, 'tb_ajuste_colaborador', '170', 'michele.novicki', 1528812639, 1528985194, 3),
(1893, 'tb_ajuste_colaborador', '171', 'michele.novicki', 1528812668, 1528897832, 3),
(1894, 'tb_ajuste_colaborador', '172', 'michele.novicki', 1528813694, 1528813694, 3),
(1895, 'tb_ajuste_colaborador', '173', 'michele.novicki', 1528813726, 1528813726, 3),
(1896, 'tb_ajuste_colaborador', '174', 'michele.novicki', 1528813759, 1528813759, 3),
(1897, 'tb_ajuste_colaborador', '175', 'michele.novicki', 1528813801, 1528813801, 3),
(1898, 'tb_ajuste_colaborador', '176', 'michele.novicki', 1528814206, 1528814206, 3),
(1899, 'tb_ajuste_colaborador', '177', 'michele.novicki', 1528814242, 1528814242, 3),
(1900, 'tb_ajuste_colaborador', '178', 'michele.novicki', 1528814279, 1528814279, 3),
(1901, 'tb_ajuste_colaborador', '179', 'michele.novicki', 1528814312, 1528814312, 3),
(1902, 'tb_ajuste_colaborador', '180', 'michele.novicki', 1528814337, 1528814337, 3),
(1903, 'tb_ajuste_colaborador', '181', 'michele.novicki', 1528815242, 1528815242, 3),
(1904, 'tb_ajuste_colaborador', '182', 'michele.novicki', 1528815283, 1528815283, 3),
(1905, 'tb_ajuste_colaborador', '183', 'michele.novicki', 1528815325, 1528815325, 3),
(1906, 'tb_ajuste_colaborador', '184', 'michele.novicki', 1528815360, 1528815360, 3),
(1907, 'tb_ajuste_colaborador', '185', 'michele.novicki', 1528815965, 1528815965, 3),
(1908, 'tb_ajuste_colaborador', '186', 'michele.novicki', 1528816013, 1528816013, 3),
(1909, 'tb_ajuste_colaborador', '187', 'michele.novicki', 1528816064, 1528816064, 3),
(1910, 'tb_ajuste_colaborador', '188', 'michele.novicki', 1528816142, 1528816142, 3),
(1911, 'tb_ajuste_colaborador', '189', 'michele.novicki', 1528816177, 1528816177, 3),
(1912, 'tb_ajuste_colaborador', '190', 'michele.novicki', 1528816218, 1528897651, 3),
(1913, 'tb_ajuste_colaborador', '191', 'michele.novicki', 1528816512, 1528816512, 3),
(1914, 'tb_ajuste_colaborador', '192', 'michele.novicki', 1528816575, 1528816575, 3),
(1915, 'tb_ajuste_colaborador', '193', 'michele.novicki', 1528817261, 1528817261, 3),
(1916, 'tb_ajuste_colaborador', '194', 'michele.novicki', 1528817312, 1528817312, 3),
(1917, 'tb_ajuste_colaborador', '195', 'michele.novicki', 1528817347, 1528817347, 3),
(1918, 'tb_ajuste_colaborador', '196', 'michele.novicki', 1528819010, 1528819010, 3),
(1919, 'tb_ajuste_colaborador', '197', 'michele.novicki', 1528819039, 1528819039, 3),
(1920, 'tb_ajuste_colaborador', '198', 'michele.novicki', 1528819131, 1528819131, 3),
(1921, 'tb_ajuste_colaborador', '199', 'michele.novicki', 1528819164, 1528819164, 3),
(1922, 'tb_ajuste_colaborador', '200', 'michele.novicki', 1528819299, 1528819299, 3),
(1923, 'tb_ajuste_colaborador', '201', 'michele.novicki', 1528819338, 1528819338, 3),
(1924, 'tb_ajuste_colaborador', '202', 'michele.novicki', 1528823608, 1528823608, 3),
(1925, 'tb_ajuste_colaborador', '203', 'michele.novicki', 1528823665, 1528823665, 3),
(1926, 'tb_ajuste_colaborador', '204', 'michele.novicki', 1528823698, 1528823698, 3),
(1927, 'tb_ajuste_colaborador', '205', 'michele.novicki', 1528823744, 1528823744, 3),
(1928, 'tb_ajuste_colaborador', '206', 'michele.novicki', 1528823790, 1528823819, 3),
(1929, 'tb_entrevista', '291', 'hadelen.lima', 1528824211, 1528826197, 3),
(1930, 'tb_ajuste_colaborador', '207', 'michele.novicki', 1528824508, 1528824508, 3),
(1931, 'tb_ajuste_colaborador', '208', 'michele.novicki', 1528824543, 1528824543, 3),
(1932, 'tb_ajuste_colaborador', '209', 'michele.novicki', 1528824587, 1528824587, 3),
(1933, 'tb_ajuste_colaborador', '210', 'michele.novicki', 1528824931, 1528824964, 3),
(1934, 'tb_ajuste_colaborador', '211', 'michele.novicki', 1528825010, 1528825010, 3),
(1935, 'tb_ajuste_colaborador', '212', 'michele.novicki', 1528825047, 1528825047, 3),
(1936, 'tb_ajuste_colaborador', '213', 'michele.novicki', 1528826081, 1528826081, 3),
(1937, 'tb_ajuste_colaborador', '214', 'michele.novicki', 1528826130, 1528826130, 3),
(1938, 'tb_entrevista', '292', 'fernanda.santos2', 1528826131, 1528826131, 3),
(1939, 'tb_ajuste_colaborador', '215', 'michele.novicki', 1528826162, 1528826162, 3),
(1940, 'tb_ajuste_colaborador', '216', 'michele.novicki', 1528826210, 1528826210, 3),
(1941, 'tb_ajuste_colaborador', '217', 'michele.novicki', 1528826261, 1528826261, 3),
(1942, 'tb_ajuste_colaborador', '218', 'michele.novicki', 1528826300, 1528826300, 3),
(1943, 'tb_ajuste_colaborador', '219', 'michele.novicki', 1528826837, 1528826837, 3),
(1944, 'tb_ajuste_colaborador', '220', 'michele.novicki', 1528826868, 1528826904, 3),
(1945, 'tb_ajuste_colaborador', '221', 'michele.novicki', 1528827208, 1528827208, 3),
(1946, 'tb_ajuste_colaborador', '222', 'michele.novicki', 1528827237, 1528827237, 3),
(1947, 'tb_ajuste_colaborador', '223', 'michele.novicki', 1528827273, 1528827273, 3),
(1948, 'tb_ajuste_colaborador', '224', 'michele.novicki', 1528827664, 1528827664, 3),
(1949, 'tb_ajuste_colaborador', '225', 'michele.novicki', 1528827696, 1528897541, 3),
(1950, 'tb_ajuste_colaborador', '226', 'michele.novicki', 1528827740, 1528827740, 3),
(1951, 'tb_ajuste_colaborador', '227', 'michele.novicki', 1528827795, 1528827825, 3),
(1952, 'tb_ajuste_colaborador', '228', 'michele.novicki', 1528828552, 1528828552, 3),
(1953, 'tb_ajuste_colaborador', '229', 'michele.novicki', 1528828642, 1528828642, 3),
(1954, 'tb_ajuste_colaborador', '230', 'michele.novicki', 1528828736, 1528828736, 3),
(1955, 'tb_ajuste_colaborador', '231', 'michele.novicki', 1528828771, 1528828771, 3),
(1956, 'tb_ajuste_colaborador', '232', 'michele.novicki', 1528829204, 1528829204, 3),
(1957, 'tb_ajuste_colaborador', '233', 'michele.novicki', 1528829265, 1528829265, 3),
(1958, 'tb_ajuste_colaborador', '234', 'michele.novicki', 1528829302, 1528829302, 3),
(1959, 'tb_ajuste_colaborador', '235', 'michele.novicki', 1528829973, 1528829973, 3),
(1960, 'tb_ajuste_colaborador', '236', 'michele.novicki', 1528830445, 1528830445, 3),
(1961, 'tb_ajuste_colaborador', '237', 'michele.novicki', 1528830502, 1528830502, 3),
(1962, 'tb_ajuste_colaborador', '238', 'michele.novicki', 1528830553, 1528830553, 3),
(1963, 'tb_ajuste_colaborador', '239', 'michele.novicki', 1528830614, 1528830614, 3),
(1964, 'tb_ajuste_colaborador', '240', 'michele.novicki', 1528831177, 1528831177, 3),
(1965, 'tb_ajuste_colaborador', '241', 'michele.novicki', 1528831224, 1528831224, 3),
(1966, 'tb_ajuste_colaborador', '242', 'michele.novicki', 1528831251, 1528831251, 3),
(1967, 'tb_ajuste_colaborador', '243', 'michele.novicki', 1528831315, 1528897462, 3),
(1968, 'tb_ajuste_colaborador', '244', 'michele.novicki', 1528831355, 1528831355, 3),
(1969, 'tb_ajuste_colaborador', '245', 'michele.novicki', 1528831395, 1528831395, 3),
(1970, 'tb_ajuste_colaborador', '246', 'michele.novicki', 1528831426, 1528831526, 3),
(1971, 'tb_ajuste_colaborador', '247', 'michele.novicki', 1528832533, 1528832533, 3),
(1972, 'tb_ajuste_colaborador', '248', 'michele.novicki', 1528832559, 1528832559, 3),
(1973, 'tb_ajuste_colaborador', '249', 'michele.novicki', 1528832895, 1528832904, 3),
(1974, 'tb_ajuste_colaborador', '250', 'michele.novicki', 1528833043, 1528833043, 3),
(1975, 'tb_entrevista', '293', 'estefane.braga', 1528833119, 1528833119, 3),
(1976, 'tb_ajuste_colaborador', '251', 'michele.novicki', 1528833348, 1528833348, 3),
(1977, 'tb_ajuste_colaborador', '252', 'michele.novicki', 1528833382, 1528833382, 3),
(1978, 'tb_ajuste_colaborador', '253', 'michele.novicki', 1528895694, 1528895694, 3),
(1979, 'tb_ajuste_colaborador', '254', 'michele.novicki', 1528895744, 1528895744, 3),
(1980, 'tb_ajuste_colaborador', '255', 'michele.novicki', 1528895779, 1528895779, 3),
(1981, 'tb_entrevista', '294', 'hadelen.lima', 1528895804, 1528904449, 3),
(1982, 'tb_ajuste_colaborador', '256', 'michele.novicki', 1528895805, 1528895805, 3),
(1983, 'tb_ajuste_colaborador', '257', 'michele.novicki', 1528895847, 1528895847, 3),
(1984, 'tb_ajuste_colaborador', '258', 'michele.novicki', 1528895873, 1528895873, 3),
(1985, 'tb_ajuste_colaborador', '259', 'michele.novicki', 1528895905, 1528897420, 3),
(1986, 'tb_ajuste_colaborador', '260', 'michele.novicki', 1528895944, 1528895944, 3),
(1987, 'tb_ajuste_colaborador', '261', 'michele.novicki', 1528895968, 1528895968, 3),
(1988, 'tb_ajuste_colaborador', '262', 'michele.novicki', 1528895998, 1528896303, 3),
(1989, 'tb_ajuste_colaborador', '263', 'michele.novicki', 1528896029, 1528896029, 3),
(1990, 'tb_ajuste_colaborador', '264', 'michele.novicki', 1528896073, 1528896073, 3),
(1991, 'tb_ajuste_colaborador', '265', 'michele.novicki', 1528896120, 1528896120, 3),
(1992, 'tb_ajuste_colaborador', '266', 'michele.novicki', 1528896160, 1528896160, 3),
(1993, 'tb_ajuste_colaborador', '267', 'michele.novicki', 1528896188, 1528896188, 3),
(1994, 'tb_ajuste_colaborador', '268', 'michele.novicki', 1528896206, 1528896287, 3),
(1995, 'tb_ajuste_colaborador', '269', 'michele.novicki', 1528896236, 1528896236, 3),
(1996, 'tb_ajuste_colaborador', '270', 'michele.novicki', 1528896526, 1528896526, 3),
(1997, 'tb_ajuste_colaborador', '271', 'michele.novicki', 1528898661, 1528898661, 3),
(1998, 'tb_entrevista', '295', 'hadelen.lima', 1528898700, 1528902458, 3),
(1999, 'tb_ajuste_colaborador', '272', 'michele.novicki', 1528898707, 1528898707, 3),
(2000, 'tb_ajuste_colaborador', '273', 'michele.novicki', 1528898801, 1528898801, 3),
(2001, 'tb_ajuste_colaborador', '274', 'michele.novicki', 1528898860, 1528898860, 3),
(2002, 'tb_ajuste_colaborador', '275', 'michele.novicki', 1528898909, 1528898909, 3),
(2003, 'tb_ajuste_colaborador', '276', 'michele.novicki', 1528898961, 1528898961, 3),
(2004, 'tb_ajuste_colaborador', '277', 'michele.novicki', 1528899024, 1528899024, 3),
(2005, 'tb_ajuste_colaborador', '278', 'michele.novicki', 1528899065, 1528899065, 3),
(2006, 'tb_ajuste_colaborador', '279', 'michele.novicki', 1528899111, 1528899111, 3),
(2007, 'tb_ajuste_colaborador', '280', 'michele.novicki', 1528899559, 1528899559, 3),
(2008, 'tb_ajuste_colaborador', '281', 'michele.novicki', 1528899589, 1528899589, 3),
(2009, 'tb_ajuste_colaborador', '282', 'michele.novicki', 1528899621, 1528899621, 3),
(2010, 'tb_ajuste_colaborador', '283', 'michele.novicki', 1528899659, 1528899659, 3),
(2011, 'tb_ajuste_colaborador', '284', 'michele.novicki', 1528899702, 1528899702, 3),
(2012, 'tb_ajuste_colaborador', '285', 'michele.novicki', 1528899742, 1528899742, 3),
(2013, 'tb_ajuste_colaborador', '286', 'michele.novicki', 1528901418, 1528901418, 3),
(2014, 'tb_ajuste_colaborador', '287', 'michele.novicki', 1528901456, 1528901456, 3),
(2015, 'tb_ajuste_colaborador', '288', 'michele.novicki', 1528902218, 1528902218, 3),
(2016, 'tb_ajuste_colaborador', '289', 'michele.novicki', 1528902245, 1528902245, 3),
(2017, 'tb_ajuste_colaborador', '290', 'michele.novicki', 1528902269, 1528902269, 3),
(2018, 'tb_ajuste_colaborador', '291', 'michele.novicki', 1528902296, 1528902296, 3),
(2019, 'tb_ajuste_colaborador', '292', 'michele.novicki', 1528903241, 1528903241, 3),
(2020, 'tb_ajuste_colaborador', '293', 'michele.novicki', 1528903280, 1528903280, 3),
(2021, 'tb_ajuste_colaborador', '294', 'michele.novicki', 1528903313, 1528903313, 3),
(2022, 'tb_ajuste_colaborador', '295', 'michele.novicki', 1528904111, 1528904111, 3),
(2023, 'tb_ajuste_colaborador', '296', 'michele.novicki', 1528904147, 1528904147, 3),
(2024, 'tb_ajuste_colaborador', '297', 'michele.novicki', 1528904178, 1528904178, 3),
(2025, 'tb_ajuste_colaborador', '298', 'michele.novicki', 1528904205, 1528904205, 3),
(2026, 'tb_ajuste_colaborador', '299', 'michele.novicki', 1528904238, 1528904238, 3),
(2027, 'tb_ajuste_colaborador', '300', 'michele.novicki', 1528904261, 1528904261, 3),
(2028, 'tb_ajuste_colaborador', '301', 'michele.novicki', 1528904296, 1528904296, 3),
(2029, 'tb_ajuste_colaborador', '302', 'michele.novicki', 1528904319, 1528904319, 3),
(2030, 'tb_ajuste_colaborador', '303', 'michele.novicki', 1528904357, 1528904357, 3),
(2031, 'tb_ajuste_colaborador', '304', 'michele.novicki', 1528904729, 1528904729, 3),
(2032, 'tb_ajuste_colaborador', '305', 'michele.novicki', 1528904799, 1528904799, 3),
(2033, 'tb_ajuste_colaborador', '306', 'michele.novicki', 1528904830, 1528904830, 3),
(2034, 'tb_ajuste_colaborador', '307', 'michele.novicki', 1528904862, 1528904862, 3),
(2035, 'tb_ajuste_colaborador', '308', 'michele.novicki', 1528904890, 1528904890, 3),
(2036, 'tb_ajuste_colaborador', '309', 'michele.novicki', 1528904939, 1528904939, 3),
(2037, 'tb_ajuste_colaborador', '310', 'michele.novicki', 1528905347, 1528905347, 3),
(2038, 'tb_ajuste_colaborador', '311', 'michele.novicki', 1528905375, 1528905387, 3),
(2039, 'tb_ajuste_colaborador', '312', 'michele.novicki', 1528906063, 1528906063, 3),
(2040, 'tb_ajuste_colaborador', '313', 'michele.novicki', 1528906102, 1528906102, 3),
(2041, 'tb_ajuste_colaborador', '314', 'michele.novicki', 1528906137, 1528906137, 3),
(2042, 'tb_ajuste_colaborador', '315', 'michele.novicki', 1528906168, 1528906168, 3),
(2043, 'tb_ajuste_colaborador', '316', 'michele.novicki', 1528906203, 1528906203, 3),
(2044, 'tb_ajuste_colaborador', '317', 'michele.novicki', 1528906233, 1528906233, 3),
(2045, 'tb_ajuste_colaborador', '318', 'michele.novicki', 1528906266, 1528906266, 3),
(2046, 'tb_ajuste_colaborador', '319', 'michele.novicki', 1528906290, 1528906290, 3),
(2047, 'tb_ajuste_colaborador', '320', 'michele.novicki', 1528906329, 1528906329, 3),
(2048, 'tb_ajuste_colaborador', '321', 'michele.novicki', 1528906370, 1528906370, 3),
(2049, 'tb_ajuste_colaborador', '322', 'michele.novicki', 1528906754, 1528906754, 3),
(2050, 'tb_ajuste_colaborador', '323', 'michele.novicki', 1528906788, 1528906788, 3),
(2051, 'tb_ajuste_colaborador', '324', 'michele.novicki', 1528906812, 1528906812, 3),
(2052, 'tb_ajuste_colaborador', '325', 'michele.novicki', 1528906839, 1528906839, 3),
(2053, 'tb_ajuste_colaborador', '326', 'michele.novicki', 1528906869, 1528906869, 3),
(2054, 'tb_ajuste_colaborador', '327', 'michele.novicki', 1528907142, 1528907142, 3),
(2055, 'tb_ajuste_colaborador', '328', 'michele.novicki', 1528907179, 1528907179, 3),
(2056, 'tb_ajuste_colaborador', '329', 'michele.novicki', 1528907205, 1528907205, 3),
(2057, 'tb_ajuste_colaborador', '330', 'michele.novicki', 1528907238, 1528907238, 3),
(2058, 'tb_ajuste_colaborador', '331', 'michele.novicki', 1528907266, 1528907266, 3),
(2059, 'tb_ajuste_colaborador', '332', 'michele.novicki', 1528907300, 1528907300, 3),
(2060, 'tb_ajuste_colaborador', '333', 'michele.novicki', 1528911370, 1528911370, 3),
(2061, 'tb_ajuste_colaborador', '334', 'michele.novicki', 1528911405, 1528911405, 3),
(2062, 'tb_ajuste_colaborador', '335', 'michele.novicki', 1528911432, 1528911432, 3),
(2063, 'tb_ajuste_colaborador', '336', 'michele.novicki', 1528912003, 1528912057, 3),
(2064, 'tb_ajuste_colaborador', '337', 'michele.novicki', 1528912048, 1528912048, 3),
(2065, 'tb_ajuste_colaborador', '338', 'michele.novicki', 1528912097, 1528912097, 3),
(2066, 'tb_ajuste_colaborador', '339', 'michele.novicki', 1528912126, 1528912126, 3),
(2067, 'tb_ajuste_colaborador', '340', 'michele.novicki', 1528912527, 1528912527, 3),
(2068, 'tb_ajuste_colaborador', '341', 'michele.novicki', 1528912938, 1528912938, 3),
(2069, 'tb_ajuste_colaborador', '342', 'michele.novicki', 1528912967, 1528912967, 3),
(2070, 'tb_ajuste_colaborador', '343', 'michele.novicki', 1528913009, 1528913009, 3),
(2071, 'tb_ajuste_colaborador', '344', 'michele.novicki', 1528913280, 1528913280, 3),
(2072, 'tb_ajuste_colaborador', '345', 'michele.novicki', 1528913316, 1528913316, 3),
(2073, 'tb_ajuste_colaborador', '346', 'michele.novicki', 1528913345, 1528913345, 3),
(2074, 'tb_ajuste_colaborador', '347', 'michele.novicki', 1528913531, 1528913531, 3),
(2075, 'tb_ajuste_colaborador', '348', 'michele.novicki', 1528913840, 1528913840, 3),
(2076, 'tb_ajuste_colaborador', '349', 'michele.novicki', 1528913866, 1528913866, 3),
(2077, 'tb_ajuste_colaborador', '350', 'michele.novicki', 1528913897, 1528913897, 3),
(2078, 'tb_ajuste_colaborador', '351', 'michele.novicki', 1528913933, 1528913933, 3),
(2079, 'tb_ajuste_colaborador', '352', 'michele.novicki', 1528913957, 1528913957, 3),
(2080, 'tb_ajuste_colaborador', '353', 'michele.novicki', 1528913980, 1528913980, 3),
(2081, 'tb_ajuste_colaborador', '354', 'michele.novicki', 1528914018, 1528914018, 3),
(2082, 'tb_ajuste_colaborador', '355', 'michele.novicki', 1528914041, 1528914041, 3),
(2083, 'tb_ajuste_colaborador', '356', 'michele.novicki', 1528914076, 1528914076, 3),
(2084, 'tb_ajuste_colaborador', '357', 'michele.novicki', 1528914097, 1528914097, 3),
(2085, 'tb_ajuste_colaborador', '358', 'michele.novicki', 1528914271, 1528914271, 3),
(2086, 'tb_ajuste_colaborador', '359', 'michele.novicki', 1528914297, 1528914297, 3),
(2087, 'tb_ajuste_colaborador', '360', 'michele.novicki', 1528914689, 1528914689, 3),
(2088, 'tb_ajuste_colaborador', '361', 'michele.novicki', 1528914715, 1528914715, 3);
INSERT INTO `membership_userrecords` (`recID`, `tableName`, `pkValue`, `memberID`, `dateAdded`, `dateUpdated`, `groupID`) VALUES
(2089, 'tb_ajuste_colaborador', '362', 'michele.novicki', 1528914747, 1528914747, 3),
(2090, 'tb_ajuste_colaborador', '363', 'michele.novicki', 1528914771, 1528914771, 3),
(2091, 'tb_ajuste_colaborador', '364', 'michele.novicki', 1528914798, 1528914798, 3),
(2092, 'tb_ajuste_colaborador', '365', 'michele.novicki', 1528914950, 1528914950, 3),
(2093, 'tb_ajuste_colaborador', '366', 'michele.novicki', 1528915293, 1528915293, 3),
(2094, 'tb_ajuste_colaborador', '367', 'michele.novicki', 1528915322, 1528915322, 3),
(2095, 'tb_ajuste_colaborador', '368', 'michele.novicki', 1528915497, 1528915497, 3),
(2096, 'tb_ajuste_colaborador', '369', 'michele.novicki', 1528915650, 1528915673, 3),
(2097, 'tb_ajuste_colaborador', '370', 'michele.novicki', 1528915904, 1528915904, 3),
(2098, 'tb_ajuste_colaborador', '371', 'michele.novicki', 1528915937, 1528915937, 3),
(2099, 'tb_ajuste_colaborador', '372', 'michele.novicki', 1528915977, 1528915977, 3),
(2100, 'tb_ajuste_colaborador', '373', 'michele.novicki', 1528916019, 1528916019, 3),
(2101, 'tb_ajuste_colaborador', '374', 'michele.novicki', 1528916174, 1528916174, 3),
(2102, 'tb_ajuste_colaborador', '375', 'michele.novicki', 1528916200, 1528916200, 3),
(2103, 'tb_ajuste_colaborador', '376', 'michele.novicki', 1528916703, 1528916703, 3),
(2104, 'tb_ajuste_colaborador', '377', 'michele.novicki', 1528916805, 1528916805, 3),
(2105, 'tb_ajuste_colaborador', '378', 'michele.novicki', 1528916859, 1528916859, 3),
(2106, 'tb_ajuste_colaborador', '379', 'michele.novicki', 1528917132, 1528917132, 3),
(2107, 'tb_ajuste_colaborador', '380', 'michele.novicki', 1528917189, 1528917189, 3),
(2108, 'tb_ajuste_colaborador', '381', 'michele.novicki', 1528917229, 1528917229, 3),
(2109, 'tb_ajuste_colaborador', '382', 'michele.novicki', 1528917272, 1528917272, 3),
(2110, 'tb_ajuste_colaborador', '383', 'michele.novicki', 1528917669, 1528917669, 3),
(2111, 'tb_ajuste_colaborador', '384', 'michele.novicki', 1528917708, 1528917708, 3),
(2112, 'tb_ajuste_colaborador', '385', 'michele.novicki', 1528917731, 1528917731, 3),
(2113, 'tb_ajuste_colaborador', '386', 'michele.novicki', 1528917760, 1528917760, 3),
(2114, 'tb_ajuste_colaborador', '387', 'michele.novicki', 1528917786, 1528917786, 3),
(2115, 'tb_ajuste_colaborador', '388', 'michele.novicki', 1528918083, 1528918083, 3),
(2116, 'tb_ajuste_colaborador', '389', 'michele.novicki', 1528918111, 1528918111, 3),
(2117, 'tb_ajuste_colaborador', '390', 'michele.novicki', 1528918146, 1528918146, 3),
(2118, 'tb_entrevista', '296', 'estefane.braga', 1528918171, 1528918171, 3),
(2119, 'tb_ajuste_colaborador', '391', 'michele.novicki', 1528918184, 1528918209, 3),
(2120, 'tb_entrevista', '297', 'estefane.braga', 1528918197, 1528918197, 3),
(2121, 'tb_ajuste_colaborador', '392', 'michele.novicki', 1528918374, 1528918374, 3),
(2122, 'tb_ajuste_colaborador', '393', 'michele.novicki', 1528918400, 1528918400, 3),
(2123, 'tb_ajuste_colaborador', '394', 'michele.novicki', 1528918426, 1528918426, 3),
(2124, 'tb_ajuste_colaborador', '395', 'michele.novicki', 1528918471, 1528918471, 3),
(2125, 'tb_ajuste_colaborador', '396', 'michele.novicki', 1528918662, 1528918662, 3),
(2126, 'tb_ajuste_colaborador', '397', 'michele.novicki', 1528918690, 1528918690, 3),
(2127, 'tb_ajuste_colaborador', '398', 'michele.novicki', 1528918722, 1528918722, 3),
(2128, 'tb_ajuste_colaborador', '399', 'michele.novicki', 1528918761, 1528918761, 3),
(2129, 'tb_ajuste_colaborador', '400', 'michele.novicki', 1528918791, 1528918791, 3),
(2130, 'tb_ajuste_colaborador', '401', 'michele.novicki', 1528918817, 1528918817, 3),
(2131, 'tb_ajuste_colaborador', '402', 'michele.novicki', 1528919039, 1528919039, 3),
(2132, 'tb_ajuste_colaborador', '403', 'michele.novicki', 1528919142, 1528919142, 3),
(2133, 'tb_ajuste_colaborador', '404', 'michele.novicki', 1528919176, 1528919176, 3),
(2134, 'tb_ajuste_colaborador', '405', 'michele.novicki', 1528919206, 1528919206, 3),
(2135, 'tb_ajuste_colaborador', '406', 'michele.novicki', 1528981744, 1528981744, 3),
(2136, 'tb_ajuste_colaborador', '407', 'michele.novicki', 1528981789, 1528981789, 3),
(2137, 'tb_ajuste_colaborador', '408', 'michele.novicki', 1528981823, 1528981823, 3),
(2138, 'tb_ajuste_colaborador', '409', 'michele.novicki', 1528981938, 1528981938, 3),
(2139, 'tb_ajuste_colaborador', '410', 'michele.novicki', 1528982309, 1528982309, 3),
(2140, 'tb_ajuste_colaborador', '411', 'michele.novicki', 1528982459, 1528982459, 3),
(2141, 'tb_ajuste_colaborador', '412', 'michele.novicki', 1528982486, 1528982486, 3),
(2142, 'tb_ajuste_colaborador', '413', 'michele.novicki', 1528982515, 1528982515, 3),
(2143, 'tb_ajuste_colaborador', '414', 'michele.novicki', 1528982741, 1528982741, 3),
(2144, 'tb_ajuste_colaborador', '415', 'michele.novicki', 1528982787, 1528982787, 3),
(2145, 'tb_ajuste_colaborador', '416', 'michele.novicki', 1528982822, 1528982822, 3),
(2146, 'tb_ajuste_colaborador', '417', 'michele.novicki', 1528982958, 1528982958, 3),
(2147, 'tb_ajuste_colaborador', '418', 'michele.novicki', 1528982986, 1528982986, 3),
(2148, 'tb_ajuste_colaborador', '419', 'michele.novicki', 1528983011, 1528983011, 3),
(2149, 'tb_ajuste_colaborador', '420', 'michele.novicki', 1528983053, 1528983053, 3),
(2150, 'tb_ajuste_colaborador', '421', 'michele.novicki', 1528983083, 1528983083, 3),
(2151, 'tb_ajuste_colaborador', '422', 'michele.novicki', 1528983199, 1528983199, 3),
(2152, 'tb_ajuste_colaborador', '423', 'michele.novicki', 1528983331, 1528983331, 3),
(2153, 'tb_ajuste_colaborador', '424', 'michele.novicki', 1528983367, 1528983367, 3),
(2154, 'tb_ajuste_colaborador', '425', 'michele.novicki', 1528983564, 1528983564, 3),
(2155, 'tb_ajuste_colaborador', '426', 'michele.novicki', 1528983599, 1528983599, 3),
(2156, 'tb_ajuste_colaborador', '427', 'michele.novicki', 1528983628, 1528983628, 3),
(2157, 'tb_ajuste_colaborador', '428', 'michele.novicki', 1528983842, 1528983842, 3),
(2158, 'tb_ajuste_colaborador', '429', 'michele.novicki', 1528983881, 1528983881, 3),
(2159, 'tb_ajuste_colaborador', '430', 'michele.novicki', 1528983990, 1528983990, 3),
(2160, 'tb_ajuste_colaborador', '431', 'michele.novicki', 1528984158, 1528984158, 3),
(2161, 'tb_ajuste_colaborador', '432', 'michele.novicki', 1528984269, 1528984269, 3),
(2162, 'tb_ajuste_colaborador', '433', 'michele.novicki', 1528984834, 1528984834, 3),
(2163, 'tb_ajuste_colaborador', '434', 'michele.novicki', 1528984887, 1528984887, 3),
(2164, 'tb_ajuste_colaborador', '435', 'michele.novicki', 1528985017, 1528985017, 3),
(2165, 'tb_ajuste_colaborador', '436', 'michele.novicki', 1528985096, 1528985096, 3),
(2166, 'tb_ajuste_colaborador', '437', 'michele.novicki', 1528985220, 1528985220, 3),
(2167, 'tb_ajuste_colaborador', '438', 'michele.novicki', 1528985249, 1528985249, 3),
(2168, 'tb_ajuste_colaborador', '439', 'michele.novicki', 1528985284, 1528985284, 3),
(2169, 'tb_ajuste_colaborador', '440', 'michele.novicki', 1528985313, 1528985313, 3),
(2170, 'tb_ajuste_colaborador', '441', 'michele.novicki', 1528991221, 1528991221, 3),
(2171, 'tb_ajuste_colaborador', '442', 'michele.novicki', 1528991259, 1528991259, 3),
(2172, 'tb_ajuste_colaborador', '443', 'michele.novicki', 1528991299, 1528991299, 3),
(2173, 'tb_ajuste_colaborador', '444', 'michele.novicki', 1528991840, 1528991840, 3),
(2174, 'tb_ajuste_colaborador', '445', 'michele.novicki', 1528992293, 1528992293, 3),
(2175, 'tb_ajuste_colaborador', '446', 'michele.novicki', 1528992330, 1528992330, 3),
(2176, 'tb_entrevista', '298', 'hadelen.lima', 1528996298, 1528996298, 3),
(2177, 'tb_vaga', '127', 'rafael.silva2', 1528998175, 1528998175, 3),
(2178, 'tb_vaga', '128', 'rafael.silva2', 1528998360, 1528998360, 3),
(2179, 'tb_vaga', '129', 'rafael.silva2', 1528998411, 1528998411, 3),
(2180, 'tb_ajuste_colaborador', '447', 'michele.novicki', 1528999025, 1528999025, 3),
(2181, 'tb_ajuste_colaborador', '448', 'michele.novicki', 1528999075, 1528999075, 3),
(2182, 'tb_ajuste_colaborador', '449', 'michele.novicki', 1528999106, 1528999106, 3),
(2183, 'tb_ajuste_colaborador', '450', 'michele.novicki', 1528999347, 1528999347, 3),
(2184, 'tb_ajuste_colaborador', '451', 'michele.novicki', 1528999422, 1528999422, 3),
(2185, 'tb_ajuste_colaborador', '452', 'michele.novicki', 1528999445, 1528999445, 3),
(2186, 'tb_entrevista', '299', 'rafael.silva2', 1528999502, 1528999502, 3),
(2187, 'tb_ajuste_colaborador', '453', 'michele.novicki', 1528999504, 1528999504, 3),
(2188, 'tb_ajuste_colaborador', '454', 'michele.novicki', 1528999536, 1528999536, 3),
(2189, 'tb_ajuste_colaborador', '455', 'michele.novicki', 1528999560, 1528999560, 3),
(2190, 'tb_ajuste_colaborador', '456', 'michele.novicki', 1528999584, 1528999584, 3),
(2191, 'tb_ajuste_colaborador', '457', 'michele.novicki', 1528999612, 1528999612, 3),
(2192, 'tb_ajuste_colaborador', '458', 'michele.novicki', 1528999648, 1528999648, 3),
(2193, 'tb_ajuste_colaborador', '459', 'michele.novicki', 1528999678, 1528999678, 3),
(2194, 'tb_ajuste_colaborador', '460', 'michele.novicki', 1528999697, 1528999697, 3),
(2195, 'tb_ajuste_colaborador', '461', 'michele.novicki', 1528999717, 1528999717, 3),
(2196, 'tb_ajuste_colaborador', '462', 'michele.novicki', 1528999740, 1528999740, 3),
(2197, 'tb_ajuste_colaborador', '463', 'michele.novicki', 1528999762, 1528999762, 3),
(2198, 'tb_ajuste_colaborador', '464', 'michele.novicki', 1528999794, 1528999794, 3),
(2199, 'tb_ajuste_colaborador', '465', 'michele.novicki', 1528999814, 1528999814, 3),
(2200, 'tb_ajuste_colaborador', '466', 'michele.novicki', 1528999839, 1528999839, 3),
(2201, 'tb_ajuste_colaborador', '467', 'michele.novicki', 1528999859, 1528999859, 3),
(2202, 'tb_ajuste_colaborador', '468', 'michele.novicki', 1528999897, 1528999897, 3),
(2203, 'tb_ajuste_colaborador', '469', 'michele.novicki', 1528999921, 1528999921, 3),
(2204, 'tb_ajuste_colaborador', '470', 'michele.novicki', 1528999944, 1528999944, 3),
(2205, 'tb_ajuste_colaborador', '471', 'michele.novicki', 1528999975, 1528999975, 3),
(2206, 'tb_ajuste_colaborador', '472', 'michele.novicki', 1528999999, 1528999999, 3),
(2207, 'tb_ajuste_colaborador', '473', 'michele.novicki', 1529000021, 1529000021, 3),
(2208, 'tb_ajuste_colaborador', '474', 'michele.novicki', 1529000044, 1529000044, 3),
(2209, 'tb_ajuste_colaborador', '475', 'michele.novicki', 1529000073, 1529000073, 3),
(2210, 'tb_ajuste_colaborador', '476', 'michele.novicki', 1529000095, 1529000095, 3),
(2211, 'tb_ajuste_colaborador', '477', 'michele.novicki', 1529000121, 1529000121, 3),
(2212, 'tb_ajuste_colaborador', '478', 'michele.novicki', 1529000171, 1529000171, 3),
(2213, 'tb_ajuste_colaborador', '479', 'michele.novicki', 1529000198, 1529000198, 3),
(2214, 'tb_ajuste_colaborador', '480', 'michele.novicki', 1529000228, 1529000228, 3),
(2215, 'tb_ajuste_colaborador', '481', 'michele.novicki', 1529000250, 1529000250, 3),
(2216, 'tb_ajuste_colaborador', '482', 'michele.novicki', 1529000273, 1529000273, 3),
(2217, 'tb_ajuste_colaborador', '483', 'michele.novicki', 1529000297, 1529000297, 3),
(2218, 'tb_ajuste_colaborador', '484', 'michele.novicki', 1529000327, 1529000327, 3),
(2219, 'tb_ajuste_colaborador', '485', 'michele.novicki', 1529000354, 1529000354, 3),
(2220, 'tb_ajuste_colaborador', '486', 'michele.novicki', 1529000376, 1529000376, 3),
(2221, 'tb_ajuste_colaborador', '487', 'michele.novicki', 1529000402, 1529000402, 3),
(2222, 'tb_ajuste_colaborador', '488', 'michele.novicki', 1529000427, 1529000427, 3),
(2223, 'tb_ajuste_colaborador', '489', 'michele.novicki', 1529000455, 1529000455, 3),
(2224, 'tb_ajuste_colaborador', '490', 'michele.novicki', 1529000506, 1529000506, 3),
(2225, 'tb_ajuste_colaborador', '491', 'michele.novicki', 1529000591, 1529000591, 3),
(2226, 'tb_ajuste_colaborador', '492', 'michele.novicki', 1529000616, 1529000616, 3),
(2227, 'tb_ajuste_colaborador', '493', 'michele.novicki', 1529000643, 1529000643, 3),
(2228, 'tb_ajuste_colaborador', '494', 'michele.novicki', 1529000668, 1529000668, 3),
(2229, 'tb_ajuste_colaborador', '495', 'michele.novicki', 1529000689, 1529000689, 3),
(2230, 'tb_ajuste_colaborador', '496', 'michele.novicki', 1529000716, 1529000716, 3),
(2231, 'tb_ajuste_colaborador', '497', 'michele.novicki', 1529000755, 1529000755, 3),
(2232, 'tb_ajuste_colaborador', '498', 'michele.novicki', 1529000783, 1529000783, 3),
(2233, 'tb_ajuste_colaborador', '499', 'michele.novicki', 1529000830, 1529000830, 3),
(2234, 'tb_ajuste_colaborador', '500', 'michele.novicki', 1529000857, 1529000857, 3),
(2235, 'tb_ajuste_colaborador', '501', 'michele.novicki', 1529000879, 1529000879, 3),
(2236, 'tb_ajuste_colaborador', '502', 'michele.novicki', 1529000904, 1529000904, 3),
(2237, 'tb_ajuste_colaborador', '503', 'michele.novicki', 1529000933, 1529000933, 3),
(2238, 'tb_ajuste_colaborador', '504', 'michele.novicki', 1529000965, 1529000965, 3),
(2239, 'tb_ajuste_colaborador', '505', 'michele.novicki', 1529001613, 1529001613, 3),
(2240, 'tb_ajuste_colaborador', '506', 'michele.novicki', 1529001639, 1529001639, 3),
(2241, 'tb_ajuste_colaborador', '507', 'michele.novicki', 1529001678, 1529001678, 3),
(2242, 'tb_ajuste_colaborador', '508', 'michele.novicki', 1529001707, 1529001707, 3),
(2243, 'tb_ajuste_colaborador', '509', 'michele.novicki', 1529001756, 1529001756, 3),
(2244, 'tb_entrevista', '300', 'fernanda.santos2', 1529001896, 1529001896, 3),
(2245, 'tb_entrevista', '301', 'fernanda.santos2', 1529001926, 1529001926, 3),
(2246, 'tb_entrevista', '302', 'fernanda.santos2', 1529001960, 1529001960, 3),
(2247, 'tb_entrevista', '303', 'fernanda.santos2', 1529002019, 1529002019, 3),
(2248, 'tb_ajuste_colaborador', '510', 'michele.novicki', 1529002678, 1529002678, 3),
(2249, 'tb_ajuste_colaborador', '511', 'michele.novicki', 1529002715, 1529002715, 3),
(2250, 'tb_ajuste_colaborador', '512', 'michele.novicki', 1529002752, 1529002752, 3),
(2251, 'tb_ajuste_colaborador', '513', 'michele.novicki', 1529002792, 1529002792, 3),
(2252, 'tb_ajuste_colaborador', '514', 'michele.novicki', 1529002829, 1529002829, 3),
(2253, 'tb_ajuste_colaborador', '515', 'michele.novicki', 1529002861, 1529002861, 3),
(2254, 'tb_ajuste_colaborador', '516', 'michele.novicki', 1529002905, 1529002905, 3),
(2255, 'tb_ajuste_colaborador', '517', 'michele.novicki', 1529003455, 1529003455, 3),
(2256, 'tb_ajuste_colaborador', '518', 'michele.novicki', 1529003490, 1529003490, 3),
(2257, 'tb_ajuste_colaborador', '519', 'michele.novicki', 1529003521, 1529003521, 3),
(2258, 'tb_ajuste_colaborador', '520', 'michele.novicki', 1529003552, 1529003552, 3),
(2259, 'tb_ajuste_colaborador', '521', 'michele.novicki', 1529004289, 1529004289, 3),
(2260, 'tb_ajuste_colaborador', '522', 'michele.novicki', 1529004317, 1529004317, 3),
(2261, 'tb_ajuste_colaborador', '523', 'michele.novicki', 1529004353, 1529004353, 3),
(2262, 'tb_ajuste_colaborador', '524', 'michele.novicki', 1529004385, 1529004385, 3),
(2263, 'tb_ajuste_colaborador', '525', 'michele.novicki', 1529004426, 1529004426, 3),
(2264, 'tb_ajuste_colaborador', '526', 'michele.novicki', 1529004966, 1529004966, 3),
(2265, 'tb_ajuste_colaborador', '527', 'michele.novicki', 1529005026, 1529005026, 3),
(2266, 'tb_ajuste_colaborador', '528', 'michele.novicki', 1529005059, 1529005059, 3),
(2267, 'tb_ajuste_colaborador', '529', 'michele.novicki', 1529005086, 1529005086, 3),
(2268, 'tb_entrevista', '304', 'estefane.braga', 1529010315, 1529010315, 3),
(2269, 'tb_entrevista', '305', 'estefane.braga', 1529010343, 1529010343, 3),
(2270, 'tb_entrevista', '306', 'rafael.silva2', 1529068121, 1529068121, 3),
(2271, 'tb_ajuste_colaborador', '530', 'michele.novicki', 1529070141, 1529070141, 3),
(2272, 'tb_ajuste_colaborador', '531', 'michele.novicki', 1529070170, 1529070170, 3),
(2273, 'tb_ajuste_colaborador', '532', 'michele.novicki', 1529070216, 1529070216, 3),
(2274, 'tb_ajuste_colaborador', '533', 'michele.novicki', 1529070262, 1529070262, 3),
(2275, 'tb_ajuste_colaborador', '534', 'michele.novicki', 1529070297, 1529070297, 3),
(2276, 'tb_ajuste_colaborador', '535', 'michele.novicki', 1529071377, 1529071377, 3),
(2277, 'tb_ajuste_colaborador', '536', 'michele.novicki', 1529071407, 1529071407, 3),
(2278, 'tb_ajuste_colaborador', '537', 'michele.novicki', 1529071477, 1529071477, 3),
(2279, 'tb_ajuste_colaborador', '538', 'michele.novicki', 1529071511, 1529071511, 3),
(2280, 'tb_ajuste_colaborador', '539', 'michele.novicki', 1529071563, 1529071563, 3),
(2281, 'tb_ajuste_colaborador', '540', 'michele.novicki', 1529071593, 1529071593, 3),
(2282, 'tb_ajuste_colaborador', '541', 'michele.novicki', 1529072627, 1529072627, 3),
(2283, 'tb_ajuste_colaborador', '542', 'michele.novicki', 1529072661, 1529072661, 3),
(2284, 'tb_ajuste_colaborador', '543', 'michele.novicki', 1529072707, 1529072707, 3),
(2285, 'tb_ajuste_colaborador', '544', 'michele.novicki', 1529072743, 1529072743, 3),
(2286, 'tb_ajuste_colaborador', '545', 'michele.novicki', 1529075077, 1529075077, 3),
(2287, 'tb_ajuste_colaborador', '546', 'michele.novicki', 1529075123, 1529075123, 3),
(2288, 'tb_ajuste_colaborador', '547', 'michele.novicki', 1529075165, 1529075165, 3),
(2289, 'tb_ajuste_colaborador', '548', 'michele.novicki', 1529075435, 1529075435, 3),
(2290, 'tb_ajuste_colaborador', '549', 'michele.novicki', 1529075460, 1529075460, 3),
(2291, 'tb_ajuste_colaborador', '550', 'michele.novicki', 1529075520, 1529075520, 3),
(2292, 'tb_ajuste_colaborador', '551', 'michele.novicki', 1529075589, 1529075589, 3),
(2293, 'tb_ajuste_colaborador', '552', 'michele.novicki', 1529075621, 1529075621, 3),
(2294, 'tb_ajuste_colaborador', '553', 'michele.novicki', 1529076721, 1529076721, 3),
(2295, 'tb_ajuste_colaborador', '554', 'michele.novicki', 1529076777, 1529076777, 3),
(2296, 'tb_ajuste_colaborador', '555', 'michele.novicki', 1529076819, 1529076819, 3),
(2297, 'tb_ajuste_colaborador', '556', 'michele.novicki', 1529076900, 1529076909, 3),
(2298, 'tb_ajuste_colaborador', '557', 'michele.novicki', 1529076955, 1529076955, 3),
(2299, 'tb_ajuste_colaborador', '558', 'michele.novicki', 1529077008, 1529077133, 3),
(2300, 'tb_ajuste_colaborador', '559', 'michele.novicki', 1529077064, 1529077141, 3),
(2301, 'tb_ajuste_colaborador', '560', 'michele.novicki', 1529077102, 1529077102, 3),
(2302, 'tb_ajuste_colaborador', '561', 'michele.novicki', 1529077187, 1529077187, 3),
(2303, 'tb_ajuste_colaborador', '562', 'michele.novicki', 1529082906, 1529082906, 3),
(2304, 'tb_ajuste_colaborador', '563', 'michele.novicki', 1529082950, 1529082950, 3),
(2305, 'tb_ajuste_colaborador', '564', 'michele.novicki', 1529082989, 1529082989, 3),
(2306, 'tb_ajuste_colaborador', '565', 'michele.novicki', 1529083025, 1529083038, 3),
(2307, 'tb_ajuste_colaborador', '566', 'michele.novicki', 1529083067, 1529083067, 3),
(2308, 'tb_ajuste_colaborador', '567', 'michele.novicki', 1529083103, 1529083103, 3),
(2309, 'tb_ajuste_colaborador', '568', 'michele.novicki', 1529083143, 1529083143, 3),
(2310, 'tb_ajuste_colaborador', '569', 'michele.novicki', 1529083170, 1529083170, 3),
(2311, 'tb_ajuste_colaborador', '570', 'michele.novicki', 1529083228, 1529083228, 3),
(2312, 'tb_ajuste_colaborador', '571', 'michele.novicki', 1529083290, 1529083290, 3),
(2313, 'tb_ajuste_colaborador', '572', 'michele.novicki', 1529083338, 1529083338, 3),
(2314, 'tb_ajuste_colaborador', '573', 'michele.novicki', 1529083364, 1529083364, 3),
(2315, 'tb_ajuste_colaborador', '574', 'michele.novicki', 1529083395, 1529083395, 3),
(2316, 'tb_ajuste_colaborador', '575', 'michele.novicki', 1529083430, 1529083430, 3),
(2317, 'tb_ajuste_colaborador', '576', 'michele.novicki', 1529083462, 1529083462, 3),
(2318, 'tb_ajuste_colaborador', '577', 'michele.novicki', 1529083836, 1529083836, 3),
(2319, 'tb_ajuste_colaborador', '578', 'michele.novicki', 1529083860, 1529083860, 3),
(2320, 'tb_ajuste_colaborador', '579', 'michele.novicki', 1529083898, 1529083898, 3),
(2321, 'tb_ajuste_colaborador', '580', 'michele.novicki', 1529084272, 1529084272, 3),
(2322, 'tb_ajuste_colaborador', '581', 'michele.novicki', 1529084314, 1529084337, 3),
(2323, 'tb_entrevista', '307', 'fernanda.santos2', 1529084627, 1529084627, 3),
(2324, 'tb_entrevista', '308', 'fernanda.santos2', 1529084696, 1529084696, 3),
(2325, 'tb_ajuste_colaborador', '582', 'michele.novicki', 1529084787, 1529084787, 3),
(2326, 'tb_ajuste_colaborador', '583', 'michele.novicki', 1529084821, 1529084821, 3),
(2327, 'tb_entrevista', '309', 'fernanda.santos2', 1529084836, 1529084836, 3),
(2328, 'tb_ajuste_colaborador', '584', 'michele.novicki', 1529084839, 1529084849, 3),
(2329, 'tb_ajuste_colaborador', '585', 'michele.novicki', 1529084902, 1529084902, 3),
(2330, 'tb_ajuste_colaborador', '586', 'michele.novicki', 1529084922, 1529084922, 3),
(2331, 'tb_ajuste_colaborador', '587', 'michele.novicki', 1529085404, 1529085404, 3),
(2332, 'tb_ajuste_colaborador', '588', 'michele.novicki', 1529085438, 1529085438, 3),
(2333, 'tb_ajuste_colaborador', '589', 'michele.novicki', 1529085504, 1529085504, 3),
(2334, 'tb_ajuste_colaborador', '590', 'michele.novicki', 1529086158, 1529086158, 3),
(2335, 'tb_ajuste_colaborador', '591', 'michele.novicki', 1529086200, 1529086200, 3),
(2336, 'tb_ajuste_colaborador', '592', 'michele.novicki', 1529086226, 1529086226, 3),
(2337, 'tb_ajuste_colaborador', '593', 'michele.novicki', 1529086573, 1529086573, 3),
(2338, 'tb_ajuste_colaborador', '594', 'michele.novicki', 1529086632, 1529086632, 3),
(2339, 'tb_ajuste_colaborador', '595', 'michele.novicki', 1529086666, 1529086666, 3),
(2340, 'tb_ajuste_colaborador', '596', 'michele.novicki', 1529087284, 1529087500, 3),
(2341, 'tb_ajuste_colaborador', '597', 'michele.novicki', 1529087570, 1529087570, 3),
(2342, 'tb_ajuste_colaborador', '598', 'michele.novicki', 1529087611, 1529087611, 3),
(2343, 'tb_ajuste_colaborador', '599', 'michele.novicki', 1529088391, 1529088391, 3),
(2344, 'tb_ajuste_colaborador', '600', 'michele.novicki', 1529088422, 1529088422, 3),
(2345, 'tb_ajuste_colaborador', '601', 'michele.novicki', 1529088456, 1529088456, 3),
(2346, 'tb_ajuste_colaborador', '602', 'michele.novicki', 1529088482, 1529088482, 3),
(2347, 'tb_ajuste_colaborador', '603', 'michele.novicki', 1529088520, 1529088520, 3),
(2348, 'tb_ajuste_colaborador', '604', 'michele.novicki', 1529088543, 1529088543, 3),
(2349, 'tb_ajuste_colaborador', '605', 'michele.novicki', 1529088565, 1529088565, 3),
(2350, 'tb_ajuste_colaborador', '606', 'michele.novicki', 1529088614, 1529088614, 3),
(2351, 'tb_ajuste_colaborador', '607', 'michele.novicki', 1529088636, 1529088636, 3),
(2352, 'tb_ajuste_colaborador', '608', 'michele.novicki', 1529088663, 1529088663, 3),
(2353, 'tb_ajuste_colaborador', '609', 'michele.novicki', 1529088683, 1529088683, 3),
(2354, 'tb_ajuste_colaborador', '610', 'michele.novicki', 1529088704, 1529088704, 3),
(2355, 'tb_ajuste_colaborador', '611', 'michele.novicki', 1529088978, 1529088978, 3),
(2356, 'tb_ajuste_colaborador', '612', 'michele.novicki', 1529089025, 1529089025, 3),
(2357, 'tb_ajuste_colaborador', '613', 'michele.novicki', 1529089064, 1529089064, 3),
(2358, 'tb_ajuste_colaborador', '614', 'michele.novicki', 1529089088, 1529089088, 3),
(2359, 'tb_ajuste_colaborador', '615', 'michele.novicki', 1529089122, 1529089122, 3),
(2360, 'tb_ajuste_colaborador', '616', 'michele.novicki', 1529089568, 1529089568, 3),
(2361, 'tb_ajuste_colaborador', '617', 'michele.novicki', 1529089611, 1529089611, 3),
(2362, 'tb_ajuste_colaborador', '618', 'michele.novicki', 1529089730, 1529089730, 3),
(2363, 'tb_ajuste_colaborador', '619', 'michele.novicki', 1529089771, 1529089771, 3),
(2364, 'tb_ajuste_colaborador', '620', 'michele.novicki', 1529089799, 1529089799, 3),
(2365, 'tb_ajuste_colaborador', '621', 'michele.novicki', 1529089829, 1529089829, 3),
(2366, 'tb_ajuste_colaborador', '622', 'michele.novicki', 1529091092, 1529091092, 3),
(2367, 'tb_ajuste_colaborador', '623', 'michele.novicki', 1529091130, 1529091141, 3),
(2368, 'tb_ajuste_colaborador', '624', 'michele.novicki', 1529091439, 1529091439, 3),
(2369, 'tb_entrevista', '310', 'estefane.braga', 1529092124, 1529092124, 3),
(2370, 'tb_entrevista', '311', 'estefane.braga', 1529092398, 1529092398, 3),
(2371, 'tb_entrevista', '312', 'hadelen.lima', 1529326791, 1529329427, 3),
(2372, 'tb_ajuste_colaborador', '625', 'michele.novicki', 1529332486, 1529332486, 3),
(2373, 'tb_ajuste_colaborador', '626', 'michele.novicki', 1529332513, 1529332513, 3),
(2374, 'tb_ajuste_colaborador', '627', 'michele.novicki', 1529332535, 1529332535, 3),
(2375, 'tb_ajuste_colaborador', '628', 'michele.novicki', 1529332562, 1529332562, 3),
(2376, 'tb_ajuste_colaborador', '629', 'michele.novicki', 1529332584, 1529332584, 3),
(2377, 'tb_ajuste_colaborador', '630', 'michele.novicki', 1529332610, 1529332610, 3),
(2378, 'tb_ajuste_colaborador', '631', 'michele.novicki', 1529332656, 1529332656, 3),
(2379, 'tb_ajuste_colaborador', '632', 'michele.novicki', 1529332687, 1529332687, 3),
(2380, 'tb_ajuste_colaborador', '633', 'michele.novicki', 1529332868, 1529332868, 3),
(2381, 'tb_ajuste_colaborador', '634', 'michele.novicki', 1529333729, 1529333729, 3),
(2382, 'tb_ajuste_colaborador', '635', 'michele.novicki', 1529333754, 1529333754, 3),
(2383, 'tb_ajuste_colaborador', '636', 'michele.novicki', 1529333785, 1529333785, 3),
(2384, 'tb_ajuste_colaborador', '637', 'michele.novicki', 1529333803, 1529333803, 3),
(2385, 'tb_ajuste_colaborador', '638', 'michele.novicki', 1529333846, 1529333846, 3),
(2386, 'tb_ajuste_colaborador', '639', 'michele.novicki', 1529333878, 1529333878, 3),
(2387, 'tb_ajuste_colaborador', '640', 'michele.novicki', 1529333907, 1529333907, 3),
(2388, 'tb_ajuste_colaborador', '641', 'michele.novicki', 1529333932, 1529333932, 3),
(2389, 'tb_ajuste_colaborador', '642', 'michele.novicki', 1529333959, 1529333959, 3),
(2390, 'tb_ajuste_colaborador', '643', 'michele.novicki', 1529333987, 1529333987, 3),
(2391, 'tb_ajuste_colaborador', '644', 'michele.novicki', 1529334023, 1529334023, 3),
(2392, 'tb_ajuste_colaborador', '645', 'michele.novicki', 1529334056, 1529334056, 3),
(2393, 'tb_ajuste_colaborador', '646', 'michele.novicki', 1529334080, 1529334080, 3),
(2394, 'tb_ajuste_colaborador', '647', 'michele.novicki', 1529334768, 1529334768, 3),
(2395, 'tb_ajuste_colaborador', '648', 'michele.novicki', 1529334798, 1529334835, 3),
(2396, 'tb_ajuste_colaborador', '649', 'michele.novicki', 1529334872, 1529334872, 3),
(2397, 'tb_ajuste_colaborador', '650', 'michele.novicki', 1529334901, 1529334901, 3),
(2398, 'tb_ajuste_colaborador', '651', 'michele.novicki', 1529334932, 1529334932, 3),
(2399, 'tb_ajuste_colaborador', '652', 'michele.novicki', 1529335316, 1529335316, 3),
(2400, 'tb_ajuste_colaborador', '653', 'michele.novicki', 1529335345, 1529335345, 3),
(2401, 'tb_ajuste_colaborador', '654', 'michele.novicki', 1529335376, 1529335376, 3),
(2402, 'tb_ajuste_colaborador', '655', 'michele.novicki', 1529335400, 1529335400, 3),
(2403, 'tb_ajuste_colaborador', '656', 'michele.novicki', 1529335468, 1529335468, 3),
(2404, 'tb_ajuste_colaborador', '657', 'michele.novicki', 1529335520, 1529335520, 3),
(2405, 'tb_ajuste_colaborador', '658', 'michele.novicki', 1529335548, 1529335548, 3),
(2406, 'tb_ajuste_colaborador', '659', 'michele.novicki', 1529335577, 1529335577, 3),
(2407, 'tb_ajuste_colaborador', '660', 'michele.novicki', 1529335727, 1529335727, 3),
(2408, 'tb_ajuste_colaborador', '661', 'michele.novicki', 1529335753, 1529335753, 3),
(2409, 'tb_ajuste_colaborador', '662', 'michele.novicki', 1529335774, 1529335774, 3),
(2410, 'tb_ajuste_colaborador', '663', 'michele.novicki', 1529335799, 1529335799, 3),
(2411, 'tb_ajuste_colaborador', '664', 'michele.novicki', 1529335834, 1529335834, 3),
(2412, 'tb_ajuste_colaborador', '665', 'michele.novicki', 1529336147, 1529336147, 3),
(2413, 'tb_ajuste_colaborador', '666', 'michele.novicki', 1529336193, 1529336193, 3),
(2414, 'tb_ajuste_colaborador', '667', 'michele.novicki', 1529336226, 1529336226, 3),
(2415, 'tb_ajuste_colaborador', '668', 'michele.novicki', 1529336381, 1529336381, 3),
(2416, 'tb_ajuste_colaborador', '669', 'michele.novicki', 1529336415, 1529336415, 3),
(2417, 'tb_ajuste_colaborador', '670', 'michele.novicki', 1529336448, 1529336448, 3),
(2418, 'tb_ajuste_colaborador', '671', 'michele.novicki', 1529337442, 1529337442, 3),
(2419, 'tb_ajuste_colaborador', '672', 'michele.novicki', 1529337466, 1529337466, 3),
(2420, 'tb_ajuste_colaborador', '673', 'michele.novicki', 1529337495, 1529337495, 3),
(2421, 'tb_ajuste_colaborador', '674', 'michele.novicki', 1529337530, 1529337530, 3),
(2422, 'tb_ajuste_colaborador', '675', 'michele.novicki', 1529337552, 1529337552, 3),
(2423, 'tb_ajuste_colaborador', '676', 'michele.novicki', 1529337583, 1529337583, 3),
(2424, 'tb_ajuste_colaborador', '677', 'michele.novicki', 1529337629, 1529337629, 3),
(2425, 'tb_ajuste_colaborador', '678', 'michele.novicki', 1529337667, 1529337667, 3),
(2426, 'tb_ajuste_colaborador', '679', 'michele.novicki', 1529337697, 1529337697, 3),
(2427, 'tb_ajuste_colaborador', '680', 'michele.novicki', 1529337740, 1529337740, 3),
(2428, 'tb_ajuste_colaborador', '681', 'michele.novicki', 1529337778, 1529337778, 3),
(2429, 'tb_ajuste_colaborador', '682', 'michele.novicki', 1529337808, 1529337808, 3),
(2430, 'tb_entrevista', '313', 'rafael.silva2', 1529337814, 1529337814, 3),
(2431, 'tb_ajuste_colaborador', '683', 'michele.novicki', 1529337835, 1529337835, 3),
(2432, 'tb_entrevista', '314', 'rafael.silva2', 1529337859, 1529337859, 3),
(2433, 'tb_ajuste_colaborador', '684', 'michele.novicki', 1529338664, 1529338664, 3),
(2434, 'tb_ajuste_colaborador', '685', 'michele.novicki', 1529338700, 1529338700, 3),
(2435, 'tb_ajuste_colaborador', '686', 'michele.novicki', 1529338723, 1529338723, 3),
(2436, 'tb_ajuste_colaborador', '687', 'michele.novicki', 1529338755, 1529338755, 3),
(2437, 'tb_ajuste_colaborador', '688', 'michele.novicki', 1529338786, 1529338786, 3),
(2438, 'tb_ajuste_colaborador', '689', 'michele.novicki', 1529339214, 1529339214, 3),
(2439, 'tb_ajuste_colaborador', '690', 'michele.novicki', 1529339249, 1529339249, 3),
(2440, 'tb_ajuste_colaborador', '691', 'michele.novicki', 1529339281, 1529339281, 3),
(2441, 'tb_ajuste_colaborador', '692', 'michele.novicki', 1529341231, 1529341231, 3),
(2442, 'tb_ajuste_colaborador', '693', 'michele.novicki', 1529341266, 1529341266, 3),
(2443, 'tb_ajuste_colaborador', '694', 'michele.novicki', 1529341305, 1529341305, 3),
(2444, 'tb_ajuste_colaborador', '695', 'michele.novicki', 1529341331, 1529341331, 3),
(2445, 'tb_ajuste_colaborador', '696', 'michele.novicki', 1529341542, 1529341542, 3),
(2446, 'tb_ajuste_colaborador', '697', 'michele.novicki', 1529341586, 1529341586, 3),
(2447, 'tb_ajuste_colaborador', '698', 'michele.novicki', 1529341611, 1529341611, 3),
(2448, 'tb_ajuste_colaborador', '699', 'michele.novicki', 1529342751, 1529342751, 3),
(2449, 'tb_ajuste_colaborador', '700', 'michele.novicki', 1529342784, 1529342784, 3),
(2450, 'tb_ajuste_colaborador', '701', 'michele.novicki', 1529342830, 1529342830, 3),
(2451, 'tb_ajuste_colaborador', '702', 'michele.novicki', 1529342863, 1529342863, 3),
(2452, 'tb_ajuste_colaborador', '703', 'michele.novicki', 1529342897, 1529342897, 3),
(2453, 'tb_ajuste_colaborador', '704', 'michele.novicki', 1529342932, 1529342932, 3),
(2454, 'tb_ajuste_colaborador', '705', 'michele.novicki', 1529343440, 1529343440, 3),
(2455, 'tb_ajuste_colaborador', '706', 'michele.novicki', 1529343491, 1529343491, 3),
(2456, 'tb_ajuste_colaborador', '707', 'michele.novicki', 1529343519, 1529343519, 3),
(2457, 'tb_ajuste_colaborador', '708', 'michele.novicki', 1529343564, 1529343564, 3),
(2458, 'tb_ajuste_colaborador', '709', 'michele.novicki', 1529343593, 1529343593, 3),
(2459, 'tb_ajuste_colaborador', '710', 'michele.novicki', 1529343793, 1529343793, 3),
(2460, 'tb_ajuste_colaborador', '711', 'michele.novicki', 1529344002, 1529344002, 3),
(2461, 'tb_ajuste_colaborador', '712', 'michele.novicki', 1529344041, 1529344041, 3),
(2462, 'tb_ajuste_colaborador', '713', 'michele.novicki', 1529344071, 1529344071, 3),
(2463, 'tb_ajuste_colaborador', '714', 'michele.novicki', 1529344104, 1529344104, 3),
(2464, 'tb_ajuste_colaborador', '715', 'michele.novicki', 1529344131, 1529344131, 3),
(2465, 'tb_ajuste_colaborador', '716', 'michele.novicki', 1529344290, 1529344290, 3),
(2466, 'tb_ajuste_colaborador', '717', 'michele.novicki', 1529344311, 1529344311, 3),
(2467, 'tb_ajuste_colaborador', '718', 'michele.novicki', 1529344339, 1529344339, 3),
(2468, 'tb_ajuste_colaborador', '719', 'michele.novicki', 1529344366, 1529344366, 3),
(2469, 'tb_ajuste_colaborador', '720', 'michele.novicki', 1529344615, 1529344615, 3),
(2470, 'tb_ajuste_colaborador', '721', 'michele.novicki', 1529344706, 1529344706, 3),
(2471, 'tb_ajuste_colaborador', '722', 'michele.novicki', 1529344745, 1529344745, 3),
(2472, 'tb_ajuste_colaborador', '723', 'michele.novicki', 1529344772, 1529344772, 3),
(2473, 'tb_ajuste_colaborador', '724', 'michele.novicki', 1529344800, 1529344800, 3),
(2474, 'tb_ajuste_colaborador', '725', 'michele.novicki', 1529344821, 1529344832, 3),
(2475, 'tb_ajuste_colaborador', '726', 'michele.novicki', 1529345348, 1529345348, 3),
(2476, 'tb_ajuste_colaborador', '727', 'michele.novicki', 1529345383, 1529345383, 3),
(2477, 'tb_ajuste_colaborador', '728', 'michele.novicki', 1529345417, 1529345417, 3),
(2478, 'tb_ajuste_colaborador', '729', 'michele.novicki', 1529345454, 1529345454, 3),
(2479, 'tb_ajuste_colaborador', '730', 'michele.novicki', 1529345692, 1529345692, 3),
(2480, 'tb_ajuste_colaborador', '731', 'michele.novicki', 1529345730, 1529345730, 3),
(2481, 'tb_ajuste_colaborador', '732', 'michele.novicki', 1529346017, 1529346017, 3),
(2482, 'tb_ajuste_colaborador', '733', 'michele.novicki', 1529346066, 1529346066, 3),
(2483, 'tb_ajuste_colaborador', '734', 'michele.novicki', 1529346338, 1529346520, 3),
(2484, 'tb_ajuste_colaborador', '735', 'michele.novicki', 1529346555, 1529346555, 3),
(2485, 'tb_ajuste_colaborador', '736', 'michele.novicki', 1529346583, 1529346583, 3),
(2486, 'tb_entrevista', '315', 'fernanda.santos2', 1529347486, 1529347486, 3),
(2487, 'tb_entrevista', '316', 'fernanda.santos2', 1529347543, 1529347543, 3),
(2488, 'tb_entrevista', '317', 'fernanda.santos2', 1529347603, 1529347603, 3),
(2489, 'tb_entrevista', '318', 'fernanda.santos2', 1529347676, 1529347676, 3),
(2490, 'tb_entrevista', '319', 'fernanda.santos2', 1529347746, 1529347746, 3),
(2491, 'tb_ajuste_colaborador', '737', 'michele.novicki', 1529348209, 1529348209, 3),
(2492, 'tb_ajuste_colaborador', '738', 'michele.novicki', 1529348392, 1529348392, 3),
(2493, 'tb_ajuste_colaborador', '739', 'michele.novicki', 1529348423, 1529348423, 3),
(2494, 'tb_ajuste_colaborador', '740', 'michele.novicki', 1529348456, 1529348456, 3),
(2495, 'tb_ajuste_colaborador', '741', 'michele.novicki', 1529348503, 1529348503, 3),
(2496, 'tb_ajuste_colaborador', '742', 'michele.novicki', 1529348543, 1529348543, 3),
(2497, 'tb_ajuste_colaborador', '743', 'michele.novicki', 1529348588, 1529348598, 3),
(2498, 'tb_ajuste_colaborador', '744', 'michele.novicki', 1529348631, 1529348631, 3),
(2499, 'tb_ajuste_colaborador', '745', 'michele.novicki', 1529349291, 1529349291, 3),
(2500, 'tb_ajuste_colaborador', '746', 'michele.novicki', 1529349316, 1529349316, 3),
(2501, 'tb_ajuste_colaborador', '747', 'michele.novicki', 1529349345, 1529349345, 3),
(2502, 'tb_ajuste_colaborador', '748', 'michele.novicki', 1529349370, 1529349370, 3),
(2503, 'tb_ajuste_colaborador', '749', 'michele.novicki', 1529349573, 1529349573, 3),
(2504, 'tb_ajuste_colaborador', '750', 'michele.novicki', 1529349623, 1529349623, 3),
(2505, 'tb_ajuste_colaborador', '751', 'michele.novicki', 1529349649, 1529349649, 3),
(2506, 'tb_ajuste_colaborador', '752', 'michele.novicki', 1529349934, 1529349934, 3),
(2507, 'tb_ajuste_colaborador', '753', 'michele.novicki', 1529349979, 1529349979, 3),
(2508, 'tb_ajuste_colaborador', '754', 'michele.novicki', 1529349999, 1529349999, 3),
(2509, 'tb_ajuste_colaborador', '755', 'michele.novicki', 1529350021, 1529350021, 3),
(2510, 'tb_ajuste_colaborador', '756', 'michele.novicki', 1529350046, 1529350046, 3),
(2511, 'tb_ajuste_colaborador', '757', 'michele.novicki', 1529350070, 1529350070, 3),
(2512, 'tb_ajuste_colaborador', '758', 'michele.novicki', 1529350105, 1529350105, 3),
(2513, 'tb_ajuste_colaborador', '759', 'michele.novicki', 1529350153, 1529350153, 3),
(2514, 'tb_ajuste_colaborador', '760', 'michele.novicki', 1529350373, 1529350373, 3),
(2515, 'tb_ajuste_colaborador', '761', 'michele.novicki', 1529350552, 1529350552, 3),
(2516, 'tb_ajuste_colaborador', '762', 'michele.novicki', 1529350587, 1529350587, 3),
(2517, 'tb_ajuste_colaborador', '763', 'michele.novicki', 1529350616, 1529350616, 3),
(2518, 'tb_ajuste_colaborador', '764', 'michele.novicki', 1529350779, 1529350779, 3),
(2519, 'tb_ajuste_colaborador', '765', 'michele.novicki', 1529351070, 1529351070, 3),
(2520, 'tb_ajuste_colaborador', '766', 'michele.novicki', 1529351095, 1529351095, 3),
(2521, 'tb_ajuste_colaborador', '767', 'michele.novicki', 1529351142, 1529351142, 3),
(2522, 'tb_ajuste_colaborador', '768', 'michele.novicki', 1529351168, 1529351168, 3),
(2523, 'tb_ajuste_colaborador', '769', 'michele.novicki', 1529351196, 1529351196, 3),
(2524, 'tb_ajuste_colaborador', '770', 'michele.novicki', 1529351220, 1529351220, 3),
(2525, 'tb_ajuste_colaborador', '771', 'michele.novicki', 1529351243, 1529351243, 3),
(2526, 'tb_entrevista', '320', 'estefane.braga', 1529351486, 1529351486, 3),
(2527, 'tb_ajuste_colaborador', '772', 'michele.novicki', 1529351501, 1529351501, 3),
(2528, 'tb_entrevista', '321', 'estefane.braga', 1529351535, 1529351535, 3),
(2529, 'tb_entrevista', '322', 'estefane.braga', 1529351728, 1529351728, 3),
(2530, 'tb_ajuste_colaborador', '773', 'michele.novicki', 1529351845, 1529351845, 3),
(2531, 'tb_ajuste_colaborador', '774', 'michele.novicki', 1529412911, 1529412911, 3),
(2532, 'tb_ajuste_colaborador', '775', 'michele.novicki', 1529412941, 1529412941, 3),
(2533, 'tb_ajuste_colaborador', '776', 'michele.novicki', 1529412965, 1529412965, 3),
(2534, 'tb_ajuste_colaborador', '777', 'michele.novicki', 1529413016, 1529413016, 3),
(2535, 'tb_ajuste_colaborador', '778', 'michele.novicki', 1529413043, 1529413043, 3),
(2536, 'tb_ajuste_colaborador', '779', 'michele.novicki', 1529413075, 1529413075, 3),
(2537, 'tb_ajuste_colaborador', '780', 'michele.novicki', 1529413100, 1529413100, 3),
(2538, 'tb_ajuste_colaborador', '781', 'michele.novicki', 1529413128, 1529413128, 3),
(2539, 'tb_entrevista', '323', 'hadelen.lima', 1529413132, 1529602798, 3),
(2540, 'tb_ajuste_colaborador', '782', 'michele.novicki', 1529413594, 1529413594, 3),
(2541, 'tb_ajuste_colaborador', '783', 'michele.novicki', 1529413631, 1529413631, 3),
(2542, 'tb_ajuste_colaborador', '784', 'michele.novicki', 1529413675, 1529413675, 3),
(2543, 'tb_ajuste_colaborador', '785', 'michele.novicki', 1529413710, 1529413710, 3),
(2544, 'tb_ajuste_colaborador', '786', 'michele.novicki', 1529413751, 1529413751, 3),
(2546, 'tb_ajuste_colaborador', '788', 'michele.novicki', 1529413880, 1529413880, 3),
(2547, 'tb_ajuste_colaborador', '789', 'michele.novicki', 1529413914, 1529413914, 3),
(2548, 'tb_ajuste_colaborador', '790', 'michele.novicki', 1529413954, 1529413954, 3),
(2549, 'tb_ajuste_colaborador', '791', 'michele.novicki', 1529413983, 1529413983, 3),
(2550, 'tb_ajuste_colaborador', '792', 'michele.novicki', 1529414014, 1529414014, 3),
(2551, 'tb_ajuste_colaborador', '793', 'michele.novicki', 1529414185, 1529414185, 3),
(2552, 'tb_ajuste_colaborador', '794', 'michele.novicki', 1529414219, 1529414219, 3),
(2553, 'tb_ajuste_colaborador', '795', 'michele.novicki', 1529414368, 1529414368, 3),
(2554, 'tb_ajuste_colaborador', '796', 'michele.novicki', 1529414397, 1529414397, 3),
(2555, 'tb_ajuste_colaborador', '797', 'michele.novicki', 1529414422, 1529414422, 3),
(2556, 'tb_ajuste_colaborador', '798', 'michele.novicki', 1529414597, 1529414597, 3),
(2557, 'tb_ajuste_colaborador', '799', 'michele.novicki', 1529414782, 1529414782, 3),
(2558, 'tb_ajuste_colaborador', '800', 'michele.novicki', 1529414951, 1529414951, 3),
(2559, 'tb_ajuste_colaborador', '801', 'michele.novicki', 1529414981, 1529414981, 3),
(2560, 'tb_ajuste_colaborador', '802', 'michele.novicki', 1529415267, 1529415267, 3),
(2561, 'tb_ajuste_colaborador', '803', 'michele.novicki', 1529415299, 1529415299, 3),
(2562, 'tb_ajuste_colaborador', '804', 'michele.novicki', 1529415329, 1529415329, 3),
(2563, 'tb_ajuste_colaborador', '805', 'michele.novicki', 1529415358, 1529415358, 3),
(2564, 'tb_ajuste_colaborador', '806', 'michele.novicki', 1529415383, 1529415383, 3),
(2565, 'tb_ajuste_colaborador', '807', 'michele.novicki', 1529415410, 1529415410, 3),
(2566, 'tb_ajuste_colaborador', '808', 'michele.novicki', 1529415444, 1529415444, 3),
(2567, 'tb_ajuste_colaborador', '809', 'michele.novicki', 1529415478, 1529415478, 3),
(2568, 'tb_ajuste_colaborador', '810', 'michele.novicki', 1529415513, 1529415547, 3),
(2569, 'tb_ajuste_colaborador', '811', 'michele.novicki', 1529415580, 1529415580, 3),
(2570, 'tb_ajuste_colaborador', '812', 'michele.novicki', 1529416196, 1529416196, 3),
(2571, 'tb_ajuste_colaborador', '813', 'michele.novicki', 1529416232, 1529416232, 3),
(2572, 'tb_ajuste_colaborador', '814', 'michele.novicki', 1529416264, 1529416264, 3),
(2573, 'tb_ajuste_colaborador', '815', 'michele.novicki', 1529416296, 1529416296, 3),
(2574, 'tb_ajuste_colaborador', '816', 'michele.novicki', 1529416320, 1529416320, 3),
(2575, 'tb_ajuste_colaborador', '817', 'michele.novicki', 1529416343, 1529416343, 3),
(2576, 'tb_ajuste_colaborador', '818', 'michele.novicki', 1529416366, 1529416366, 3),
(2577, 'tb_ajuste_colaborador', '819', 'michele.novicki', 1529416399, 1529416399, 3),
(2578, 'tb_ajuste_colaborador', '820', 'michele.novicki', 1529416427, 1529416427, 3),
(2579, 'tb_ajuste_colaborador', '821', 'michele.novicki', 1529416460, 1529416460, 3),
(2580, 'tb_ajuste_colaborador', '822', 'michele.novicki', 1529416483, 1529416483, 3),
(2581, 'tb_ajuste_colaborador', '823', 'michele.novicki', 1529416507, 1529416507, 3),
(2582, 'tb_ajuste_colaborador', '824', 'michele.novicki', 1529416535, 1529416535, 3),
(2583, 'tb_ajuste_colaborador', '825', 'michele.novicki', 1529416567, 1529416567, 3),
(2584, 'tb_ajuste_colaborador', '826', 'michele.novicki', 1529416610, 1529416610, 3),
(2585, 'tb_ajuste_colaborador', '827', 'michele.novicki', 1529417176, 1529417176, 3),
(2586, 'tb_ajuste_colaborador', '828', 'michele.novicki', 1529417207, 1529417207, 3),
(2587, 'tb_ajuste_colaborador', '829', 'michele.novicki', 1529417233, 1529417233, 3),
(2588, 'tb_ajuste_colaborador', '830', 'michele.novicki', 1529417260, 1529417260, 3),
(2589, 'tb_ajuste_colaborador', '831', 'michele.novicki', 1529417284, 1529417284, 3),
(2590, 'tb_ajuste_colaborador', '832', 'michele.novicki', 1529417308, 1529417308, 3),
(2591, 'tb_ajuste_colaborador', '833', 'michele.novicki', 1529417329, 1529417329, 3),
(2592, 'tb_ajuste_colaborador', '834', 'michele.novicki', 1529417354, 1529417354, 3),
(2593, 'tb_ajuste_colaborador', '835', 'michele.novicki', 1529417387, 1529417387, 3),
(2594, 'tb_vaga', '130', 'estefane.braga', 1529418403, 1529418403, 3),
(2595, 'tb_vaga', '131', 'estefane.braga', 1529418491, 1529418491, 3),
(2596, 'tb_vaga', '132', 'estefane.braga', 1529418515, 1529418515, 3),
(2597, 'tb_ajuste_colaborador', '836', 'michele.novicki', 1529420065, 1529420065, 3),
(2598, 'tb_ajuste_colaborador', '837', 'michele.novicki', 1529420089, 1529420120, 3),
(2599, 'tb_ajuste_colaborador', '838', 'michele.novicki', 1529420144, 1529420144, 3),
(2600, 'tb_ajuste_colaborador', '839', 'michele.novicki', 1529420166, 1529420166, 3),
(2601, 'tb_ajuste_colaborador', '840', 'michele.novicki', 1529420546, 1529420546, 3),
(2602, 'tb_ajuste_colaborador', '841', 'michele.novicki', 1529420574, 1529420574, 3),
(2603, 'tb_ajuste_colaborador', '842', 'michele.novicki', 1529420977, 1529420977, 3),
(2604, 'tb_ajuste_colaborador', '843', 'michele.novicki', 1529420998, 1529420998, 3),
(2605, 'tb_ajuste_colaborador', '844', 'michele.novicki', 1529421025, 1529421025, 3),
(2606, 'tb_ajuste_colaborador', '845', 'michele.novicki', 1529421048, 1529421048, 3),
(2607, 'tb_ajuste_colaborador', '846', 'michele.novicki', 1529421068, 1529421068, 3),
(2608, 'tb_ajuste_colaborador', '847', 'michele.novicki', 1529421150, 1529421150, 3),
(2609, 'tb_ajuste_colaborador', '848', 'michele.novicki', 1529421182, 1529421182, 3),
(2610, 'tb_ajuste_colaborador', '849', 'michele.novicki', 1529421666, 1529421666, 3),
(2611, 'tb_ajuste_colaborador', '850', 'michele.novicki', 1529421695, 1529421695, 3),
(2612, 'tb_ajuste_colaborador', '851', 'michele.novicki', 1529422117, 1529422117, 3),
(2613, 'tb_ajuste_colaborador', '852', 'michele.novicki', 1529422141, 1529422141, 3),
(2614, 'tb_ajuste_colaborador', '853', 'michele.novicki', 1529422164, 1529422164, 3),
(2615, 'tb_ajuste_colaborador', '854', 'michele.novicki', 1529422193, 1529422193, 3),
(2616, 'tb_ajuste_colaborador', '855', 'michele.novicki', 1529422220, 1529422220, 3),
(2617, 'tb_ajuste_colaborador', '856', 'michele.novicki', 1529422249, 1529422249, 3),
(2618, 'tb_ajuste_colaborador', '857', 'michele.novicki', 1529422277, 1529422277, 3),
(2619, 'tb_vaga', '133', 'fernanda.santos2', 1529428222, 1529428222, 3),
(2620, 'tb_vaga', '134', 'fernanda.santos2', 1529428565, 1529428565, 3),
(2621, 'tb_ajuste_colaborador', '858', 'michele.novicki', 1529429280, 1529429621, 3),
(2622, 'tb_ajuste_colaborador', '859', 'michele.novicki', 1529429299, 1529429633, 3),
(2623, 'tb_ajuste_colaborador', '860', 'michele.novicki', 1529429317, 1529429644, 3),
(2624, 'tb_ajuste_colaborador', '861', 'michele.novicki', 1529429336, 1529429655, 3),
(2625, 'tb_ajuste_colaborador', '862', 'michele.novicki', 1529429357, 1529429665, 3),
(2626, 'tb_ajuste_colaborador', '863', 'michele.novicki', 1529429382, 1529429677, 3),
(2627, 'tb_ajuste_colaborador', '864', 'michele.novicki', 1529429401, 1529429691, 3),
(2628, 'tb_ajuste_colaborador', '865', 'michele.novicki', 1529429425, 1529429795, 3),
(2629, 'tb_ajuste_colaborador', '866', 'michele.novicki', 1529429471, 1529429471, 3),
(2630, 'tb_ajuste_colaborador', '867', 'michele.novicki', 1529429490, 1529429814, 3),
(2631, 'tb_ajuste_colaborador', '868', 'michele.novicki', 1529429515, 1529429848, 3),
(2632, 'tb_ajuste_colaborador', '869', 'michele.novicki', 1529429566, 1529429879, 3),
(2633, 'tb_ajuste_colaborador', '870', 'michele.novicki', 1529429912, 1529430234, 3),
(2634, 'tb_ajuste_colaborador', '871', 'michele.novicki', 1529429934, 1529429934, 3),
(2635, 'tb_ajuste_colaborador', '872', 'michele.novicki', 1529429957, 1529430172, 3),
(2636, 'tb_ajuste_colaborador', '873', 'michele.novicki', 1529429982, 1529430162, 3),
(2637, 'tb_ajuste_colaborador', '874', 'michele.novicki', 1529430041, 1529430041, 3),
(2638, 'tb_ajuste_colaborador', '875', 'michele.novicki', 1529430066, 1529430071, 3),
(2639, 'tb_ajuste_colaborador', '876', 'michele.novicki', 1529430115, 1529430115, 3),
(2640, 'tb_ajuste_colaborador', '877', 'michele.novicki', 1529430139, 1529430139, 3),
(2641, 'tb_ajuste_colaborador', '878', 'michele.novicki', 1529430445, 1529430445, 3),
(2642, 'tb_ajuste_colaborador', '879', 'michele.novicki', 1529430478, 1529430495, 3),
(2643, 'tb_ajuste_colaborador', '880', 'michele.novicki', 1529430704, 1529430704, 3),
(2644, 'tb_ajuste_colaborador', '881', 'michele.novicki', 1529431173, 1529431173, 3),
(2645, 'tb_ajuste_colaborador', '882', 'michele.novicki', 1529431210, 1529431210, 3),
(2646, 'tb_ajuste_colaborador', '883', 'michele.novicki', 1529431253, 1529431253, 3),
(2647, 'tb_ajuste_colaborador', '884', 'michele.novicki', 1529431281, 1529431281, 3),
(2648, 'tb_ajuste_colaborador', '885', 'michele.novicki', 1529431316, 1529431316, 3),
(2649, 'tb_ajuste_colaborador', '886', 'michele.novicki', 1529431347, 1529431347, 3),
(2650, 'tb_ajuste_colaborador', '887', 'michele.novicki', 1529431372, 1529431372, 3),
(2651, 'tb_ajuste_colaborador', '888', 'michele.novicki', 1529431647, 1529431647, 3),
(2652, 'tb_ajuste_colaborador', '889', 'michele.novicki', 1529431678, 1529431678, 3),
(2653, 'tb_ajuste_colaborador', '890', 'michele.novicki', 1529431704, 1529431704, 3),
(2654, 'tb_ajuste_colaborador', '891', 'michele.novicki', 1529431980, 1529431980, 3),
(2655, 'tb_ajuste_colaborador', '892', 'michele.novicki', 1529432012, 1529432012, 3),
(2656, 'tb_ajuste_colaborador', '893', 'michele.novicki', 1529432033, 1529432033, 3),
(2657, 'tb_ajuste_colaborador', '894', 'michele.novicki', 1529432052, 1529432052, 3),
(2658, 'tb_ajuste_colaborador', '895', 'michele.novicki', 1529432087, 1529432087, 3),
(2659, 'tb_ajuste_colaborador', '896', 'michele.novicki', 1529432845, 1529432845, 3),
(2660, 'tb_ajuste_colaborador', '897', 'michele.novicki', 1529432871, 1529432871, 3),
(2661, 'tb_ajuste_colaborador', '898', 'michele.novicki', 1529433598, 1529433598, 3),
(2662, 'tb_ajuste_colaborador', '899', 'michele.novicki', 1529433633, 1529433633, 3),
(2663, 'tb_ajuste_colaborador', '900', 'michele.novicki', 1529433669, 1529433669, 3),
(2664, 'tb_ajuste_colaborador', '901', 'michele.novicki', 1529433696, 1529433696, 3),
(2665, 'tb_ajuste_colaborador', '902', 'michele.novicki', 1529433741, 1529433741, 3),
(2666, 'tb_ajuste_colaborador', '903', 'michele.novicki', 1529433845, 1529433845, 3),
(2667, 'tb_ajuste_colaborador', '904', 'michele.novicki', 1529433912, 1529433953, 3),
(2668, 'tb_ajuste_colaborador', '905', 'michele.novicki', 1529434028, 1529434028, 3),
(2669, 'tb_ajuste_colaborador', '906', 'michele.novicki', 1529434077, 1529434077, 3),
(2670, 'tb_ajuste_colaborador', '907', 'michele.novicki', 1529434138, 1529434138, 3),
(2671, 'tb_ajuste_colaborador', '908', 'michele.novicki', 1529434299, 1529434299, 3),
(2672, 'tb_ajuste_colaborador', '909', 'michele.novicki', 1529434620, 1529434620, 3),
(2673, 'tb_ajuste_colaborador', '910', 'michele.novicki', 1529434649, 1529434649, 3),
(2674, 'tb_ajuste_colaborador', '911', 'michele.novicki', 1529434677, 1529434677, 3),
(2675, 'tb_ajuste_colaborador', '912', 'michele.novicki', 1529435120, 1529435120, 3),
(2676, 'tb_ajuste_colaborador', '913', 'michele.novicki', 1529435145, 1529435145, 3),
(2677, 'tb_ajuste_colaborador', '914', 'michele.novicki', 1529435181, 1529435181, 3),
(2678, 'tb_ajuste_colaborador', '915', 'michele.novicki', 1529435209, 1529435209, 3),
(2679, 'tb_ajuste_colaborador', '916', 'michele.novicki', 1529435235, 1529435235, 3),
(2680, 'tb_ajuste_colaborador', '917', 'michele.novicki', 1529435297, 1529435297, 3),
(2681, 'tb_ajuste_colaborador', '918', 'michele.novicki', 1529435331, 1529435331, 3),
(2682, 'tb_ajuste_colaborador', '919', 'michele.novicki', 1529435370, 1529435370, 3),
(2683, 'tb_ajuste_colaborador', '920', 'michele.novicki', 1529436137, 1529436137, 3),
(2684, 'tb_ajuste_colaborador', '921', 'michele.novicki', 1529436169, 1529436169, 3),
(2685, 'tb_ajuste_colaborador', '922', 'michele.novicki', 1529436196, 1529436196, 3),
(2686, 'tb_ajuste_colaborador', '923', 'michele.novicki', 1529436220, 1529436220, 3);
INSERT INTO `membership_userrecords` (`recID`, `tableName`, `pkValue`, `memberID`, `dateAdded`, `dateUpdated`, `groupID`) VALUES
(2687, 'tb_ajuste_colaborador', '924', 'michele.novicki', 1529436255, 1529436255, 3),
(2688, 'tb_ajuste_colaborador', '925', 'michele.novicki', 1529437064, 1529437064, 3),
(2689, 'tb_ajuste_colaborador', '926', 'michele.novicki', 1529437094, 1529437094, 3),
(2690, 'tb_ajuste_colaborador', '927', 'michele.novicki', 1529437134, 1529437134, 3),
(2691, 'tb_entrevista', '324', 'estefane.braga', 1529437907, 1529437907, 3),
(2692, 'tb_entrevista', '325', 'estefane.braga', 1529437984, 1529437984, 3),
(2693, 'tb_entrevista', '326', 'fernanda.santos2', 1529439734, 1529439734, 3),
(2694, 'tb_entrevista', '327', 'fernanda.santos2', 1529440780, 1529440780, 3),
(2695, 'tb_ajuste_colaborador', '928', 'michele.novicki', 1529499663, 1529499663, 3),
(2696, 'tb_ajuste_colaborador', '929', 'michele.novicki', 1529499690, 1529499690, 3),
(2697, 'tb_ajuste_colaborador', '930', 'michele.novicki', 1529499711, 1529499711, 3),
(2698, 'tb_ajuste_colaborador', '931', 'michele.novicki', 1529499735, 1529499735, 3),
(2699, 'tb_ajuste_colaborador', '932', 'michele.novicki', 1529499827, 1529499827, 3),
(2700, 'tb_ajuste_colaborador', '933', 'michele.novicki', 1529499852, 1529499852, 3),
(2701, 'tb_ajuste_colaborador', '934', 'michele.novicki', 1529501176, 1529501176, 3),
(2702, 'tb_ajuste_colaborador', '935', 'michele.novicki', 1529501203, 1529501203, 3),
(2703, 'tb_ajuste_colaborador', '936', 'michele.novicki', 1529501241, 1529501241, 3),
(2704, 'tb_ajuste_colaborador', '937', 'michele.novicki', 1529501266, 1529501266, 3),
(2705, 'tb_ajuste_colaborador', '938', 'michele.novicki', 1529501293, 1529501293, 3),
(2706, 'tb_ajuste_colaborador', '939', 'michele.novicki', 1529501821, 1529501821, 3),
(2707, 'tb_ajuste_colaborador', '940', 'michele.novicki', 1529501865, 1529501865, 3),
(2708, 'tb_ajuste_colaborador', '941', 'michele.novicki', 1529501887, 1529501887, 3),
(2709, 'tb_ajuste_colaborador', '942', 'michele.novicki', 1529502614, 1529502614, 3),
(2710, 'tb_ajuste_colaborador', '943', 'michele.novicki', 1529502658, 1529502658, 3),
(2711, 'tb_ajuste_colaborador', '944', 'michele.novicki', 1529503087, 1529503087, 3),
(2712, 'tb_ajuste_colaborador', '945', 'michele.novicki', 1529503114, 1529503114, 3),
(2713, 'tb_ajuste_colaborador', '946', 'michele.novicki', 1529503139, 1529503139, 3),
(2714, 'tb_ajuste_colaborador', '947', 'michele.novicki', 1529503165, 1529503165, 3),
(2715, 'tb_ajuste_colaborador', '948', 'michele.novicki', 1529503192, 1529503192, 3),
(2716, 'tb_ajuste_colaborador', '949', 'michele.novicki', 1529503229, 1529503229, 3),
(2717, 'tb_ajuste_colaborador', '950', 'michele.novicki', 1529503252, 1529503252, 3),
(2718, 'tb_ajuste_colaborador', '951', 'michele.novicki', 1529503280, 1529503280, 3),
(2719, 'tb_entrevista', '328', 'estefane.braga', 1529506610, 1529506610, 3),
(2720, 'tb_entrevista', '329', 'estefane.braga', 1529506689, 1529506689, 3),
(2721, 'tb_vaga', '135', 'hadelen.lima', 1529583636, 1529583636, 3),
(2722, 'tb_vaga', '136', 'hadelen.lima', 1529583662, 1529583662, 3),
(2723, 'tb_vaga', '137', 'hadelen.lima', 1529583683, 1529583683, 3),
(2724, 'tb_vaga', '138', 'hadelen.lima', 1529583708, 1529583708, 3),
(2725, 'tb_vaga', '139', 'fernanda.santos2', 1529584872, 1529584872, 3),
(2726, 'tb_vaga', '140', 'fernanda.santos2', 1529585003, 1529585003, 3),
(2727, 'tb_vaga', '141', 'estefane.braga', 1529595208, 1529595208, 3),
(2728, 'tb_vaga', '142', 'estefane.braga', 1529595308, 1529595308, 3),
(2729, 'tb_entrevista', '330', 'hadelen.lima', 1529599502, 1529599502, 3);

-- --------------------------------------------------------

--
-- Estrutura para tabela `membership_users`
--

CREATE TABLE `membership_users` (
  `memberID` varchar(20) NOT NULL,
  `passMD5` varchar(40) DEFAULT NULL,
  `email` varchar(100) DEFAULT NULL,
  `signupDate` date DEFAULT NULL,
  `groupID` int(10) UNSIGNED DEFAULT NULL,
  `isBanned` tinyint(4) DEFAULT NULL,
  `isApproved` tinyint(4) DEFAULT NULL,
  `custom1` text,
  `custom2` text,
  `custom3` text,
  `custom4` text,
  `comments` text,
  `pass_reset_key` varchar(100) DEFAULT NULL,
  `pass_reset_expiry` int(10) UNSIGNED DEFAULT NULL
) ENGINE=MyISAM DEFAULT CHARSET=utf8;

--
-- Fazendo dump de dados para tabela `membership_users`
--

INSERT INTO `membership_users` (`memberID`, `passMD5`, `email`, `signupDate`, `groupID`, `isBanned`, `isApproved`, `custom1`, `custom2`, `custom3`, `custom4`, `comments`, `pass_reset_key`, `pass_reset_expiry`) VALUES
('guest', NULL, NULL, '2018-01-02', 1, 0, 1, NULL, NULL, NULL, NULL, 'Anonymous member created automatically on 2018-01-02', NULL, NULL),
('dbastreghi', 'd7aee0d7b32ea55d433e90dfc0227c33', 'daniel@drbmarketing.com.br', '2018-01-02', 2, 0, 1, 'Daniel R. Bastreghi', '', '', '', 'Admin member created automatically on 2018-01-02\nRegistro atualizado automaticamente 2018-03-20', NULL, NULL),
('camila.valt', '63f81b95e6e2f4d0fc2f3e0c3a7241be', 'camila.valt@primecontrol.com.br', '2018-01-05', 3, 1, 1, 'Camila Valt', '', '', '', 'member changed his password on 05/01/2018, 05:49 pm from IP address 177.92.42.253', NULL, NULL),
('daiane.vieira', 'be56667604b897f244ee00877f803eba', 'daiane.vieira@primecontrol.com.br', '2018-01-05', 3, 1, 1, 'Daiane Vieira', '', '', '', '', NULL, NULL),
('fernanda.santos2', 'ad3832a3793f45da994a449e9a1c4731', 'fernanda.santos2@primecontrol.com.br', '2018-01-16', 3, 0, 1, 'Fernanda Lessa', '', '', '', '', 'd8f5b39fea10057782976bb864d86c71', 1529671056),
('cintia.haoach', '614bcadc4bb8e2ff1f3dd561d68625ec', 'cintia.haoach@primecontrol.com.br', '2018-01-31', 4, 0, 1, 'Cintia Haoach', '', '', '', '', NULL, NULL),
('everton.arantes', 'f21d2a94ba10028a7be27826f6c2b5f8', 'everton.arantes@primecontrol.com.br', '2018-01-31', 2, 0, 1, 'Everton Lopes Arantes', '', '', '', '\nmember updated his profile on 09/02/2018, 06:33 pm from IP address 191.207.150.41\nmember changed his password on 09/02/2018, 06:34 pm from IP address 191.207.150.41', '12f51673363a33b40cfca039c0b420d1', 1519237425),
('guilherme.medeiros', '23d0181de1afe4cdcf3b900c7cf63a6c', 'guilherme.medeiros@primecontrol.com.br', '2018-02-02', 5, 0, 1, 'Guilherme Medeiros', '', '', '', '', NULL, NULL),
('hadelen.lima', '5a0961eb52d40fd3a096ce75f10a9823', 'hadelen.lima@primecontrol.com.br', '2018-02-06', 3, 0, 1, 'Hadelen Lima', '', '', '', '', NULL, NULL),
('ana.santos', '5a0961eb52d40fd3a096ce75f10a9823', 'ana.santos@primecontrol.com.br', '2018-02-06', 3, 0, 1, 'Ana Santos', '', '', '', '', NULL, NULL),
('luiz.benetti', '5a0961eb52d40fd3a096ce75f10a9823', 'luiz.benetti@primecontrol.com.br', '2018-02-06', 4, 0, 1, 'Luiz Benetti', '', '', '', '', NULL, NULL),
('estefane.braga', '77dcbdc4794a22a6a777c312e116b7ae', 'estefane.braga@primecontrol.com.br', '2018-02-19', 3, 0, 1, 'Estefane Braga', '', '', '', '', NULL, NULL),
('michele.novicki', 'a0cec7f0157e29e7f1705cfe1cd77121', 'michele.novicki@primecontrol.com.br', '2018-02-22', 3, 0, 1, 'Michele Novicki', '', '', '', '', NULL, NULL),
('anderson.martins', '78bc627a761e9e9ee009e8b827f3630d', 'anderson.martins@primecontrol.com.br', '2018-02-26', 4, 0, 1, 'Anderson Martins', '', '', '', '', NULL, NULL),
('kelly.endlich', '7f3979a79418bf4a07d2a0f2ce320ab7', 'kelly.endlich@primecontrol.com.br', '2018-02-27', 6, 0, 1, 'Kelly Endlich', '', '', '', '', NULL, NULL),
('alexssandro', '9193213286678604dbb6445b0bc2c9fe', 'alexssandro.gottschalk@primecontrol.com.br', '2018-03-20', 2, 0, 1, 'Alexssandro André Gottschalk', '', 'Igrejinha', 'RS', '\nmember updated his profile on 20/03/2018, 09:49 am from IP address 45.6.208.79\nmember changed his password on 20/03/2018, 09:49 am from IP address 45.6.208.79', NULL, NULL),
('ana.paula.oliveira', '4b9779940a36606dc96db642cde09f9f', 'anapro2002@gmail.com', '2018-04-05', 2, 0, 1, 'Ana Paula Oliveira', '', '', '', '', NULL, NULL),
('rafael.silva2', '881a225dc0e8bb39273597e972dbf277', 'rafael.silva2@primecontrol.com.br', '2018-04-23', 3, 0, 1, 'Rafael Silva', '', '', '', '', NULL, NULL),
('angelica.souza', 'e8d95a51f3af4a3b134bf6bb680a213a', 'angelica.souza@primecontrol.com.br', '2018-05-11', 8, 0, 1, '', '', '', '', '', NULL, NULL),
('fabio.nakazoni', 'e8d95a51f3af4a3b134bf6bb680a213a', 'fabio.nakazoni@pimecontrol.com.br', '2018-05-11', 8, 0, 1, '', '', '', '', '', NULL, NULL),
('fabricio.farias', 'e8d95a51f3af4a3b134bf6bb680a213a', 'fabricio.farias@primecontrol.com.br', '2018-05-11', 8, 0, 1, '', '', '', '', '', NULL, NULL),
('juliana.lorenzi', 'af902bb898ef98722ada6e0fd82ecc83', 'juliana.lorenzi@primecontrol.com.br', '2018-06-06', 3, 0, 1, 'Juliana Lorenzi', '', '', '', '', NULL, NULL),
('rafael.moraes', '08c18648501711a19d125651b8c14579', 'rafael.moraes@primecontrol.com.br', '2018-06-21', 2, 0, 1, 'Rafael Moraes', '', '', '', '', NULL, NULL);

-- --------------------------------------------------------

--
-- Estrutura para tabela `tb_acompanhamento`
--

CREATE TABLE `tb_acompanhamento` (
  `id` int(10) UNSIGNED NOT NULL,
  `empresa_id` int(10) UNSIGNED NOT NULL,
  `contato_id` int(10) UNSIGNED NOT NULL,
  `contrato_id` int(10) UNSIGNED NOT NULL,
  `usuario_id` int(10) UNSIGNED NOT NULL,
  `dta` date NOT NULL,
  `str_meio` varchar(150) NOT NULL,
  `str_statusgeral` varchar(150) NOT NULL,
  `str_clima_cliente` varchar(150) NOT NULL,
  `str_clima_equipe` varchar(150) NOT NULL,
  `str_observacoes` text,
  `str_acoes_corretivas` text
) ENGINE=MyISAM DEFAULT CHARSET=utf8;

--
-- Fazendo dump de dados para tabela `tb_acompanhamento`
--

INSERT INTO `tb_acompanhamento` (`id`, `empresa_id`, `contato_id`, `contrato_id`, `usuario_id`, `dta`, `str_meio`, `str_statusgeral`, `str_clima_cliente`, `str_clima_equipe`, `str_observacoes`, `str_acoes_corretivas`) VALUES
(1, 34, 20, 1, 4, '2018-02-19', 'PRESENCIAL', 'NORMAL', 'EXCELENTE', 'EXCELENTE', 'Solicitado para Ricardo Guerreiro não realizar mais horas extras, horas devem ser compensadas dentro do mês.', NULL),
(2, 14, 40, 2, 4, '2018-03-07', 'TELEFONEMA', 'NORMAL', 'BOM', 'BOM', 'Diego Teijeira: dificuldade para passar atividades para ele, de como passar as atividades. Bem detalhista e gosta disso. Não demorar muito para falar quando não entender a demanda.\r\nDiego Grael: agilidade muito boa. Quando estão sem demandas, conversas e não avisam os lideres.', NULL),
(3, 53, 52, 7, 7, '2018-04-04', 'PRESENCIAL', 'NORMAL', 'EXCELENTE', 'BOM', 'O Cliente esta muito satisfeito com as entregas da Prime. \r\nDisse informalmente que somente a Prime vai atuar com testes na BRF.\r\nPrevisão de novos projetos.', NULL);

-- --------------------------------------------------------

--
-- Estrutura para tabela `tb_acompanhamento_colaborador`
--

CREATE TABLE `tb_acompanhamento_colaborador` (
  `id` int(10) UNSIGNED NOT NULL,
  `dta_data` date DEFAULT NULL,
  `acompanhamento_id` int(10) UNSIGNED DEFAULT NULL,
  `colaborador_id` int(10) UNSIGNED DEFAULT NULL,
  `str_tipo` varchar(150) NOT NULL,
  `str_comentarios` tinytext,
  `str_responsavel` varchar(150) DEFAULT NULL,
  `field7` varchar(40) DEFAULT NULL
) ENGINE=MyISAM DEFAULT CHARSET=utf8;

--
-- Fazendo dump de dados para tabela `tb_acompanhamento_colaborador`
--

INSERT INTO `tb_acompanhamento_colaborador` (`id`, `dta_data`, `acompanhamento_id`, `colaborador_id`, `str_tipo`, `str_comentarios`, `str_responsavel`, `field7`) VALUES
(1, '2018-02-19', 1, 14, 'EXCELENTE', 'Estão muito satisfeitos com o desempenho e postura do Ricardo. Nada há reclamar', 'cintia.haoach', NULL);

-- --------------------------------------------------------

--
-- Estrutura para tabela `tb_ajuste_colaborador`
--

CREATE TABLE `tb_ajuste_colaborador` (
  `id` int(10) UNSIGNED NOT NULL,
  `str_responsavel` varchar(150) DEFAULT NULL,
  `dta_data` date DEFAULT NULL,
  `colaborador_id` int(10) UNSIGNED NOT NULL,
  `str_ajuste` varchar(150) NOT NULL,
  `bol_evidencia` tinyint(1) DEFAULT NULL,
  `int_quantidade` int(11) DEFAULT '1',
  `gestor_id` int(10) UNSIGNED NOT NULL,
  `bol_notificacao` tinyint(1) DEFAULT NULL
) ENGINE=MyISAM DEFAULT CHARSET=utf8;

--
-- Fazendo dump de dados para tabela `tb_ajuste_colaborador`
--

INSERT INTO `tb_ajuste_colaborador` (`id`, `str_responsavel`, `dta_data`, `colaborador_id`, `str_ajuste`, `bol_evidencia`, `int_quantidade`, `gestor_id`, `bol_notificacao`) VALUES
(1, 'michele.novicki', '2018-03-19', 145, 'Sistema fora do ar', NULL, 1, 160, NULL),
(2, 'michele.novicki', '2018-03-18', 35, 'Sistema fora do ar', 1, 1, 160, NULL),
(3, 'michele.novicki', '2018-03-13', 35, 'Atestados/Declarações', 1, 1, 160, NULL),
(4, 'michele.novicki', '2018-03-06', 35, 'Sistema fora do ar', 1, 1, 160, NULL),
(5, 'michele.novicki', '2018-03-05', 36, 'Sistema fora do ar', 1, 1, 148, NULL),
(6, 'michele.novicki', '2018-03-06', 36, 'Sistema fora do ar', 1, 1, 148, NULL),
(7, 'michele.novicki', '2018-03-09', 40, 'Sem justificativa', NULL, 6, 55, 1),
(8, 'michele.novicki', '2018-03-06', 37, 'Sem justificativa', NULL, 1, 55, 1),
(9, 'michele.novicki', '2018-03-20', 37, 'Sem justificativa', NULL, 1, 55, 1),
(10, 'michele.novicki', '2018-03-23', 18, 'Sistema fora do ar', 1, 1, 87, NULL),
(11, 'michele.novicki', '2018-03-21', 20, 'Sistema fora do ar', 1, 1, 156, NULL),
(41, 'michele.novicki', '2018-03-07', 41, 'Problemas com a rede do cliente', 1, 1, 55, NULL),
(40, 'michele.novicki', '2018-03-05', 41, 'Problemas com a rede do cliente', 1, 4, 55, NULL),
(39, 'michele.novicki', '2018-03-05', 41, 'Problemas com a rede do cliente', 1, 1, 55, NULL),
(15, 'michele.novicki', '2018-03-19', 45, 'Sistema fora do ar', 1, 1, 87, NULL),
(16, 'michele.novicki', '2018-03-05', 45, 'Sistema fora do ar', 1, 1, 87, NULL),
(17, 'michele.novicki', '2018-03-09', 46, 'Duplicidade de registro', 1, 1, 87, NULL),
(18, 'michele.novicki', '2018-03-06', 46, 'Sistema fora do ar', 1, 1, 87, NULL),
(19, 'michele.novicki', '2018-03-19', 46, 'Sistema fora do ar', 1, 1, 87, NULL),
(69, 'michele.novicki', '2018-03-05', 49, 'Problemas com a localização', 1, 1, 55, NULL),
(76, 'michele.novicki', '2018-03-02', 55, 'Fora do local de trabalho', NULL, 1, 55, NULL),
(23, 'michele.novicki', '2018-03-23', 50, 'Sistema fora do ar', 1, 1, 160, NULL),
(24, 'michele.novicki', '2018-03-19', 169, 'Sistema fora do ar', 1, 1, 55, NULL),
(25, 'michele.novicki', '2018-03-20', 169, 'Duplicidade de registro', 1, 1, 55, NULL),
(26, 'michele.novicki', '2018-03-26', 169, 'Sistema fora do ar', 1, 1, 55, NULL),
(27, 'michele.novicki', '2018-03-19', 51, 'Sistema fora do ar', 1, 1, 148, NULL),
(28, 'michele.novicki', '2018-03-26', 53, 'Atestados/Declarações', 1, 1, 87, NULL),
(29, 'michele.novicki', '2018-03-22', 53, 'Fora do local de trabalho', 1, 1, 87, NULL),
(30, 'michele.novicki', '2018-03-19', 53, 'Sistema fora do ar', 1, 2, 87, NULL),
(31, 'michele.novicki', '2018-03-06', 53, 'Sistema fora do ar', 1, 1, 87, NULL),
(60, 'michele.novicki', '2018-03-21', 148, 'Esquecimento', NULL, 1, 87, NULL),
(59, 'michele.novicki', '2018-03-01', 148, 'Sistema fora do ar', 1, 1, 87, NULL),
(42, 'michele.novicki', '2018-03-07', 41, 'Problemas com a rede do cliente', 1, 4, 55, NULL),
(43, 'michele.novicki', '2018-03-07', 41, 'Problemas com a rede do cliente', 1, 4, 55, NULL),
(44, 'michele.novicki', '2018-03-07', 41, 'Problemas com a rede do cliente', 1, 4, 55, NULL),
(45, 'michele.novicki', '2018-03-07', 41, 'Problemas com a rede do cliente', 1, 3, 55, NULL),
(46, 'michele.novicki', '2018-03-12', 41, 'Atestados/Declarações', 1, 2, 55, NULL),
(47, 'michele.novicki', '2018-03-22', 41, 'Problemas com a rede do cliente', 1, 3, 55, NULL),
(48, 'michele.novicki', '2018-03-22', 41, 'Problemas com a rede do cliente', 1, 3, 55, NULL),
(49, 'michele.novicki', '2018-03-22', 41, 'Problemas com a rede do cliente', 1, 3, 55, NULL),
(50, 'michele.novicki', '2018-03-22', 41, 'Problemas com a rede do cliente', 1, 4, 55, NULL),
(51, 'michele.novicki', '2018-03-22', 41, 'Problemas com a rede do cliente', 1, 4, 55, NULL),
(52, 'michele.novicki', '2018-03-23', 41, 'Problemas com a rede do cliente', 1, 4, 55, NULL),
(53, 'michele.novicki', '2018-03-23', 41, 'Problemas com a rede do cliente', 1, 3, 55, NULL),
(54, 'michele.novicki', '2018-03-23', 41, 'Problemas com a rede do cliente', 1, 4, 55, NULL),
(55, 'michele.novicki', '2018-03-23', 41, 'Problemas com a rede do cliente', 1, 4, 55, NULL),
(56, 'michele.novicki', '2018-03-23', 41, 'Problemas com a rede do cliente', 1, 4, 55, NULL),
(57, 'michele.novicki', '2018-03-23', 41, 'Problemas com a rede do cliente', 1, 2, 55, NULL),
(58, 'michele.novicki', '2018-03-24', 41, 'Problemas com a rede do cliente', 1, 4, 55, NULL),
(61, 'michele.novicki', '2018-03-21', 148, 'Sistema fora do ar', 1, 1, 87, NULL),
(62, 'michele.novicki', '2018-03-21', 148, 'Duplicidade de registro', NULL, 1, 87, NULL),
(63, 'michele.novicki', '2018-03-21', 148, 'Duplicidade de registro', NULL, 1, 87, NULL),
(64, 'michele.novicki', '2018-03-21', 148, 'Duplicidade de registro', NULL, 1, 87, NULL),
(65, 'michele.novicki', '2018-03-21', 148, 'Sistema fora do ar', 1, 1, 87, NULL),
(66, 'michele.novicki', '2018-03-30', 148, 'Sistema fora do ar', 1, 1, 87, NULL),
(67, 'michele.novicki', '2018-03-30', 148, 'Sistema fora do ar', 1, 1, 87, NULL),
(68, 'michele.novicki', '2018-03-30', 148, 'Sistema fora do ar', 1, 1, 87, NULL),
(70, 'michele.novicki', '2018-03-12', 49, 'Sistema fora do ar', 1, 1, 55, NULL),
(71, 'michele.novicki', '2018-03-16', 49, 'Duplicidade de registro', NULL, 1, 55, NULL),
(72, 'michele.novicki', '2018-03-19', 49, 'Sistema fora do ar', 1, 1, 55, NULL),
(73, 'michele.novicki', '2018-03-22', 49, 'Duplicidade de registro', NULL, 1, 55, NULL),
(74, 'michele.novicki', '2018-03-15', 54, 'Esquecimento', NULL, 2, 87, NULL),
(75, 'michele.novicki', '2018-03-23', 54, 'Esquecimento', NULL, 2, 87, NULL),
(77, 'michele.novicki', '2018-03-05', 55, 'Sistema fora do ar', 1, 1, 55, NULL),
(78, 'michele.novicki', '2018-03-05', 55, 'Fora do local de trabalho', 1, 1, 55, NULL),
(79, 'michele.novicki', '2018-03-09', 55, 'Fora do local de trabalho', NULL, 1, 55, NULL),
(80, 'michele.novicki', '2018-03-09', 55, 'Sistema fora do ar', NULL, 1, 55, NULL),
(81, 'michele.novicki', '2018-03-12', 55, 'Fora do local de trabalho', NULL, 2, 55, NULL),
(82, 'michele.novicki', '2018-03-16', 55, 'Fora do local de trabalho', NULL, 2, 55, NULL),
(83, 'michele.novicki', '2018-03-19', 55, 'Fora do local de trabalho', 1, 2, 55, NULL),
(84, 'michele.novicki', '2018-03-21', 55, 'Fora do local de trabalho', NULL, 1, 55, NULL),
(85, 'michele.novicki', '2018-03-26', 55, 'Fora do local de trabalho', NULL, 2, 55, NULL),
(86, 'michele.novicki', '2018-03-27', 55, 'Fora do local de trabalho', NULL, 1, 55, NULL),
(87, 'michele.novicki', '2018-03-12', 26, 'Sistema fora do ar', 1, 1, 148, NULL),
(88, 'michele.novicki', '2018-03-23', 26, 'Duplicidade de registro', NULL, 1, 148, NULL),
(89, 'michele.novicki', '2018-03-19', 58, 'Sistema fora do ar', 1, 1, 148, NULL),
(90, 'michele.novicki', '2018-03-09', 58, 'Sistema fora do ar', 1, 1, 148, NULL),
(91, 'michele.novicki', '2018-03-19', 59, 'Sistema fora do ar', 1, 1, 148, NULL),
(92, 'michele.novicki', '2018-03-20', 59, 'Sistema fora do ar', 1, 1, 148, NULL),
(93, 'michele.novicki', '2018-03-05', 60, 'Sistema fora do ar', 1, 1, 55, NULL),
(94, 'michele.novicki', '2018-03-19', 60, 'Sistema fora do ar', 1, 1, 55, NULL),
(95, 'michele.novicki', '2018-03-05', 62, 'Problemas com a localização', 1, 1, 148, NULL),
(96, 'michele.novicki', '2018-03-05', 62, 'Sistema fora do ar', 1, 1, 148, NULL),
(97, 'michele.novicki', '2018-03-12', 62, 'Sistema fora do ar', 1, 1, 148, NULL),
(98, 'michele.novicki', '2018-03-05', 27, 'Problemas com a localização', 1, 1, 55, NULL),
(99, 'michele.novicki', '2018-03-05', 27, 'Problemas com a localização', 1, 1, 55, NULL),
(100, 'michele.novicki', '2018-03-13', 27, 'Esquecimento', NULL, 1, 55, NULL),
(101, 'michele.novicki', '2018-03-14', 27, 'Atestados/Declarações', 1, 1, 55, NULL),
(102, 'michele.novicki', '2018-03-19', 27, 'Sistema fora do ar', 1, 1, 55, NULL),
(103, 'michele.novicki', '2018-03-30', 27, 'Atestados/Declarações', 1, 1, 55, NULL),
(104, 'michele.novicki', '2018-03-05', 67, 'Sistema fora do ar', 1, 1, 55, NULL),
(105, 'michele.novicki', '2018-03-19', 67, 'Sistema fora do ar', 1, 1, 55, NULL),
(106, 'michele.novicki', '2018-03-12', 67, 'Atestados/Declarações', 1, 1, 55, NULL),
(107, 'michele.novicki', '2018-03-05', 67, 'Sistema fora do ar', 1, 1, 55, NULL),
(108, 'michele.novicki', '2018-03-05', 29, 'Sistema fora do ar', 1, 1, 55, NULL),
(109, 'michele.novicki', '2018-03-08', 29, 'Sistema fora do ar', 1, 1, 55, NULL),
(110, 'michele.novicki', '2018-03-19', 29, 'Sistema fora do ar', 1, 1, 55, NULL),
(111, 'michele.novicki', '2018-03-23', 29, 'Sistema fora do ar', 1, 1, 55, NULL),
(112, 'michele.novicki', '2018-03-12', 30, 'Sistema fora do ar', 1, 1, 148, NULL),
(113, 'michele.novicki', '2018-03-12', 30, 'Duplicidade de registro', 1, 1, 148, NULL),
(114, 'michele.novicki', '2018-03-20', 30, 'Sistema fora do ar', 1, 1, 148, NULL),
(115, 'michele.novicki', '2018-03-21', 30, 'Atestados/Declarações', 1, 1, 148, NULL),
(116, 'michele.novicki', '2018-03-27', 30, 'Atestados/Declarações', 1, 1, 148, NULL),
(117, 'michele.novicki', '2018-03-28', 30, 'Atestados/Declarações', 1, 1, 148, NULL),
(118, 'michele.novicki', '2018-03-26', 71, 'Sistema fora do ar', 1, 1, 55, NULL),
(119, 'michele.novicki', '2018-03-19', 71, 'Problemas com a localização', 1, 1, 55, NULL),
(120, 'michele.novicki', '2018-03-19', 71, 'Problemas com a localização', 1, 1, 55, NULL),
(121, 'michele.novicki', '2018-03-19', 71, 'Duplicidade de registro', 1, 1, 55, NULL),
(122, 'michele.novicki', '2018-03-13', 78, 'Fora do local de trabalho', NULL, 1, 55, NULL),
(123, 'michele.novicki', '2018-03-10', 78, 'Problemas com a rede do cliente', NULL, 4, 55, NULL),
(124, 'michele.novicki', '2018-03-07', 78, 'Esquecimento', NULL, 1, 55, NULL),
(125, 'michele.novicki', '2018-03-06', 78, 'Sistema fora do ar', NULL, 4, 55, NULL),
(126, 'michele.novicki', '2018-03-21', 78, 'Problemas com a localização', 1, 1, 55, NULL),
(127, 'michele.novicki', '2018-03-04', 78, 'Problemas com a localização', NULL, 1, 55, NULL),
(128, 'michele.novicki', '2018-03-13', 78, 'Fora do local de trabalho', NULL, 1, 55, NULL),
(129, 'michele.novicki', '2018-03-19', 78, 'Sistema fora do ar', 1, 1, 55, NULL),
(130, 'michele.novicki', '2018-03-27', 78, 'Fora do local de trabalho', NULL, 1, 55, NULL),
(131, 'michele.novicki', '2018-03-23', 78, 'Esquecimento', NULL, 1, 55, NULL),
(132, 'michele.novicki', '2018-03-05', 85, 'Sistema fora do ar', 1, 1, 55, NULL),
(133, 'michele.novicki', '2018-03-28', 85, 'Sistema fora do ar', 1, 1, 55, NULL),
(134, 'michele.novicki', '2018-03-21', 85, 'Sistema fora do ar', 1, 1, 55, NULL),
(135, 'michele.novicki', '2018-03-21', 85, 'Sistema fora do ar', 1, 1, 55, NULL),
(136, 'michele.novicki', '2018-03-05', 84, 'Sistema fora do ar', 1, 1, 148, NULL),
(137, 'michele.novicki', '2018-03-19', 84, 'Sistema fora do ar', 1, 1, 148, NULL),
(138, 'michele.novicki', '2018-03-13', 84, 'Sistema fora do ar', 1, 1, 148, NULL),
(139, 'michele.novicki', '2018-03-05', 88, 'Sistema fora do ar', 1, 1, 55, NULL),
(140, 'michele.novicki', '2018-03-05', 88, 'Problemas com a localização', 1, 1, 55, NULL),
(141, 'michele.novicki', '2018-03-05', 88, 'Problemas com a localização', 1, 1, 55, NULL),
(142, 'michele.novicki', '2018-03-08', 88, 'Sistema fora do ar', NULL, 3, 55, NULL),
(143, 'michele.novicki', '2018-03-19', 88, 'Sistema fora do ar', 1, 1, 55, NULL),
(144, 'michele.novicki', '2018-03-05', 89, 'Sistema fora do ar', 1, 1, 204, NULL),
(145, 'michele.novicki', '2018-03-19', 89, 'Sistema fora do ar', 1, 1, 204, NULL),
(146, 'michele.novicki', '2018-03-06', 89, 'Duplicidade de registro', NULL, 1, 204, NULL),
(147, 'michele.novicki', '2018-03-01', 94, 'Sistema fora do ar', 1, 1, 77, NULL),
(148, 'michele.novicki', '2018-03-13', 94, 'Sistema fora do ar', 1, 1, 77, NULL),
(149, 'michele.novicki', '2018-03-06', 94, 'Sistema fora do ar', 1, 4, 77, NULL),
(150, 'michele.novicki', '2018-03-05', 94, 'Problemas com a localização', 1, 2, 77, NULL),
(151, 'michele.novicki', '2018-03-05', 94, 'Atestados/Declarações', 1, 1, 77, NULL),
(152, 'michele.novicki', '2018-03-05', 94, 'Sistema fora do ar', 1, 1, 77, NULL),
(153, 'michele.novicki', '2018-03-26', 95, 'Sistema fora do ar', 1, 1, 156, NULL),
(154, 'michele.novicki', '2018-03-06', 97, 'Sistema fora do ar', 1, 1, 77, NULL),
(155, 'michele.novicki', '2018-03-19', 97, 'Sistema fora do ar', 1, 1, 77, NULL),
(156, 'michele.novicki', '2018-03-12', 104, 'Sistema fora do ar', NULL, 1, 160, NULL),
(157, 'michele.novicki', '2018-03-12', 104, 'Sistema fora do ar', NULL, 1, 160, NULL),
(158, 'michele.novicki', '2018-03-12', 104, 'Sistema fora do ar', NULL, 1, 160, NULL),
(159, 'michele.novicki', '2018-03-01', 104, 'Sistema fora do ar', NULL, 1, 160, NULL),
(160, 'michele.novicki', '2018-03-05', 106, 'Problemas com a localização', 1, 1, 156, NULL),
(161, 'michele.novicki', '2018-03-15', 106, 'Atestados/Declarações', 1, 1, 156, NULL),
(162, 'michele.novicki', '2018-03-05', 107, 'Sistema fora do ar', 1, 1, 55, NULL),
(163, 'michele.novicki', '2018-03-19', 107, 'Sistema fora do ar', 1, 1, 55, NULL),
(164, 'michele.novicki', '2018-03-16', 107, 'Duplicidade de registro', 1, 1, 55, NULL),
(165, 'michele.novicki', '2018-03-05', 107, 'Sistema fora do ar', 1, 1, 55, NULL),
(166, 'michele.novicki', '2018-03-20', 108, 'Sistema fora do ar', 1, 1, 77, NULL),
(167, 'michele.novicki', '2018-03-20', 108, 'Sistema fora do ar', 1, 1, 77, NULL),
(168, 'michele.novicki', '2018-03-06', 108, 'Sistema fora do ar', 1, 1, 77, NULL),
(169, 'michele.novicki', '2018-03-20', 108, 'Sistema fora do ar', 1, 1, 77, NULL),
(170, 'michele.novicki', '2018-03-16', 110, 'Sistema fora do ar', 1, 3, 55, NULL),
(171, 'michele.novicki', '2018-03-26', 110, 'Sistema fora do ar', 1, 2, 55, NULL),
(172, 'michele.novicki', '2018-03-07', 118, 'Atestados/Declarações', 1, 1, 156, NULL),
(173, 'michele.novicki', '2018-03-19', 118, 'Sistema fora do ar', 1, 1, 156, NULL),
(174, 'michele.novicki', '2018-03-12', 118, 'Sistema fora do ar', 1, 1, 156, NULL),
(175, 'michele.novicki', '2018-03-07', 118, 'Esquecimento', NULL, 1, 156, NULL),
(176, 'michele.novicki', '2018-03-20', 119, 'Sistema fora do ar', 1, 1, 148, NULL),
(177, 'michele.novicki', '2018-03-15', 119, 'Duplicidade de registro', 1, 1, 148, NULL),
(178, 'michele.novicki', '2018-03-06', 119, 'Duplicidade de registro', 1, 1, 148, NULL),
(179, 'michele.novicki', '2018-03-06', 119, 'Problemas com a localização', 1, 2, 148, NULL),
(180, 'michele.novicki', '2018-03-05', 119, 'Sistema fora do ar', 1, 1, 148, NULL),
(181, 'michele.novicki', '2018-03-05', 164, 'Problemas com a localização', 1, 2, 77, NULL),
(182, 'michele.novicki', '2018-03-06', 164, 'Problemas com a localização', 1, 1, 77, NULL),
(183, 'michele.novicki', '2018-03-12', 164, 'Problemas com a localização', 1, 1, 77, NULL),
(184, 'michele.novicki', '2018-03-19', 164, 'Sistema fora do ar', 1, 1, 77, NULL),
(185, 'michele.novicki', '2018-03-29', 123, 'Sistema fora do ar', 1, 1, 148, NULL),
(186, 'michele.novicki', '2018-03-26', 123, 'Sistema fora do ar', 1, 1, 148, NULL),
(187, 'michele.novicki', '2018-03-26', 123, 'Sistema fora do ar', 1, 1, 148, NULL),
(188, 'michele.novicki', '2018-03-20', 123, 'Sistema fora do ar', 1, 1, 148, NULL),
(189, 'michele.novicki', '2018-03-05', 123, 'Problemas com a localização', 1, 1, 148, NULL),
(190, 'michele.novicki', '2018-03-05', 123, 'Problemas com a localização', 1, 3, 148, NULL),
(191, 'michele.novicki', '2018-03-06', 121, 'Sistema fora do ar', 1, 1, 55, NULL),
(192, 'michele.novicki', '2018-03-23', 121, 'Sistema fora do ar', NULL, 1, 55, NULL),
(193, 'michele.novicki', '2018-03-05', 165, 'Sistema fora do ar', 1, 1, 55, NULL),
(194, 'michele.novicki', '2018-03-19', 165, 'Sistema fora do ar', NULL, 1, 55, NULL),
(195, 'michele.novicki', '2018-03-20', 165, 'Problemas com a rede do cliente', NULL, 1, 55, NULL),
(196, 'michele.novicki', '2018-03-28', 127, 'Sistema fora do ar', 1, 1, 55, NULL),
(197, 'michele.novicki', '2018-03-26', 127, 'Sistema fora do ar', 1, 1, 55, NULL),
(198, 'michele.novicki', '2018-03-14', 127, 'Fora do local de trabalho', 1, 1, 55, NULL),
(199, 'michele.novicki', '2018-03-14', 127, 'Duplicidade de registro', NULL, 1, 55, NULL),
(200, 'michele.novicki', '2018-03-14', 127, 'Problemas com a localização', 1, 3, 55, NULL),
(201, 'michele.novicki', '2018-03-05', 127, 'Problemas com a localização', 1, 1, 55, NULL),
(202, 'michele.novicki', '2018-03-19', 128, 'Sistema fora do ar', 1, 1, 148, NULL),
(203, 'michele.novicki', '2018-03-16', 128, 'Duplicidade de registro', NULL, 1, 148, NULL),
(204, 'michele.novicki', '2018-03-16', 128, 'Sistema fora do ar', NULL, 1, 148, NULL),
(205, 'michele.novicki', '2018-03-05', 128, 'Problemas com a localização', 1, 1, 148, NULL),
(206, 'michele.novicki', '2018-03-05', 128, 'Problemas com a localização', 1, 1, 148, NULL),
(207, 'michele.novicki', '2018-03-02', 130, 'Duplicidade de registro', 1, 1, 55, NULL),
(208, 'michele.novicki', '2018-03-12', 130, 'Sistema fora do ar', 1, 1, 55, NULL),
(209, 'michele.novicki', '2018-03-19', 130, 'Sistema fora do ar', 1, 1, 55, NULL),
(210, 'michele.novicki', '2018-03-16', 132, 'Duplicidade de registro', 1, 1, 148, NULL),
(211, 'michele.novicki', '2018-03-19', 132, 'Sistema fora do ar', 1, 1, 148, NULL),
(212, 'michele.novicki', '2018-03-19', 132, 'Sistema fora do ar', NULL, 1, 148, NULL),
(213, 'michele.novicki', '2018-03-20', 136, 'Sistema fora do ar', 1, 1, 148, NULL),
(214, 'michele.novicki', '2018-03-19', 136, 'Esquecimento', NULL, 1, 148, NULL),
(215, 'michele.novicki', '2018-03-09', 136, 'Atestados/Declarações', 1, 1, 148, NULL),
(216, 'michele.novicki', '2018-03-05', 136, 'Atestados/Declarações', 1, 1, 55, NULL),
(217, 'michele.novicki', '2018-03-05', 136, 'Sistema fora do ar', 1, 1, 148, NULL),
(218, 'michele.novicki', '2018-03-21', 136, 'Sistema fora do ar', NULL, 1, 148, NULL),
(219, 'michele.novicki', '2018-03-21', 136, 'Esquecimento', NULL, 1, 148, NULL),
(220, 'michele.novicki', '2018-03-05', 136, 'Sistema fora do ar', 1, 1, 148, NULL),
(221, 'michele.novicki', '2018-03-06', 135, 'Problemas com a localização', 1, 3, 148, NULL),
(222, 'michele.novicki', '2018-03-19', 135, 'Sistema fora do ar', NULL, 1, 148, NULL),
(223, 'michele.novicki', '2018-03-19', 135, 'Duplicidade de registro', NULL, 1, 148, NULL),
(224, 'michele.novicki', '2018-03-05', 137, 'Sistema fora do ar', 1, 1, 148, NULL),
(225, 'michele.novicki', '2018-03-06', 137, 'Duplicidade de registro', 1, 2, 148, NULL),
(226, 'michele.novicki', '2018-03-12', 137, 'Sistema fora do ar', 1, 1, 148, NULL),
(227, 'michele.novicki', '2018-03-20', 137, 'Fora do local de trabalho', 1, 1, 148, NULL),
(228, 'michele.novicki', '2018-03-05', 166, 'Sistema fora do ar', 1, 1, 204, NULL),
(229, 'michele.novicki', '2018-03-27', 166, 'Sistema fora do ar', NULL, 5, 204, NULL),
(230, 'michele.novicki', '2018-03-19', 166, 'Sistema fora do ar', 1, 1, 204, NULL),
(231, 'michele.novicki', '2018-03-05', 166, 'Problemas com a localização', 1, 1, 204, NULL),
(232, 'michele.novicki', '2018-03-05', 138, 'Sistema fora do ar', 1, 1, 148, NULL),
(233, 'michele.novicki', '2018-03-05', 138, 'Sistema fora do ar', 1, 3, 148, NULL),
(234, 'michele.novicki', '2018-03-19', 138, 'Sistema fora do ar', 1, 1, 148, NULL),
(235, 'michele.novicki', '2018-03-19', 140, 'Sistema fora do ar', NULL, 1, 77, NULL),
(236, 'michele.novicki', '2018-03-01', 142, 'Problemas com a rede do cliente', 1, 1, 55, NULL),
(237, 'michele.novicki', '2018-03-05', 142, 'Sistema fora do ar', 1, 1, 55, NULL),
(238, 'michele.novicki', '2018-03-05', 142, 'Sistema fora do ar', 1, 1, 55, NULL),
(239, 'michele.novicki', '2018-03-19', 142, 'Sistema fora do ar', 1, 1, 55, NULL),
(240, 'michele.novicki', '2018-03-05', 143, 'Problemas com a localização', 1, 1, 55, NULL),
(241, 'michele.novicki', '2018-03-29', 143, 'Sistema fora do ar', 1, 1, 55, NULL),
(242, 'michele.novicki', '2018-03-28', 143, 'Sistema fora do ar', 1, 1, 55, NULL),
(243, 'michele.novicki', '2018-03-23', 143, 'Sistema fora do ar', 1, 1, 55, NULL),
(244, 'michele.novicki', '2018-03-23', 143, 'Sistema fora do ar', 1, 1, 55, NULL),
(245, 'michele.novicki', '2018-03-19', 143, 'Sistema fora do ar', 1, 2, 55, NULL),
(246, 'michele.novicki', '2018-03-16', 143, 'Sistema fora do ar', 1, 1, 55, NULL),
(247, 'michele.novicki', '2018-03-30', 93, 'Esquecimento', NULL, 1, 55, NULL),
(248, 'michele.novicki', '2018-03-30', 93, 'Sem justificativa', NULL, 1, 55, NULL),
(249, 'michele.novicki', '2018-03-29', 149, 'Esquecimento', NULL, 1, 160, NULL),
(250, 'michele.novicki', '2018-03-29', 102, 'Esquecimento', NULL, 1, 77, NULL),
(251, 'michele.novicki', '2018-03-28', 153, 'Esquecimento', NULL, 1, 87, NULL),
(252, 'michele.novicki', '2018-03-28', 153, 'Sem justificativa', NULL, 1, 87, NULL),
(253, 'michele.novicki', '2018-03-01', 200, 'Sistema fora do ar', NULL, 1, 77, NULL),
(254, 'michele.novicki', '2018-03-28', 200, 'Fora do local de trabalho', NULL, 1, 77, NULL),
(255, 'michele.novicki', '2018-03-28', 200, 'Fora do local de trabalho', NULL, 1, 77, NULL),
(256, 'michele.novicki', '2018-03-28', 200, 'Fora do local de trabalho', NULL, 1, 77, NULL),
(257, 'michele.novicki', '2018-03-28', 200, 'Fora do local de trabalho', NULL, 1, 77, NULL),
(258, 'michele.novicki', '2018-03-28', 200, 'Fora do local de trabalho', NULL, 1, 77, NULL),
(259, 'michele.novicki', '2018-03-07', 200, 'Sistema fora do ar', NULL, 1, 77, NULL),
(260, 'michele.novicki', '2018-03-07', 200, 'Fora do local de trabalho', NULL, 1, 77, NULL),
(261, 'michele.novicki', '2018-03-12', 200, 'Fora do local de trabalho', NULL, 1, 77, NULL),
(262, 'michele.novicki', '2018-03-12', 200, 'Fora do local de trabalho', NULL, 1, 77, NULL),
(263, 'michele.novicki', '2018-03-12', 200, 'Fora do local de trabalho', NULL, 1, 77, NULL),
(264, 'michele.novicki', '2018-03-20', 200, 'Fora do local de trabalho', NULL, 1, 77, NULL),
(265, 'michele.novicki', '2018-03-20', 200, 'Sistema fora do ar', NULL, 1, 77, NULL),
(266, 'michele.novicki', '2018-03-20', 200, 'Fora do local de trabalho', NULL, 1, 77, NULL),
(267, 'michele.novicki', '2018-03-20', 200, 'Fora do local de trabalho', NULL, 1, 77, NULL),
(268, 'michele.novicki', '2018-03-20', 200, 'Fora do local de trabalho', NULL, 1, 77, NULL),
(269, 'michele.novicki', '2018-03-20', 200, 'Fora do local de trabalho', NULL, 1, 77, NULL),
(270, 'michele.novicki', '2018-03-27', 149, 'Esquecimento', NULL, 1, 160, NULL),
(271, 'michele.novicki', '2018-03-23', 31, 'Fora do local de trabalho', NULL, 1, 55, NULL),
(272, 'michele.novicki', '2018-03-27', 31, 'Sistema fora do ar', NULL, 1, 55, NULL),
(273, 'michele.novicki', '2018-03-20', 31, 'Sistema fora do ar', 1, 1, 55, NULL),
(274, 'michele.novicki', '2018-03-19', 31, 'Sistema fora do ar', 1, 1, 55, NULL),
(275, 'michele.novicki', '2018-03-02', 31, 'Duplicidade de registro', 1, 1, 55, NULL),
(276, 'michele.novicki', '2018-03-05', 31, 'Problemas com a localização', 1, 1, 55, NULL),
(277, 'michele.novicki', '2018-03-05', 31, 'Problemas com a localização', 1, 2, 55, NULL),
(278, 'michele.novicki', '2018-03-12', 31, 'Sistema fora do ar', 1, 1, 55, NULL),
(279, 'michele.novicki', '2018-03-15', 31, 'Fora do local de trabalho', NULL, 1, 55, NULL),
(280, 'michele.novicki', '2018-03-27', 168, 'Esquecimento', NULL, 1, 203, NULL),
(281, 'michele.novicki', '2018-03-27', 168, 'Sem justificativa', NULL, 1, 203, NULL),
(282, 'michele.novicki', '2018-03-27', 168, 'Sem justificativa', NULL, 1, 203, NULL),
(283, 'michele.novicki', '2018-03-27', 168, 'Esquecimento', NULL, 1, 203, NULL),
(284, 'michele.novicki', '2018-03-27', 168, 'Fora do local de trabalho', NULL, 1, 203, NULL),
(285, 'michele.novicki', '2018-03-27', 168, 'Fora do local de trabalho', NULL, 1, 203, NULL),
(286, 'michele.novicki', '2018-03-09', 21, 'Esquecimento', NULL, 1, 203, NULL),
(287, 'michele.novicki', '2018-03-23', 21, 'Sem justificativa', NULL, 1, 203, NULL),
(288, 'michele.novicki', '2018-03-23', 50, 'Esquecimento', NULL, 1, 55, NULL),
(289, 'michele.novicki', '2018-03-23', 50, 'Sem justificativa', NULL, 1, 55, NULL),
(290, 'michele.novicki', '2018-03-23', 50, 'Sem justificativa', NULL, 1, 55, NULL),
(291, 'michele.novicki', '2018-03-23', 50, 'Esquecimento', NULL, 1, 55, NULL),
(292, 'michele.novicki', '2018-03-06', 17, 'Sem justificativa', NULL, 1, 87, NULL),
(293, 'michele.novicki', '2018-03-06', 17, 'Esquecimento', NULL, 1, 87, NULL),
(294, 'michele.novicki', '2018-03-06', 17, 'Sem justificativa', NULL, 1, 87, NULL),
(295, 'michele.novicki', '2018-03-23', 53, 'Sem justificativa', NULL, 1, 87, NULL),
(296, 'michele.novicki', '2018-03-22', 53, 'Duplicidade de registro', NULL, 1, 87, NULL),
(297, 'michele.novicki', '2018-03-22', 53, 'Sem justificativa', NULL, 1, 87, NULL),
(298, 'michele.novicki', '2018-03-22', 53, 'Duplicidade de registro', NULL, 1, 87, NULL),
(299, 'michele.novicki', '2018-03-15', 53, 'Duplicidade de registro', NULL, 1, 87, NULL),
(300, 'michele.novicki', '2018-03-13', 53, 'Esquecimento', NULL, 1, 87, NULL),
(301, 'michele.novicki', '2018-03-12', 53, 'Sem justificativa', NULL, 1, 87, NULL),
(302, 'michele.novicki', '2018-03-05', 53, 'Sem justificativa', NULL, 1, 87, NULL),
(303, 'michele.novicki', '2018-03-01', 53, 'Esquecimento', NULL, 1, 87, NULL),
(304, 'michele.novicki', '2018-03-19', 149, 'Esquecimento', NULL, 1, 160, NULL),
(305, 'michele.novicki', '2018-03-19', 149, 'Sem justificativa', NULL, 1, 160, NULL),
(306, 'michele.novicki', '2018-03-12', 149, 'Sem justificativa', NULL, 1, 160, NULL),
(307, 'michele.novicki', '2018-03-12', 149, 'Esquecimento', NULL, 1, 160, NULL),
(308, 'michele.novicki', '2018-03-06', 149, 'Esquecimento', NULL, 1, 160, NULL),
(309, 'michele.novicki', '2018-03-05', 149, 'Sem justificativa', NULL, 1, 160, NULL),
(310, 'michele.novicki', '2018-03-19', 63, 'Esquecimento', NULL, 1, 55, NULL),
(311, 'michele.novicki', '2018-03-19', 63, 'Sem justificativa', NULL, 1, 55, NULL),
(312, 'michele.novicki', '2018-03-22', 150, 'Sem justificativa', NULL, 1, 160, NULL),
(313, 'michele.novicki', '2018-03-22', 150, 'Esquecimento', NULL, 1, 160, NULL),
(314, 'michele.novicki', '2018-03-22', 150, 'Esquecimento', NULL, 1, 160, NULL),
(315, 'michele.novicki', '2018-03-12', 150, 'Esquecimento', NULL, 1, 160, NULL),
(316, 'michele.novicki', '2018-03-12', 150, 'Sem justificativa', NULL, 1, 160, NULL),
(317, 'michele.novicki', '2018-03-05', 150, 'Duplicidade de registro', NULL, 1, 160, NULL),
(318, 'michele.novicki', '2018-03-05', 150, 'Esquecimento', NULL, 1, 160, NULL),
(319, 'michele.novicki', '2018-03-05', 150, 'Sem justificativa', NULL, 1, 160, NULL),
(320, 'michele.novicki', '2018-03-05', 150, 'Esquecimento', NULL, 1, 160, NULL),
(321, 'michele.novicki', '2018-03-01', 150, 'Sem justificativa', NULL, 1, 160, NULL),
(322, 'michele.novicki', '2018-03-19', 72, 'Esquecimento', NULL, 1, 87, NULL),
(323, 'michele.novicki', '2018-03-16', 72, 'Sem justificativa', NULL, 1, 87, NULL),
(324, 'michele.novicki', '2018-03-16', 72, 'Esquecimento', NULL, 1, 87, NULL),
(325, 'michele.novicki', '2018-03-12', 72, 'Esquecimento', NULL, 1, 87, NULL),
(326, 'michele.novicki', '2018-03-05', 72, 'Sem justificativa', NULL, 1, 87, NULL),
(327, 'michele.novicki', '2018-03-21', 73, 'Esquecimento', NULL, 1, 160, NULL),
(328, 'michele.novicki', '2018-03-21', 73, 'Esquecimento', NULL, 1, 160, NULL),
(329, 'michele.novicki', '2018-03-21', 73, 'Sem justificativa', NULL, 1, 160, NULL),
(330, 'michele.novicki', '2018-03-07', 73, 'Esquecimento', NULL, 1, 87, NULL),
(331, 'michele.novicki', '2018-03-07', 73, 'Sem justificativa', NULL, 1, 160, NULL),
(332, 'michele.novicki', '2018-03-01', 73, 'Sem justificativa', NULL, 1, 160, NULL),
(333, 'michele.novicki', '2018-03-19', 80, 'Sem justificativa', NULL, 1, 87, NULL),
(334, 'michele.novicki', '2018-03-13', 80, 'Sem justificativa', NULL, 1, 87, NULL),
(335, 'michele.novicki', '2018-03-05', 80, 'Esquecimento', NULL, 1, 87, NULL),
(336, 'michele.novicki', '2018-03-05', 156, 'Problemas com a localização', 1, 1, 55, NULL),
(337, 'michele.novicki', '2018-03-09', 156, 'Problemas com a localização', 1, 1, 55, NULL),
(338, 'michele.novicki', '2018-03-09', 156, 'Sistema fora do ar', 1, 1, 55, NULL),
(339, 'michele.novicki', '2018-03-19', 156, 'Sistema fora do ar', 1, 1, 55, NULL),
(340, 'michele.novicki', '2018-03-19', 34, 'Sistema fora do ar', 1, 1, 55, NULL),
(341, 'michele.novicki', '2018-03-05', 86, 'Sistema fora do ar', 1, 1, 203, NULL),
(342, 'michele.novicki', '2018-03-05', 86, 'Sistema fora do ar', 1, 2, 203, NULL),
(343, 'michele.novicki', '2018-03-22', 86, 'Esquecimento', NULL, 1, 203, NULL),
(344, 'michele.novicki', '2018-03-23', 93, 'Sem justificativa', NULL, 1, 55, NULL),
(345, 'michele.novicki', '2018-03-05', 93, 'Esquecimento', NULL, 1, 55, NULL),
(346, 'michele.novicki', '2018-03-05', 93, 'Sem justificativa', NULL, 1, 55, NULL),
(347, 'michele.novicki', '2018-03-21', 100, 'Sem justificativa', NULL, 1, 148, NULL),
(348, 'michele.novicki', '2018-03-20', 101, 'Esquecimento', NULL, 1, 203, NULL),
(349, 'michele.novicki', '2018-03-19', 101, 'Sistema fora do ar', NULL, 1, 203, NULL),
(350, 'michele.novicki', '2018-03-19', 101, 'Sem justificativa', NULL, 1, 203, NULL),
(351, 'michele.novicki', '2018-03-16', 101, 'Sem justificativa', NULL, 1, 203, NULL),
(352, 'michele.novicki', '2018-03-13', 101, 'Esquecimento', NULL, 1, 203, NULL),
(353, 'michele.novicki', '2018-03-12', 101, 'Sem justificativa', NULL, 1, 203, NULL),
(354, 'michele.novicki', '2018-03-09', 101, 'Sem justificativa', NULL, 1, 203, NULL),
(355, 'michele.novicki', '2018-03-06', 101, 'Esquecimento', NULL, 1, 203, NULL),
(356, 'michele.novicki', '2018-03-05', 101, 'Sem justificativa', NULL, 1, 203, NULL),
(357, 'michele.novicki', '2018-03-05', 101, 'Esquecimento', NULL, 1, 203, NULL),
(358, 'michele.novicki', '2018-03-19', 103, 'Esquecimento', NULL, 1, 55, NULL),
(359, 'michele.novicki', '2018-03-05', 103, 'Sem justificativa', NULL, 1, 55, NULL),
(360, 'michele.novicki', '2018-03-21', 102, 'Esquecimento', NULL, 1, 77, NULL),
(361, 'michele.novicki', '2018-03-09', 102, 'Esquecimento', NULL, 1, 77, NULL),
(362, 'michele.novicki', '2018-03-09', 102, 'Esquecimento', NULL, 1, 77, NULL),
(363, 'michele.novicki', '2018-03-09', 102, 'Sem justificativa', NULL, 1, 77, NULL),
(364, 'michele.novicki', '2018-03-09', 102, 'Sem justificativa', NULL, 1, 77, NULL),
(365, 'michele.novicki', '2018-03-15', 111, 'Sem justificativa', NULL, 1, 55, NULL),
(366, 'michele.novicki', '2018-03-06', 160, 'Sem justificativa', NULL, 1, 203, NULL),
(367, 'michele.novicki', '2018-03-06', 160, 'Sem justificativa', NULL, 1, 203, NULL),
(368, 'michele.novicki', '2018-03-26', 162, 'Sem justificativa', NULL, 1, 55, NULL),
(369, 'michele.novicki', '2018-03-26', 176, 'Sem justificativa', NULL, 1, 55, NULL),
(370, 'michele.novicki', '2018-03-19', 178, 'Esquecimento', NULL, 1, 77, NULL),
(371, 'michele.novicki', '2018-03-05', 178, 'Esquecimento', NULL, 1, 77, NULL),
(372, 'michele.novicki', '2018-03-02', 178, 'Sem justificativa', NULL, 1, 77, NULL),
(373, 'michele.novicki', '2018-03-01', 178, 'Sem justificativa', NULL, 1, 77, NULL),
(374, 'michele.novicki', '2018-03-12', 116, 'Sem justificativa', NULL, 1, 148, NULL),
(375, 'michele.novicki', '2018-03-05', 116, 'Esquecimento', NULL, 1, 148, NULL),
(376, 'michele.novicki', '2018-03-19', 126, 'Sistema fora do ar', NULL, 1, 77, NULL),
(377, 'michele.novicki', '2018-03-15', 126, 'Esquecimento', NULL, 1, 77, NULL),
(378, 'michele.novicki', '2018-03-05', 126, 'Sem justificativa', NULL, 1, 77, NULL),
(379, 'michele.novicki', '2018-03-26', 133, 'Sem justificativa', NULL, 1, 148, NULL),
(380, 'michele.novicki', '2018-03-19', 133, 'Sem justificativa', NULL, 1, 148, NULL),
(381, 'michele.novicki', '2018-03-09', 133, 'Esquecimento', NULL, 1, 148, NULL),
(382, 'michele.novicki', '2018-03-05', 133, 'Esquecimento', NULL, 1, 148, NULL),
(383, 'michele.novicki', '2018-03-19', 139, 'Sem justificativa', NULL, 1, 148, NULL),
(384, 'michele.novicki', '2018-03-12', 139, 'Sem justificativa', NULL, 1, 148, NULL),
(385, 'michele.novicki', '2018-03-07', 139, 'Esquecimento', NULL, 1, 148, NULL),
(386, 'michele.novicki', '2018-03-05', 139, 'Sem justificativa', NULL, 1, 148, NULL),
(387, 'michele.novicki', '2018-03-05', 139, 'Esquecimento', NULL, 1, 148, NULL),
(388, 'michele.novicki', '2018-03-27', 141, 'Sem justificativa', NULL, 1, 77, NULL),
(389, 'michele.novicki', '2018-03-21', 141, 'Esquecimento', NULL, 1, 77, NULL),
(390, 'michele.novicki', '2018-03-19', 141, 'Esquecimento', NULL, 1, 77, NULL),
(391, 'michele.novicki', '2018-03-19', 141, 'Sem justificativa', NULL, 1, 77, NULL),
(392, 'michele.novicki', '2018-03-16', 168, 'Esquecimento', NULL, 1, 203, NULL),
(393, 'michele.novicki', '2018-03-12', 168, 'Sem justificativa', NULL, 1, 203, NULL),
(394, 'michele.novicki', '2018-03-12', 168, 'Sem justificativa', NULL, 1, 203, NULL),
(395, 'michele.novicki', '2018-03-02', 168, 'Esquecimento', NULL, 1, 203, NULL),
(396, 'michele.novicki', '2018-03-21', 144, 'Sistema fora do ar', NULL, 1, 148, NULL),
(397, 'michele.novicki', '2018-03-19', 144, 'Sistema fora do ar', NULL, 1, 148, NULL),
(398, 'michele.novicki', '2018-03-07', 144, 'Sistema fora do ar', NULL, 1, 148, NULL),
(399, 'michele.novicki', '2018-03-05', 144, 'Sistema fora do ar', NULL, 1, 148, NULL),
(400, 'michele.novicki', '2018-03-05', 144, 'Sistema fora do ar', NULL, 1, 148, NULL),
(401, 'michele.novicki', '2018-03-05', 144, 'Sistema fora do ar', NULL, 1, 148, NULL),
(402, 'michele.novicki', '2018-03-20', 119, 'Sem justificativa', NULL, 1, 148, NULL),
(403, 'michele.novicki', '2018-03-15', 119, 'Sem justificativa', NULL, 1, 148, NULL),
(404, 'michele.novicki', '2018-03-06', 119, 'Esquecimento', NULL, 1, 148, NULL),
(405, 'michele.novicki', '2018-03-05', 119, 'Esquecimento', NULL, 1, 148, NULL),
(406, 'michele.novicki', '2018-03-06', 35, 'Sistema fora do ar', 1, 1, 160, NULL),
(407, 'michele.novicki', '2018-03-06', 35, 'Sistema fora do ar', 1, 1, 160, NULL),
(408, 'michele.novicki', '2018-03-06', 35, 'Sistema fora do ar', 1, 1, 160, NULL),
(409, 'michele.novicki', '2018-03-05', 36, 'Sistema fora do ar', 1, 1, 148, NULL),
(410, 'michele.novicki', '2018-03-23', 18, 'Sistema fora do ar', 1, 1, 87, NULL),
(411, 'michele.novicki', '2018-03-07', 41, 'Problemas com a rede do cliente', 1, 1, 55, NULL),
(412, 'michele.novicki', '2018-03-07', 41, 'Problemas com a rede do cliente', 1, 1, 55, NULL),
(413, 'michele.novicki', '2018-03-07', 41, 'Problemas com a rede do cliente', 1, 1, 55, NULL),
(414, 'michele.novicki', '2018-03-06', 46, 'Sistema fora do ar', 1, 1, 87, NULL),
(415, 'michele.novicki', '2018-03-06', 46, 'Sistema fora do ar', 1, 1, 87, NULL),
(416, 'michele.novicki', '2018-03-06', 46, 'Sistema fora do ar', 1, 1, 87, NULL),
(417, 'michele.novicki', '2018-03-23', 50, 'Sistema fora do ar', 1, 1, 160, NULL),
(418, 'michele.novicki', '2018-03-23', 50, 'Sistema fora do ar', 1, 1, 160, NULL),
(419, 'michele.novicki', '2018-03-23', 50, 'Sistema fora do ar', 1, 1, 160, NULL),
(420, 'michele.novicki', '2018-03-23', 50, 'Sistema fora do ar', 1, 1, 160, NULL),
(421, 'michele.novicki', '2018-03-23', 50, 'Sistema fora do ar', 1, 1, 160, NULL),
(422, 'michele.novicki', '2018-03-26', 169, 'Sistema fora do ar', 1, 1, 55, NULL),
(423, 'michele.novicki', '2018-03-22', 53, 'Fora do local de trabalho', 1, 1, 87, NULL),
(424, 'michele.novicki', '2018-03-22', 53, 'Fora do local de trabalho', 1, 1, 87, NULL),
(425, 'michele.novicki', '2018-03-19', 59, 'Sistema fora do ar', 1, 1, 148, NULL),
(426, 'michele.novicki', '2018-03-19', 59, 'Sistema fora do ar', 1, 1, 148, NULL),
(427, 'michele.novicki', '2018-03-19', 59, 'Sistema fora do ar', 1, 1, 148, NULL),
(428, 'michele.novicki', '2018-03-05', 60, 'Sistema fora do ar', 1, 1, 55, NULL),
(429, 'michele.novicki', '2018-03-05', 60, 'Sistema fora do ar', 1, 1, 55, NULL),
(430, 'michele.novicki', '2018-03-05', 62, 'Sistema fora do ar', 1, 1, 148, NULL),
(431, 'michele.novicki', '2018-03-05', 27, 'Problemas com a localização', 1, 1, 55, NULL),
(432, 'michele.novicki', '2018-03-05', 67, 'Sistema fora do ar', 1, 1, 55, NULL),
(433, 'michele.novicki', '2018-03-06', 97, 'Sistema fora do ar', 1, 1, 77, NULL),
(434, 'michele.novicki', '2018-03-06', 97, 'Sistema fora do ar', 1, 1, 77, NULL),
(435, 'michele.novicki', '2018-03-05', 107, 'Sistema fora do ar', 1, 1, 55, NULL),
(436, 'michele.novicki', '2018-03-20', 108, 'Sistema fora do ar', 1, 1, 77, NULL),
(437, 'michele.novicki', '2018-03-07', 110, 'Sistema fora do ar', 1, 1, 55, NULL),
(438, 'michele.novicki', '2018-03-07', 110, 'Sistema fora do ar', 1, 1, 55, NULL),
(439, 'michele.novicki', '2018-03-07', 110, 'Sistema fora do ar', 1, 1, 55, NULL),
(440, 'michele.novicki', '2018-03-07', 110, 'Sistema fora do ar', 1, 1, 55, NULL),
(441, 'michele.novicki', '2018-04-06', 36, 'Sistema fora do ar', NULL, 1, 148, NULL),
(442, 'michele.novicki', '2018-04-11', 36, 'Sistema fora do ar', NULL, 1, 148, NULL),
(443, 'michele.novicki', '2018-04-27', 36, 'Atestados/Declarações', 1, 1, 148, NULL),
(444, 'michele.novicki', '2018-04-14', 146, 'Sistema fora do ar', 1, 1, 87, NULL),
(445, 'michele.novicki', '2018-04-04', 20, 'Duplicidade de registro', NULL, 1, 156, NULL),
(446, 'michele.novicki', '2018-04-24', 20, 'Sistema fora do ar', NULL, 1, 156, NULL),
(447, 'michele.novicki', '2018-04-24', 41, 'Sistema fora do ar', 1, 1, 55, NULL),
(448, 'michele.novicki', '2018-04-25', 41, 'Sistema fora do ar', 1, 1, 55, NULL),
(449, 'michele.novicki', '2018-04-24', 41, 'Sistema fora do ar', 1, 1, 55, NULL),
(450, 'michele.novicki', '2018-04-24', 41, 'Sistema fora do ar', 1, 1, 55, NULL),
(451, 'michele.novicki', '2018-03-24', 41, 'Sistema fora do ar', 1, 1, 55, NULL),
(452, 'michele.novicki', '2018-04-24', 41, 'Sistema fora do ar', 1, 1, 55, NULL),
(453, 'michele.novicki', '2018-04-24', 41, 'Sistema fora do ar', 1, 1, 55, NULL),
(454, 'michele.novicki', '2018-03-24', 41, 'Sistema fora do ar', 1, 1, 55, NULL),
(455, 'michele.novicki', '2018-04-24', 41, 'Sistema fora do ar', 1, 1, 55, NULL),
(456, 'michele.novicki', '2018-04-24', 41, 'Sistema fora do ar', 1, 1, 55, NULL),
(457, 'michele.novicki', '2018-04-24', 41, 'Sistema fora do ar', 1, 1, 55, NULL),
(458, 'michele.novicki', '2018-04-24', 41, 'Sistema fora do ar', 1, 1, 55, NULL),
(459, 'michele.novicki', '2018-04-24', 41, 'Sistema fora do ar', 1, 1, 55, NULL),
(460, 'michele.novicki', '2018-03-24', 41, 'Sistema fora do ar', 1, 1, 55, NULL),
(461, 'michele.novicki', '2018-04-24', 41, 'Sistema fora do ar', 1, 1, 55, NULL),
(462, 'michele.novicki', '2018-04-24', 41, 'Sistema fora do ar', 1, 1, 55, NULL),
(463, 'michele.novicki', '2018-04-24', 41, 'Sistema fora do ar', 1, 1, 55, NULL),
(464, 'michele.novicki', '2018-04-24', 41, 'Sistema fora do ar', 1, 1, 55, NULL),
(465, 'michele.novicki', '2018-04-24', 41, 'Sistema fora do ar', 1, 1, 55, NULL),
(466, 'michele.novicki', '2018-04-24', 41, 'Sistema fora do ar', 1, 1, 55, NULL),
(467, 'michele.novicki', '2018-04-24', 41, 'Sistema fora do ar', 1, 1, 55, NULL),
(468, 'michele.novicki', '2018-04-24', 41, 'Sistema fora do ar', 1, 1, 55, NULL),
(469, 'michele.novicki', '2018-04-24', 41, 'Sistema fora do ar', 1, 1, 55, NULL),
(470, 'michele.novicki', '2018-04-24', 41, 'Sistema fora do ar', 1, 1, 55, NULL),
(471, 'michele.novicki', '2018-04-24', 41, 'Sistema fora do ar', 1, 1, 55, NULL),
(472, 'michele.novicki', '2018-04-24', 41, 'Sistema fora do ar', 1, 1, 55, NULL),
(473, 'michele.novicki', '2018-04-24', 41, 'Sistema fora do ar', 1, 1, 55, NULL),
(474, 'michele.novicki', '2018-04-24', 41, 'Sistema fora do ar', 1, 1, 55, NULL),
(475, 'michele.novicki', '2018-04-24', 41, 'Sistema fora do ar', 1, 1, 55, NULL),
(476, 'michele.novicki', '2018-04-24', 41, 'Sistema fora do ar', 1, 1, 55, NULL),
(477, 'michele.novicki', '2018-04-24', 41, 'Sistema fora do ar', 1, 1, 55, NULL),
(478, 'michele.novicki', '2018-04-24', 41, 'Sistema fora do ar', 1, 1, 55, NULL),
(479, 'michele.novicki', '2018-04-24', 41, 'Sistema fora do ar', 1, 1, 55, NULL),
(480, 'michele.novicki', '2018-04-24', 41, 'Sistema fora do ar', 1, 1, 55, NULL),
(481, 'michele.novicki', '2018-04-24', 41, 'Sistema fora do ar', 1, 1, 55, NULL),
(482, 'michele.novicki', '2018-04-24', 41, 'Sistema fora do ar', 1, 1, 55, NULL),
(483, 'michele.novicki', '2018-04-24', 41, 'Sistema fora do ar', 1, 1, 55, NULL),
(484, 'michele.novicki', '2018-04-24', 41, 'Sistema fora do ar', 1, 1, 55, NULL),
(485, 'michele.novicki', '2018-04-24', 41, 'Sistema fora do ar', 1, 1, 55, NULL),
(486, 'michele.novicki', '2018-04-24', 41, 'Sistema fora do ar', 1, 1, 55, NULL),
(487, 'michele.novicki', '2018-04-24', 41, 'Sistema fora do ar', 1, 1, 55, NULL),
(488, 'michele.novicki', '2018-04-24', 41, 'Sistema fora do ar', 1, 1, 55, NULL),
(489, 'michele.novicki', '2018-04-24', 41, 'Sistema fora do ar', 1, 1, 55, NULL),
(490, 'michele.novicki', '2018-04-24', 41, 'Sistema fora do ar', 1, 1, 55, NULL),
(491, 'michele.novicki', '2018-04-24', 41, 'Sistema fora do ar', 1, 1, 55, NULL),
(492, 'michele.novicki', '2018-04-24', 41, 'Sistema fora do ar', 1, 1, 55, NULL),
(493, 'michele.novicki', '2018-04-24', 41, 'Sistema fora do ar', 1, 1, 55, NULL),
(494, 'michele.novicki', '2018-04-24', 41, 'Sistema fora do ar', 1, 1, 55, NULL),
(495, 'michele.novicki', '2018-04-24', 41, 'Atestados/Declarações', 1, 1, 55, NULL),
(496, 'michele.novicki', '2018-04-24', 41, 'Sistema fora do ar', 1, 1, 55, NULL),
(497, 'michele.novicki', '2018-04-24', 41, 'Sistema fora do ar', 1, 1, 55, NULL),
(498, 'michele.novicki', '2018-04-24', 41, 'Sistema fora do ar', 1, 1, 55, NULL),
(499, 'michele.novicki', '2018-04-24', 41, 'Sistema fora do ar', 1, 1, 55, NULL),
(500, 'michele.novicki', '2018-04-24', 41, 'Sistema fora do ar', 1, 1, 55, NULL),
(501, 'michele.novicki', '2018-04-24', 41, 'Sistema fora do ar', 1, 1, 55, NULL),
(502, 'michele.novicki', '2018-04-24', 41, 'Sistema fora do ar', 1, 1, 55, NULL),
(503, 'michele.novicki', '2018-04-24', 41, 'Sistema fora do ar', 1, 1, 55, NULL),
(504, 'michele.novicki', '2018-04-24', 41, 'Sistema fora do ar', 1, 1, 55, NULL),
(505, 'michele.novicki', '2018-04-30', 45, 'Fora do local de trabalho', NULL, 1, 77, NULL),
(506, 'michele.novicki', '2018-04-23', 45, 'Fora do local de trabalho', NULL, 1, 77, NULL),
(507, 'michele.novicki', '2018-04-23', 45, 'Fora do local de trabalho', 1, 1, 77, NULL),
(508, 'michele.novicki', '2018-04-17', 45, 'Fora do local de trabalho', NULL, 1, 77, NULL),
(509, 'michele.novicki', '2018-04-16', 45, 'Fora do local de trabalho', NULL, 1, 77, NULL),
(510, 'michele.novicki', '2018-04-17', 148, 'Duplicidade de registro', NULL, 1, 87, NULL),
(511, 'michele.novicki', '2018-04-17', 148, 'Duplicidade de registro', NULL, 1, 87, NULL),
(512, 'michele.novicki', '2018-04-17', 148, 'Duplicidade de registro', NULL, 1, 87, NULL),
(513, 'michele.novicki', '2018-04-17', 148, 'Duplicidade de registro', NULL, 1, 87, NULL),
(514, 'michele.novicki', '2018-04-17', 148, 'Sistema fora do ar', 1, 1, 87, NULL),
(515, 'michele.novicki', '2018-04-17', 148, 'Sistema fora do ar', 1, 1, 87, NULL),
(516, 'michele.novicki', '2018-04-17', 148, 'Sistema fora do ar', 1, 1, 87, NULL),
(517, 'michele.novicki', '2018-04-03', 49, 'Sistema fora do ar', 1, 1, 55, NULL),
(518, 'michele.novicki', '2018-04-03', 49, 'Esquecimento', NULL, 1, 55, NULL),
(519, 'michele.novicki', '2018-04-21', 49, 'Duplicidade de registro', NULL, 1, 55, NULL),
(520, 'michele.novicki', '2018-04-13', 49, 'Sistema fora do ar', 1, 1, 55, NULL),
(521, 'michele.novicki', '2018-04-20', 54, 'Sistema fora do ar', NULL, 1, 203, NULL),
(522, 'michele.novicki', '2018-04-20', 54, 'Sistema fora do ar', NULL, 1, 203, NULL),
(523, 'michele.novicki', '2018-04-20', 54, 'Sistema fora do ar', NULL, 1, 203, NULL),
(524, 'michele.novicki', '2018-04-21', 54, 'Sem justificativa', NULL, 1, 203, NULL),
(525, 'michele.novicki', '2018-04-21', 54, 'Sem justificativa', NULL, 1, 203, NULL),
(526, 'michele.novicki', '2018-03-05', 55, 'Fora do local de trabalho', NULL, 1, 55, NULL),
(527, 'michele.novicki', '2018-04-13', 55, 'Fora do local de trabalho', NULL, 1, 55, NULL),
(528, 'michele.novicki', '2018-04-24', 55, 'Fora do local de trabalho', NULL, 1, 55, NULL),
(529, 'michele.novicki', '2018-04-05', 55, 'Fora do local de trabalho', NULL, 1, 55, NULL),
(530, 'michele.novicki', '2018-04-04', 150, 'Problemas com a rede do cliente', NULL, 1, 160, NULL),
(531, 'michele.novicki', '2018-04-04', 150, 'Fora do local de trabalho', NULL, 1, 160, NULL),
(532, 'michele.novicki', '2018-04-27', 150, 'Problemas com a rede do cliente', NULL, 1, 160, NULL),
(533, 'michele.novicki', '2018-04-09', 27, 'Sistema fora do ar', 1, 1, 55, NULL),
(534, 'michele.novicki', '2018-04-09', 27, 'Atestados/Declarações', 1, 1, 55, NULL),
(535, 'michele.novicki', '2018-04-10', 30, 'Atestados/Declarações', 1, 1, 148, NULL),
(536, 'michele.novicki', '2018-04-27', 30, 'Atestados/Declarações', 1, 1, 148, NULL),
(537, 'michele.novicki', '2018-04-26', 30, 'Sistema fora do ar', NULL, 1, 148, NULL),
(538, 'michele.novicki', '2018-04-25', 30, 'Atestados/Declarações', 1, 1, 148, NULL),
(539, 'michele.novicki', '2018-04-20', 30, 'Sem justificativa', NULL, 1, 148, NULL),
(540, 'michele.novicki', '2018-04-20', 30, 'Sistema fora do ar', NULL, 1, 148, NULL),
(541, 'michele.novicki', '2018-04-12', 71, 'Atestados/Declarações', 1, 1, 55, NULL),
(542, 'michele.novicki', '2018-04-20', 71, 'Atestados/Declarações', 1, 1, 55, NULL),
(543, 'michele.novicki', '2018-04-20', 71, 'Duplicidade de registro', NULL, 1, 55, NULL),
(544, 'michele.novicki', '2018-04-26', 71, 'Duplicidade de registro', 1, 1, 55, NULL),
(545, 'michele.novicki', '2018-04-02', 78, 'Problemas com a localização', 1, 1, 55, NULL),
(546, 'michele.novicki', '2018-04-05', 78, 'Fora do local de trabalho', NULL, 1, 55, NULL),
(547, 'michele.novicki', '2018-04-07', 78, 'Fora do local de trabalho', NULL, 1, 55, NULL),
(548, 'michele.novicki', '2018-04-07', 78, 'Fora do local de trabalho', NULL, 1, 55, NULL),
(549, 'michele.novicki', '2018-04-07', 78, 'Fora do local de trabalho', NULL, 1, 55, NULL),
(550, 'michele.novicki', '2018-04-07', 78, 'Fora do local de trabalho', NULL, 1, 55, NULL),
(551, 'michele.novicki', '2018-04-25', 78, 'Duplicidade de registro', 1, 1, 55, NULL),
(552, 'michele.novicki', '2018-04-26', 78, 'Esquecimento', 1, 1, 55, NULL),
(553, 'michele.novicki', '2018-04-11', 34, 'Fora do local de trabalho', NULL, 1, 55, NULL),
(554, 'michele.novicki', '2018-04-04', 34, 'Sistema fora do ar', 1, 1, 55, NULL),
(555, 'michele.novicki', '2018-04-13', 34, 'Esquecimento', NULL, 1, 55, 1),
(556, 'michele.novicki', '2018-04-18', 34, 'Sistema fora do ar', 1, 1, 55, NULL),
(557, 'michele.novicki', '2018-04-20', 34, 'Duplicidade de registro', NULL, 1, 55, NULL),
(558, 'michele.novicki', '2018-04-20', 34, 'Sistema fora do ar', 1, 1, 55, NULL),
(559, 'michele.novicki', '2018-04-20', 34, 'Sistema fora do ar', 1, 1, 55, NULL),
(560, 'michele.novicki', '2018-04-20', 34, 'Sistema fora do ar', 1, 1, 55, NULL),
(561, 'michele.novicki', '2018-04-20', 34, 'Sistema fora do ar', 1, 1, 55, NULL),
(562, 'michele.novicki', '2018-04-27', 157, 'Sem justificativa', NULL, 1, 55, 1),
(563, 'michele.novicki', '2018-04-19', 157, 'Sistema fora do ar', NULL, 1, 55, NULL),
(564, 'michele.novicki', '2018-04-09', 157, 'Problemas com a localização', 1, 1, 55, NULL),
(565, 'michele.novicki', '2018-04-27', 157, 'Sem justificativa', NULL, 1, 55, NULL),
(566, 'michele.novicki', '2018-04-27', 157, 'Sistema fora do ar', NULL, 1, 55, NULL),
(567, 'michele.novicki', '2018-04-27', 157, 'Sistema fora do ar', NULL, 1, 55, NULL),
(568, 'michele.novicki', '2018-04-27', 157, 'Sistema fora do ar', NULL, 1, 55, NULL),
(569, 'michele.novicki', '2018-04-04', 157, 'Duplicidade de registro', NULL, 1, 55, NULL),
(570, 'michele.novicki', '2018-04-24', 83, 'Sistema fora do ar', NULL, 1, 87, NULL),
(571, 'michele.novicki', '2018-04-24', 83, 'Sistema fora do ar', NULL, 1, 87, NULL),
(572, 'michele.novicki', '2018-04-16', 83, 'Sistema fora do ar', NULL, 1, 87, NULL),
(573, 'michele.novicki', '2018-04-16', 83, 'Sistema fora do ar', NULL, 1, 87, NULL),
(574, 'michele.novicki', '2018-04-16', 83, 'Problemas com a localização', 1, 1, 87, NULL),
(575, 'michele.novicki', '2018-04-11', 83, 'Sistema fora do ar', 1, 1, 87, NULL),
(576, 'michele.novicki', '2018-04-11', 83, 'Sistema fora do ar', 1, 1, 87, NULL),
(577, 'michele.novicki', '2018-04-18', 84, 'Sistema fora do ar', 1, 1, 148, NULL),
(578, 'michele.novicki', '2018-04-19', 84, 'Sistema fora do ar', 1, 1, 148, NULL),
(579, 'michele.novicki', '2018-04-20', 84, 'Sistema fora do ar', NULL, 1, 148, NULL),
(580, 'michele.novicki', '2018-04-12', 88, 'Atestados/Declarações', 1, 1, 160, NULL),
(581, 'michele.novicki', '2018-04-30', 88, 'Sem justificativa', NULL, 1, 160, 1),
(582, 'michele.novicki', '2018-04-30', 89, 'Duplicidade de registro', NULL, 1, 204, NULL),
(583, 'michele.novicki', '2018-04-30', 89, 'Duplicidade de registro', NULL, 1, 204, NULL),
(584, 'michele.novicki', '2018-04-30', 89, 'Duplicidade de registro', NULL, 1, 204, NULL),
(585, 'michele.novicki', '2018-04-30', 89, 'Duplicidade de registro', NULL, 1, 204, NULL),
(586, 'michele.novicki', '2018-04-30', 89, 'Duplicidade de registro', NULL, 1, 204, NULL),
(587, 'michele.novicki', '2018-04-02', 97, 'Atestados/Declarações', 1, 1, 77, NULL),
(588, 'michele.novicki', '2018-04-06', 97, 'Sistema fora do ar', 1, 1, 77, NULL),
(589, 'michele.novicki', '2018-04-26', 97, 'Duplicidade de registro', 1, 1, 77, NULL),
(590, 'michele.novicki', '2018-04-04', 110, 'Sistema fora do ar', 1, 1, 55, NULL),
(591, 'michele.novicki', '2018-04-20', 110, 'Duplicidade de registro', 1, 1, 55, NULL),
(592, 'michele.novicki', '2018-04-20', 110, 'Sistema fora do ar', 1, 1, 55, NULL),
(593, 'michele.novicki', '2018-04-20', 110, 'Sistema fora do ar', 1, 1, 55, NULL),
(594, 'michele.novicki', '2018-04-20', 110, 'Sistema fora do ar', 1, 1, 55, NULL),
(595, 'michele.novicki', '2018-04-20', 110, 'Sistema fora do ar', 1, 1, 55, NULL),
(596, 'michele.novicki', '2018-04-16', 118, 'Atestados/Declarações', 1, 1, 156, NULL),
(597, 'michele.novicki', '2018-04-13', 119, 'Fora do local de trabalho', NULL, 1, 148, NULL),
(598, 'michele.novicki', '2018-04-17', 119, 'Atestados/Declarações', 1, 1, 148, NULL),
(599, 'michele.novicki', '2018-04-02', 164, 'Sistema fora do ar', 1, 1, 77, NULL),
(600, 'michele.novicki', '2018-04-02', 164, 'Sistema fora do ar', 1, 1, 77, NULL),
(601, 'michele.novicki', '2018-04-02', 164, 'Sistema fora do ar', 1, 1, 77, NULL),
(602, 'michele.novicki', '2018-04-02', 164, 'Sistema fora do ar', 1, 1, 77, NULL),
(603, 'michele.novicki', '2018-04-16', 164, 'Problemas com a localização', 1, 1, 77, NULL),
(604, 'michele.novicki', '2018-04-16', 164, 'Problemas com a localização', 1, 1, 77, NULL),
(605, 'michele.novicki', '2018-04-16', 164, 'Problemas com a localização', 1, 1, 77, NULL),
(606, 'michele.novicki', '2018-04-16', 164, 'Problemas com a localização', 1, 1, 77, NULL),
(607, 'michele.novicki', '2018-04-16', 164, 'Problemas com a localização', 1, 1, 77, NULL),
(608, 'michele.novicki', '2018-04-16', 164, 'Problemas com a localização', 1, 1, 77, NULL),
(609, 'michele.novicki', '2018-04-16', 164, 'Problemas com a localização', 1, 1, 77, NULL),
(610, 'michele.novicki', '2018-04-16', 164, 'Problemas com a localização', 1, 1, 77, NULL);
INSERT INTO `tb_ajuste_colaborador` (`id`, `str_responsavel`, `dta_data`, `colaborador_id`, `str_ajuste`, `bol_evidencia`, `int_quantidade`, `gestor_id`, `bol_notificacao`) VALUES
(611, 'michele.novicki', '2018-04-06', 120, 'Atestados/Declarações', 1, 1, 203, NULL),
(612, 'michele.novicki', '2018-04-06', 120, 'Sistema fora do ar', 1, 1, 203, NULL),
(613, 'michele.novicki', '2018-04-20', 120, 'Sistema fora do ar', 1, 1, 203, NULL),
(614, 'michele.novicki', '2018-04-20', 120, 'Sistema fora do ar', 1, 1, 203, NULL),
(615, 'michele.novicki', '2018-04-20', 120, 'Sistema fora do ar', 1, 1, 203, NULL),
(616, 'michele.novicki', '2018-04-26', 179, 'Sistema fora do ar', 1, 1, 55, NULL),
(617, 'michele.novicki', '2018-04-25', 179, 'Fora do local de trabalho', NULL, 1, 55, NULL),
(618, 'michele.novicki', '2018-04-25', 179, 'Fora do local de trabalho', NULL, 1, 55, NULL),
(619, 'michele.novicki', '2018-04-25', 179, 'Fora do local de trabalho', NULL, 1, 55, NULL),
(620, 'michele.novicki', '2018-04-25', 179, 'Fora do local de trabalho', NULL, 1, 55, NULL),
(621, 'michele.novicki', '2018-04-27', 179, 'Sistema fora do ar', 1, 1, 55, NULL),
(622, 'michele.novicki', '2018-04-26', 128, 'Atestados/Declarações', 1, 1, 148, NULL),
(623, 'michele.novicki', '2018-04-17', 127, 'Atestados/Declarações', 1, 1, 160, NULL),
(624, 'michele.novicki', '2018-04-25', 132, 'Sistema fora do ar', NULL, 1, 148, NULL),
(625, 'michele.novicki', '2018-04-23', 136, 'Esquecimento', NULL, 1, 148, 1),
(626, 'michele.novicki', '2018-04-23', 136, 'Esquecimento', NULL, 1, 148, 1),
(627, 'michele.novicki', '2018-04-23', 136, 'Esquecimento', NULL, 1, 148, 1),
(628, 'michele.novicki', '2018-04-23', 136, 'Esquecimento', NULL, 1, 148, 1),
(629, 'michele.novicki', '2018-04-23', 136, 'Esquecimento', NULL, 1, 148, 1),
(630, 'michele.novicki', '2018-04-23', 136, 'Esquecimento', NULL, 1, 148, 1),
(631, 'michele.novicki', '2018-04-23', 136, 'Atestados/Declarações', 1, 1, 148, NULL),
(632, 'michele.novicki', '2018-04-25', 136, 'Sem justificativa', NULL, 1, 148, NULL),
(633, 'michele.novicki', '2018-04-20', 137, 'Atestados/Declarações', 1, 1, 148, NULL),
(634, 'michele.novicki', '2018-04-02', 166, 'Fora do local de trabalho', NULL, 1, 55, NULL),
(635, 'michele.novicki', '2018-04-26', 166, 'Fora do local de trabalho', NULL, 1, 55, NULL),
(636, 'michele.novicki', '2018-04-26', 166, 'Fora do local de trabalho', NULL, 1, 55, NULL),
(637, 'michele.novicki', '2018-04-26', 166, 'Fora do local de trabalho', NULL, 1, 55, NULL),
(638, 'michele.novicki', '2018-04-18', 166, 'Fora do local de trabalho', NULL, 1, 55, NULL),
(639, 'michele.novicki', '2018-04-18', 166, 'Fora do local de trabalho', NULL, 1, 55, NULL),
(640, 'michele.novicki', '2018-04-18', 166, 'Fora do local de trabalho', NULL, 1, 55, NULL),
(641, 'michele.novicki', '2018-04-18', 166, 'Fora do local de trabalho', NULL, 1, 55, NULL),
(642, 'michele.novicki', '2018-04-18', 166, 'Fora do local de trabalho', NULL, 1, 55, NULL),
(643, 'michele.novicki', '2018-04-18', 166, 'Fora do local de trabalho', NULL, 1, 55, NULL),
(644, 'michele.novicki', '2018-04-02', 166, 'Sem justificativa', NULL, 1, 55, 1),
(645, 'michele.novicki', '2018-04-09', 166, 'Fora do local de trabalho', NULL, 1, 55, NULL),
(646, 'michele.novicki', '2018-04-09', 166, 'Fora do local de trabalho', NULL, 1, 55, NULL),
(647, 'michele.novicki', '2018-04-06', 138, 'Duplicidade de registro', 1, 1, 87, NULL),
(648, 'michele.novicki', '2018-04-24', 174, 'Sistema fora do ar', 1, 1, 55, NULL),
(649, 'michele.novicki', '2018-04-24', 174, 'Sistema fora do ar', 1, 1, 55, NULL),
(650, 'michele.novicki', '2018-04-24', 174, 'Sistema fora do ar', 1, 1, 55, NULL),
(651, 'michele.novicki', '2018-04-10', 139, 'Duplicidade de registro', 1, 1, 148, NULL),
(652, 'michele.novicki', '2018-04-25', 184, 'Sem máquina para registro', NULL, 1, 55, NULL),
(653, 'michele.novicki', '2018-04-25', 184, 'Sem máquina para registro', NULL, 1, 55, NULL),
(654, 'michele.novicki', '2018-04-25', 184, 'Sem máquina para registro', NULL, 1, 55, NULL),
(655, 'michele.novicki', '2018-04-25', 184, 'Sem máquina para registro', NULL, 1, 55, NULL),
(656, 'michele.novicki', '2018-04-25', 184, 'Sem máquina para registro', NULL, 1, 55, NULL),
(657, 'michele.novicki', '2018-04-25', 184, 'Sem máquina para registro', NULL, 1, 55, NULL),
(658, 'michele.novicki', '2018-04-25', 184, 'Sem máquina para registro', NULL, 1, 55, NULL),
(659, 'michele.novicki', '2018-04-25', 184, 'Sem máquina para registro', NULL, 1, 55, NULL),
(660, 'michele.novicki', '2018-04-25', 184, 'Sem máquina para registro', NULL, 1, 55, NULL),
(661, 'michele.novicki', '2018-04-25', 184, 'Sem máquina para registro', NULL, 1, 55, NULL),
(662, 'michele.novicki', '2018-04-25', 184, 'Sem máquina para registro', NULL, 1, 55, NULL),
(663, 'michele.novicki', '2018-04-25', 184, 'Sem máquina para registro', NULL, 1, 55, NULL),
(664, 'michele.novicki', '2018-04-25', 184, 'Sem máquina para registro', NULL, 1, 55, NULL),
(665, 'michele.novicki', '2018-04-23', 182, 'Sistema fora do ar', 1, 1, 77, NULL),
(666, 'michele.novicki', '2018-04-23', 182, 'Sistema fora do ar', 1, 1, 77, NULL),
(667, 'michele.novicki', '2018-04-23', 182, 'Fora do local de trabalho', 1, 1, 77, NULL),
(668, 'michele.novicki', '2018-04-23', 182, 'Sistema fora do ar', 1, 1, 77, NULL),
(669, 'michele.novicki', '2018-04-23', 182, 'Sistema fora do ar', 1, 1, 77, NULL),
(670, 'michele.novicki', '2018-04-23', 182, 'Fora do local de trabalho', 1, 1, 77, NULL),
(671, 'michele.novicki', '2018-04-03', 142, 'Sistema fora do ar', 1, 1, 55, NULL),
(672, 'michele.novicki', '2018-04-27', 142, 'Sistema fora do ar', 1, 1, 55, NULL),
(673, 'michele.novicki', '2018-04-27', 142, 'Sistema fora do ar', 1, 1, 55, NULL),
(674, 'michele.novicki', '2018-04-27', 142, 'Sistema fora do ar', 1, 1, 55, NULL),
(675, 'michele.novicki', '2018-04-27', 142, 'Atestados/Declarações', 1, 1, 55, NULL),
(676, 'michele.novicki', '2018-04-26', 142, 'Duplicidade de registro', NULL, 1, 55, NULL),
(677, 'michele.novicki', '2018-04-26', 142, 'Duplicidade de registro', NULL, 1, 55, NULL),
(678, 'michele.novicki', '2018-04-26', 142, 'Fora do local de trabalho', NULL, 1, 55, NULL),
(679, 'michele.novicki', '2018-04-16', 142, 'Sem máquina para registro', NULL, 1, 55, NULL),
(680, 'michele.novicki', '2018-04-16', 142, 'Sem máquina para registro', NULL, 1, 55, NULL),
(681, 'michele.novicki', '2018-04-17', 142, 'Sistema fora do ar', NULL, 1, 55, NULL),
(682, 'michele.novicki', '2018-04-23', 142, 'Fora do local de trabalho', NULL, 1, 55, NULL),
(683, 'michele.novicki', '2018-04-26', 142, 'Sistema fora do ar', 1, 1, 55, NULL),
(684, 'michele.novicki', '2018-04-03', 143, 'Sistema fora do ar', 1, 1, 55, NULL),
(685, 'michele.novicki', '2018-04-03', 143, 'Sistema fora do ar', 1, 1, 55, NULL),
(686, 'michele.novicki', '2018-04-06', 143, 'Sistema fora do ar', 1, 1, 55, NULL),
(687, 'michele.novicki', '2018-04-17', 143, 'Atestados/Declarações', 1, 1, 55, NULL),
(688, 'michele.novicki', '2018-04-19', 143, 'Fora do local de trabalho', NULL, 1, 55, NULL),
(689, 'michele.novicki', '2018-04-19', 183, 'Sistema fora do ar', NULL, 1, 156, NULL),
(690, 'michele.novicki', '2018-04-19', 183, 'Sistema fora do ar', NULL, 1, 156, NULL),
(691, 'michele.novicki', '2018-04-19', 183, 'Sistema fora do ar', NULL, 1, 156, NULL),
(692, 'michele.novicki', '2018-04-06', 35, 'Sistema fora do ar', NULL, 1, 160, NULL),
(693, 'michele.novicki', '2018-04-06', 35, 'Esquecimento', NULL, 1, 160, NULL),
(694, 'michele.novicki', '2018-04-17', 35, 'Sem justificativa', NULL, 1, 160, NULL),
(695, 'michele.novicki', '2018-04-17', 35, 'Sistema fora do ar', NULL, 1, 160, NULL),
(696, 'michele.novicki', '2018-04-04', 37, 'Sistema fora do ar', NULL, 1, 55, NULL),
(697, 'michele.novicki', '2018-04-05', 37, 'Duplicidade de registro', NULL, 1, 55, NULL),
(698, 'michele.novicki', '2018-04-12', 37, 'Sistema fora do ar', NULL, 1, 55, NULL),
(699, 'michele.novicki', '2018-04-17', 148, 'Sistema fora do ar', NULL, 1, 87, NULL),
(700, 'michele.novicki', '2018-04-17', 148, 'Esquecimento', NULL, 1, 87, NULL),
(701, 'michele.novicki', '2018-04-17', 148, 'Sistema fora do ar', NULL, 1, 87, NULL),
(702, 'michele.novicki', '2018-04-11', 148, 'Duplicidade de registro', NULL, 1, 87, NULL),
(703, 'michele.novicki', '2018-04-17', 148, 'Sem justificativa', NULL, 1, 87, NULL),
(704, 'michele.novicki', '2018-04-17', 148, 'Sem justificativa', NULL, 1, 87, NULL),
(705, 'michele.novicki', '2018-04-23', 50, 'Sistema fora do ar', NULL, 1, 55, NULL),
(706, 'michele.novicki', '2018-04-23', 50, 'Sem justificativa', NULL, 1, 55, NULL),
(707, 'michele.novicki', '2018-04-24', 50, 'Esquecimento', NULL, 1, 55, NULL),
(708, 'michele.novicki', '2018-04-24', 50, 'Esquecimento', NULL, 1, 55, NULL),
(709, 'michele.novicki', '2018-04-24', 50, 'Sem justificativa', NULL, 1, 55, NULL),
(710, 'michele.novicki', '2018-04-20', 53, 'Esquecimento', NULL, 1, 77, NULL),
(711, 'michele.novicki', '2018-04-03', 149, 'Sistema fora do ar', NULL, 1, 55, NULL),
(712, 'michele.novicki', '2018-04-03', 149, 'Sistema fora do ar', NULL, 1, 55, NULL),
(713, 'michele.novicki', '2018-04-05', 149, 'Sem justificativa', NULL, 1, 55, NULL),
(714, 'michele.novicki', '2018-04-05', 149, 'Sistema fora do ar', NULL, 1, 55, NULL),
(715, 'michele.novicki', '2018-04-05', 149, 'Sem justificativa', NULL, 1, 55, NULL),
(716, 'michele.novicki', '2018-04-17', 63, 'Esquecimento', NULL, 1, 55, NULL),
(717, 'michele.novicki', '2018-04-17', 63, 'Sistema fora do ar', NULL, 1, 55, NULL),
(718, 'michele.novicki', '2018-04-17', 63, 'Fora do local de trabalho', NULL, 1, 55, NULL),
(719, 'michele.novicki', '2018-04-26', 63, 'Sistema fora do ar', NULL, 1, 55, NULL),
(720, 'michele.novicki', '2018-04-02', 27, 'Duplicidade de registro', NULL, 1, 55, NULL),
(721, 'michele.novicki', '2018-04-13', 27, 'Sistema fora do ar', NULL, 1, 55, NULL),
(722, 'michele.novicki', '2018-04-13', 27, 'Sistema fora do ar', NULL, 1, 55, NULL),
(723, 'michele.novicki', '2018-04-17', 27, 'Sem justificativa', NULL, 1, 55, NULL),
(724, 'michele.novicki', '2018-04-17', 27, 'Sistema fora do ar', NULL, 1, 55, NULL),
(725, 'michele.novicki', '2018-04-17', 27, 'Sistema fora do ar', NULL, 1, 55, NULL),
(726, 'michele.novicki', '2018-04-04', 151, 'Sem justificativa', NULL, 1, 77, NULL),
(727, 'michele.novicki', '2018-04-04', 151, 'Sem justificativa', NULL, 1, 77, NULL),
(728, 'michele.novicki', '2018-04-04', 151, 'Sem justificativa', NULL, 1, 77, NULL),
(729, 'michele.novicki', '2018-04-04', 151, 'Sem justificativa', NULL, 1, 77, NULL),
(730, 'michele.novicki', '2018-04-20', 172, 'Sistema fora do ar', NULL, 1, 55, NULL),
(731, 'michele.novicki', '2018-04-20', 172, 'Sistema fora do ar', NULL, 1, 55, NULL),
(732, 'michele.novicki', '2018-04-23', 31, 'Sistema fora do ar', NULL, 1, 55, NULL),
(733, 'michele.novicki', '2018-04-23', 31, 'Sistema fora do ar', NULL, 1, 55, NULL),
(734, 'michele.novicki', '2018-04-13', 73, 'Sistema fora do ar', NULL, 1, 55, NULL),
(735, 'michele.novicki', '2018-04-10', 76, 'Duplicidade de registro', 1, 1, 156, NULL),
(736, 'michele.novicki', '2018-04-10', 76, 'Duplicidade de registro', 1, 1, 156, NULL),
(737, 'michele.novicki', '2018-04-25', 200, 'Sem justificativa', NULL, 1, 87, NULL),
(738, 'michele.novicki', '2018-04-25', 200, 'Sem justificativa', NULL, 1, 87, NULL),
(739, 'michele.novicki', '2018-04-25', 200, 'Sem justificativa', NULL, 1, 87, NULL),
(740, 'michele.novicki', '2018-04-16', 200, 'Fora do local de trabalho', NULL, 1, 87, NULL),
(741, 'michele.novicki', '2018-04-16', 200, 'Fora do local de trabalho', NULL, 1, 87, NULL),
(742, 'michele.novicki', '2018-04-13', 200, 'Fora do local de trabalho', NULL, 1, 87, NULL),
(743, 'michele.novicki', '2018-04-12', 200, 'Sem justificativa', NULL, 1, 87, NULL),
(744, 'michele.novicki', '2018-04-11', 200, 'Fora do local de trabalho', NULL, 1, 87, NULL),
(745, 'michele.novicki', '2018-04-09', 155, 'Sistema fora do ar', NULL, 1, 55, NULL),
(746, 'michele.novicki', '2018-04-09', 155, 'Sistema fora do ar', NULL, 1, 55, NULL),
(747, 'michele.novicki', '2018-04-17', 155, 'Sistema fora do ar', NULL, 1, 55, NULL),
(748, 'michele.novicki', '2018-04-23', 155, 'Sistema fora do ar', NULL, 1, 55, NULL),
(749, 'michele.novicki', '2018-04-13', 156, 'Sistema fora do ar', NULL, 1, 203, NULL),
(750, 'michele.novicki', '2018-04-23', 156, 'Sistema fora do ar', NULL, 1, 203, NULL),
(751, 'michele.novicki', '2018-04-23', 156, 'Sistema fora do ar', NULL, 1, 203, NULL),
(752, 'michele.novicki', '2018-04-25', 158, 'Sistema fora do ar', NULL, 1, 55, NULL),
(753, 'michele.novicki', '2018-04-25', 158, 'Sistema fora do ar', NULL, 1, 55, NULL),
(754, 'michele.novicki', '2018-04-26', 158, 'Sistema fora do ar', NULL, 1, 55, NULL),
(755, 'michele.novicki', '2018-04-26', 158, 'Sistema fora do ar', NULL, 1, 55, NULL),
(756, 'michele.novicki', '2018-04-05', 158, 'Duplicidade de registro', NULL, 1, 55, NULL),
(757, 'michele.novicki', '2018-04-05', 158, 'Sem justificativa', NULL, 1, 55, NULL),
(758, 'michele.novicki', '2018-04-12', 158, 'Sistema fora do ar', NULL, 1, 55, NULL),
(759, 'michele.novicki', '2018-04-12', 158, 'Sistema fora do ar', NULL, 1, 55, NULL),
(760, 'michele.novicki', '2018-04-11', 99, 'Atestados/Declarações', 1, 1, 148, NULL),
(761, 'michele.novicki', '2018-04-09', 100, 'Sistema fora do ar', NULL, 1, 148, NULL),
(762, 'michele.novicki', '2018-04-09', 100, 'Sistema fora do ar', NULL, 1, 148, NULL),
(763, 'michele.novicki', '2018-04-19', 100, 'Sistema fora do ar', NULL, 1, 148, NULL),
(764, 'michele.novicki', '2018-04-19', 100, 'Sistema fora do ar', NULL, 1, 148, NULL),
(765, 'michele.novicki', '2018-04-02', 101, 'Sem justificativa', NULL, 1, 203, NULL),
(766, 'michele.novicki', '2018-04-04', 101, 'Sistema fora do ar', NULL, 1, 203, NULL),
(767, 'michele.novicki', '2018-04-11', 101, 'Sem justificativa', NULL, 1, 203, NULL),
(768, 'michele.novicki', '2018-04-11', 101, 'Sem justificativa', NULL, 1, 203, NULL),
(769, 'michele.novicki', '2018-04-24', 101, 'Sistema fora do ar', NULL, 1, 203, NULL),
(770, 'michele.novicki', '2018-04-23', 101, 'Duplicidade de registro', NULL, 1, 203, NULL),
(771, 'michele.novicki', '2018-04-24', 101, 'Sistema fora do ar', NULL, 1, 203, NULL),
(772, 'michele.novicki', '2018-04-02', 103, 'Sistema fora do ar', NULL, 1, 55, NULL),
(773, 'michele.novicki', '2018-04-25', 105, 'Duplicidade de registro', NULL, 1, 148, NULL),
(774, 'michele.novicki', '2018-04-23', 159, 'Sem justificativa', NULL, 1, 77, NULL),
(775, 'michele.novicki', '2018-04-24', 159, 'Sem justificativa', NULL, 1, 77, NULL),
(776, 'michele.novicki', '2018-04-19', 159, 'Sistema fora do ar', NULL, 1, 77, NULL),
(777, 'michele.novicki', '2018-04-19', 159, 'Duplicidade de registro', NULL, 1, 77, NULL),
(778, 'michele.novicki', '2018-04-24', 159, 'Sistema fora do ar', NULL, 1, 77, NULL),
(779, 'michele.novicki', '2018-04-24', 159, 'Sem justificativa', NULL, 1, 77, NULL),
(780, 'michele.novicki', '2018-04-27', 159, 'Esquecimento', NULL, 1, 77, NULL),
(781, 'michele.novicki', '2018-04-27', 159, 'Sistema fora do ar', NULL, 1, 77, NULL),
(782, 'michele.novicki', '2018-04-07', 113, 'Esquecimento', NULL, 1, 203, NULL),
(783, 'michele.novicki', '2018-04-14', 113, 'Sistema fora do ar', NULL, 1, 203, NULL),
(784, 'michele.novicki', '2018-04-07', 113, 'Sistema fora do ar', NULL, 1, 203, NULL),
(785, 'michele.novicki', '2018-04-14', 113, 'Esquecimento', NULL, 1, 203, NULL),
(786, 'michele.novicki', '2018-04-30', 113, 'Duplicidade de registro', NULL, 1, 203, NULL),
(788, 'michele.novicki', '2018-04-27', 113, 'Sistema fora do ar', NULL, 1, 203, NULL),
(789, 'michele.novicki', '2018-04-27', 113, 'Duplicidade de registro', NULL, 1, 203, NULL),
(790, 'michele.novicki', '2018-04-30', 113, 'Sistema fora do ar', NULL, 1, 203, NULL),
(791, 'michele.novicki', '2018-04-30', 113, 'Sistema fora do ar', NULL, 1, 203, NULL),
(792, 'michele.novicki', '2018-04-26', 113, 'Sem justificativa', NULL, 1, 203, NULL),
(793, 'michele.novicki', '2018-04-06', 176, 'Sem justificativa', NULL, 1, 55, NULL),
(794, 'michele.novicki', '2018-04-27', 176, 'Esquecimento', NULL, 1, 55, NULL),
(795, 'michele.novicki', '2018-04-27', 178, 'Sistema fora do ar', NULL, 1, 77, NULL),
(796, 'michele.novicki', '2018-04-27', 178, 'Sem justificativa', NULL, 1, 77, NULL),
(797, 'michele.novicki', '2018-04-12', 178, 'Sistema fora do ar', NULL, 1, 77, NULL),
(798, 'michele.novicki', '2018-04-27', 116, 'Sem justificativa', NULL, 1, 148, NULL),
(799, 'michele.novicki', '2018-04-30', 141, 'Sistema fora do ar', NULL, 1, 77, NULL),
(800, 'michele.novicki', '2018-04-12', 140, 'Sem justificativa', NULL, 1, 55, NULL),
(801, 'michele.novicki', '2018-04-26', 140, 'Duplicidade de registro', NULL, 1, 55, NULL),
(802, 'michele.novicki', '2018-04-25', 168, 'Sistema fora do ar', NULL, 1, 160, NULL),
(803, 'michele.novicki', '2018-04-25', 168, 'Sistema fora do ar', NULL, 1, 160, NULL),
(804, 'michele.novicki', '2018-04-25', 168, 'Sem justificativa', NULL, 1, 160, NULL),
(805, 'michele.novicki', '2018-04-25', 168, 'Duplicidade de registro', NULL, 1, 160, NULL),
(806, 'michele.novicki', '2018-04-25', 168, 'Sem justificativa', NULL, 1, 160, NULL),
(807, 'michele.novicki', '2018-04-25', 168, 'Sistema fora do ar', NULL, 1, 160, NULL),
(808, 'michele.novicki', '2018-04-02', 168, 'Esquecimento', NULL, 1, 160, NULL),
(809, 'michele.novicki', '2018-04-02', 168, 'Esquecimento', NULL, 1, 160, NULL),
(810, 'michele.novicki', '2018-04-04', 168, 'Sistema fora do ar', NULL, 1, 160, NULL),
(811, 'michele.novicki', '2018-04-04', 168, 'Sistema fora do ar', NULL, 1, 160, NULL),
(812, 'michele.novicki', '2018-04-02', 144, 'Atestados/Declarações', 1, 1, 148, NULL),
(813, 'michele.novicki', '2018-04-23', 144, 'Sistema fora do ar', NULL, 1, 148, NULL),
(814, 'michele.novicki', '2018-04-23', 144, 'Fora do local de trabalho', NULL, 1, 148, NULL),
(815, 'michele.novicki', '2018-04-17', 144, 'Sistema fora do ar', NULL, 1, 148, NULL),
(816, 'michele.novicki', '2018-04-17', 144, 'Sistema fora do ar', NULL, 1, 148, NULL),
(817, 'michele.novicki', '2018-04-17', 144, 'Sem justificativa', NULL, 1, 148, NULL),
(818, 'michele.novicki', '2018-04-17', 144, 'Esquecimento', NULL, 1, 148, NULL),
(819, 'michele.novicki', '2018-04-17', 144, 'Sistema fora do ar', NULL, 1, 148, NULL),
(820, 'michele.novicki', '2018-04-17', 144, 'Sistema fora do ar', NULL, 1, 148, NULL),
(821, 'michele.novicki', '2018-04-17', 144, 'Sem justificativa', NULL, 1, 148, NULL),
(822, 'michele.novicki', '2018-04-17', 144, 'Atestados/Declarações', NULL, 1, 148, NULL),
(823, 'michele.novicki', '2018-04-17', 144, 'Duplicidade de registro', NULL, 1, 148, NULL),
(824, 'michele.novicki', '2018-04-17', 144, 'Sistema fora do ar', NULL, 1, 148, NULL),
(825, 'michele.novicki', '2018-04-17', 144, 'Esquecimento', NULL, 1, 148, NULL),
(826, 'michele.novicki', '2018-04-27', 144, 'Duplicidade de registro', NULL, 1, 148, NULL),
(827, 'michele.novicki', '2018-04-11', 200, 'Fora do local de trabalho', NULL, 1, 87, NULL),
(828, 'michele.novicki', '2018-04-11', 200, 'Fora do local de trabalho', NULL, 1, 87, NULL),
(829, 'michele.novicki', '2018-04-11', 200, 'Fora do local de trabalho', NULL, 1, 87, NULL),
(830, 'michele.novicki', '2018-04-11', 200, 'Fora do local de trabalho', NULL, 1, 87, NULL),
(831, 'michele.novicki', '2018-04-11', 200, 'Fora do local de trabalho', NULL, 1, 87, NULL),
(832, 'michele.novicki', '2018-04-11', 200, 'Fora do local de trabalho', NULL, 1, 87, NULL),
(833, 'michele.novicki', '2018-04-11', 200, 'Fora do local de trabalho', NULL, 1, 87, NULL),
(834, 'michele.novicki', '2018-04-11', 200, 'Fora do local de trabalho', NULL, 1, 87, NULL),
(835, 'michele.novicki', '2018-04-11', 200, 'Fora do local de trabalho', NULL, 1, 87, NULL),
(836, 'michele.novicki', '2018-05-09', 145, 'Sem justificativa', NULL, 1, 77, 1),
(837, 'michele.novicki', '2018-05-09', 145, 'Sem justificativa', NULL, 1, 77, NULL),
(838, 'michele.novicki', '2018-05-09', 145, 'Sem justificativa', NULL, 1, 77, NULL),
(839, 'michele.novicki', '2018-05-09', 145, 'Sem justificativa', NULL, 1, 77, NULL),
(840, 'michele.novicki', '2018-05-01', 36, 'Atestados/Declarações', 1, 1, 148, NULL),
(841, 'michele.novicki', '2018-05-07', 36, 'Sistema fora do ar', 1, 1, 148, NULL),
(842, 'michele.novicki', '2018-05-04', 186, 'Fora do local de trabalho', NULL, 1, 148, NULL),
(843, 'michele.novicki', '2018-05-07', 186, 'Sistema fora do ar', 1, 1, 148, NULL),
(844, 'michele.novicki', '2018-05-10', 186, 'Fora do local de trabalho', NULL, 1, 148, NULL),
(845, 'michele.novicki', '2018-05-10', 186, 'Fora do local de trabalho', NULL, 1, 148, NULL),
(846, 'michele.novicki', '2018-05-10', 186, 'Fora do local de trabalho', NULL, 1, 148, NULL),
(847, 'michele.novicki', '2018-05-10', 186, 'Fora do local de trabalho', NULL, 1, 148, NULL),
(848, 'michele.novicki', '2018-05-21', 186, 'Problemas com a rede do cliente', NULL, 1, 55, NULL),
(849, 'michele.novicki', '2018-05-08', 18, 'Sistema fora do ar', NULL, 1, 55, NULL),
(850, 'michele.novicki', '2018-05-08', 18, 'Duplicidade de registro', NULL, 1, 55, NULL),
(851, 'michele.novicki', '2018-05-14', 187, 'Sem máquina para registro', NULL, 1, 55, NULL),
(852, 'michele.novicki', '2018-05-14', 187, 'Sem máquina para registro', NULL, 1, 55, NULL),
(853, 'michele.novicki', '2018-05-14', 187, 'Sem máquina para registro', NULL, 1, 55, NULL),
(854, 'michele.novicki', '2018-05-14', 187, 'Sistema fora do ar', NULL, 1, 55, NULL),
(855, 'michele.novicki', '2018-05-14', 187, 'Sistema fora do ar', 1, 1, 55, NULL),
(856, 'michele.novicki', '2018-05-21', 187, 'Sistema fora do ar', 1, 1, 55, NULL),
(857, 'michele.novicki', '2018-05-21', 187, 'Esquecimento', 1, 1, 55, NULL),
(858, 'michele.novicki', '2018-05-22', 41, 'Problemas com a rede do cliente', 1, 4, 55, NULL),
(859, 'michele.novicki', '2018-05-22', 41, 'Problemas com a rede do cliente', 1, 4, 55, NULL),
(860, 'michele.novicki', '2018-05-22', 41, 'Problemas com a rede do cliente', 1, 4, 55, NULL),
(861, 'michele.novicki', '2018-05-22', 41, 'Problemas com a rede do cliente', 1, 4, 55, NULL),
(862, 'michele.novicki', '2018-05-22', 41, 'Problemas com a rede do cliente', 1, 4, 55, NULL),
(863, 'michele.novicki', '2018-05-22', 41, 'Problemas com a rede do cliente', 1, 4, 55, NULL),
(864, 'michele.novicki', '2018-05-22', 41, 'Problemas com a rede do cliente', 1, 4, 55, NULL),
(865, 'michele.novicki', '2018-05-22', 41, 'Problemas com a rede do cliente', 1, 4, 55, NULL),
(866, 'michele.novicki', '2018-05-22', 41, 'Problemas com a rede do cliente', 1, 1, 55, NULL),
(867, 'michele.novicki', '2018-05-22', 41, 'Problemas com a rede do cliente', 1, 4, 55, NULL),
(868, 'michele.novicki', '2018-05-24', 41, 'Problemas com a rede do cliente', 1, 4, 55, NULL),
(869, 'michele.novicki', '2018-05-24', 41, 'Problemas com a rede do cliente', 1, 4, 55, NULL),
(870, 'michele.novicki', '2018-05-24', 41, 'Problemas com a rede do cliente', 1, 4, 55, NULL),
(871, 'michele.novicki', '2018-05-24', 41, 'Problemas com a rede do cliente', 1, 1, 55, NULL),
(872, 'michele.novicki', '2018-05-24', 41, 'Problemas com a rede do cliente', 1, 4, 55, NULL),
(873, 'michele.novicki', '2018-05-24', 41, 'Atestados/Declarações', 1, 4, 55, NULL),
(874, 'michele.novicki', '2018-05-24', 41, 'Problemas com a rede do cliente', 1, 4, 55, NULL),
(875, 'michele.novicki', '2018-05-24', 41, 'Problemas com a rede do cliente', 1, 4, 55, NULL),
(876, 'michele.novicki', '2018-05-24', 41, 'Problemas com a rede do cliente', 1, 4, 55, NULL),
(877, 'michele.novicki', '2018-05-24', 41, 'Atestados/Declarações', 1, 4, 55, NULL),
(878, 'michele.novicki', '2018-05-08', 45, 'Sistema fora do ar', 1, 1, 77, NULL),
(879, 'michele.novicki', '2018-05-08', 45, 'Duplicidade de registro', 1, 1, 77, NULL),
(880, 'michele.novicki', '2018-05-13', 46, 'Sistema fora do ar', 1, 1, 148, NULL),
(881, 'michele.novicki', '2018-05-03', 148, 'Problemas com a rede do cliente', 1, 1, 87, NULL),
(882, 'michele.novicki', '2018-05-03', 148, 'Sistema fora do ar', 1, 1, 87, NULL),
(883, 'michele.novicki', '2018-05-03', 148, 'Problemas com a rede do cliente', 1, 1, 87, NULL),
(884, 'michele.novicki', '2018-05-03', 148, 'Problemas com a rede do cliente', 1, 1, 87, NULL),
(885, 'michele.novicki', '2018-05-03', 148, 'Problemas com a rede do cliente', 1, 1, 87, NULL),
(886, 'michele.novicki', '2018-05-03', 148, 'Problemas com a rede do cliente', 1, 1, 87, NULL),
(887, 'michele.novicki', '2018-05-03', 148, 'Problemas com a rede do cliente', 1, 1, 87, NULL),
(888, 'michele.novicki', '2018-05-24', 49, 'Esquecimento', NULL, 1, 55, 1),
(889, 'michele.novicki', '2018-05-10', 49, 'Problemas com a rede do cliente', 1, 1, 55, NULL),
(890, 'michele.novicki', '2018-05-07', 49, 'Sistema fora do ar', 1, 1, 55, NULL),
(891, 'michele.novicki', '2018-05-21', 54, 'Sem justificativa', NULL, 1, 203, 1),
(892, 'michele.novicki', '2018-05-21', 54, 'Sem justificativa', NULL, 1, 203, NULL),
(893, 'michele.novicki', '2018-05-21', 54, 'Sem justificativa', NULL, 1, 203, NULL),
(894, 'michele.novicki', '2018-05-21', 54, 'Sem justificativa', NULL, 1, 203, NULL),
(895, 'michele.novicki', '2018-05-21', 54, 'Sem justificativa', NULL, 1, 203, NULL),
(896, 'michele.novicki', '2018-05-07', 26, 'Sistema fora do ar', 1, 1, 148, NULL),
(897, 'michele.novicki', '2018-05-07', 26, 'Sistema fora do ar', NULL, 1, 148, NULL),
(898, 'michele.novicki', '2018-05-08', 58, 'Sistema fora do ar', 1, 1, 148, NULL),
(899, 'michele.novicki', '2018-05-11', 58, 'Sistema fora do ar', NULL, 1, 148, NULL),
(900, 'michele.novicki', '2018-05-11', 58, 'Sistema fora do ar', NULL, 1, 148, NULL),
(901, 'michele.novicki', '2018-05-11', 58, 'Sistema fora do ar', NULL, 1, 148, NULL),
(902, 'michele.novicki', '2018-05-11', 58, 'Sistema fora do ar', NULL, 1, 148, NULL),
(903, 'michele.novicki', '2018-05-17', 58, 'Atestados/Declarações', 1, 1, 148, NULL),
(904, 'michele.novicki', '2018-05-28', 58, 'Sistema fora do ar', 1, 1, 148, NULL),
(905, 'michele.novicki', '2018-05-08', 59, 'Sistema fora do ar', 1, 1, 148, NULL),
(906, 'michele.novicki', '2018-05-08', 59, 'Sistema fora do ar', 1, 1, 148, NULL),
(907, 'michele.novicki', '2018-05-08', 59, 'Sistema fora do ar', 1, 1, 148, NULL),
(908, 'michele.novicki', '2018-05-08', 59, 'Sistema fora do ar', 1, 1, 148, NULL),
(909, 'michele.novicki', '2018-05-04', 60, 'Sistema fora do ar', 1, 1, 55, NULL),
(910, 'michele.novicki', '2018-05-07', 60, 'Sistema fora do ar', 1, 1, 55, NULL),
(911, 'michele.novicki', '2018-05-21', 60, 'Fora do local de trabalho', 1, 1, 55, NULL),
(912, 'michele.novicki', '2018-05-15', 188, 'Sem máquina para registro', NULL, 1, 203, NULL),
(913, 'michele.novicki', '2018-05-17', 188, 'Sem máquina para registro', NULL, 1, 203, NULL),
(914, 'michele.novicki', '2018-05-17', 188, 'Sem máquina para registro', NULL, 1, 203, NULL),
(915, 'michele.novicki', '2018-05-17', 188, 'Sem máquina para registro', NULL, 1, 203, NULL),
(916, 'michele.novicki', '2018-05-17', 188, 'Sem máquina para registro', NULL, 1, 203, NULL),
(917, 'michele.novicki', '2018-05-17', 188, 'Sem máquina para registro', 1, 1, 203, NULL),
(918, 'michele.novicki', '2018-05-17', 188, 'Sem máquina para registro', 1, 1, 203, NULL),
(919, 'michele.novicki', '2018-05-22', 188, 'Atestados/Declarações', 1, 1, 203, NULL),
(920, 'michele.novicki', '2018-05-03', 64, 'Fora do local de trabalho', NULL, 1, 148, NULL),
(921, 'michele.novicki', '2018-05-08', 64, 'Problemas com a localização', 1, 1, 148, NULL),
(922, 'michele.novicki', '2018-05-08', 64, 'Problemas com a localização', 1, 1, 148, NULL),
(923, 'michele.novicki', '2018-05-18', 64, 'Esquecimento', NULL, 1, 148, 1),
(924, 'michele.novicki', '2018-05-28', 64, 'Fora do local de trabalho', NULL, 1, 148, NULL),
(925, 'michele.novicki', '2018-05-28', 150, 'Sistema fora do ar', 1, 1, 55, NULL),
(926, 'michele.novicki', '2018-05-07', 67, 'Sistema fora do ar', 1, 1, 55, NULL),
(927, 'michele.novicki', '2018-05-14', 67, 'Sistema fora do ar', 1, 1, 55, NULL),
(928, 'michele.novicki', '2018-05-04', 30, 'Atestados/Declarações', 1, 1, 148, NULL),
(929, 'michele.novicki', '2018-05-07', 30, 'Sistema fora do ar', NULL, 1, 148, NULL),
(930, 'michele.novicki', '2018-05-07', 30, 'Sistema fora do ar', NULL, 1, 148, NULL),
(931, 'michele.novicki', '2018-05-07', 30, 'Sistema fora do ar', NULL, 1, 148, NULL),
(932, 'michele.novicki', '2018-05-07', 30, 'Sistema fora do ar', NULL, 1, 148, NULL),
(933, 'michele.novicki', '2018-05-22', 30, 'Fora do local de trabalho', NULL, 1, 148, NULL),
(934, 'michele.novicki', '2018-05-03', 31, 'Atestados/Declarações', 1, 1, 55, NULL),
(935, 'michele.novicki', '2018-05-07', 31, 'Sistema fora do ar', 1, 1, 55, NULL),
(936, 'michele.novicki', '2018-05-09', 31, 'Problemas com a localização', 1, 1, 55, NULL),
(937, 'michele.novicki', '2018-05-21', 31, 'Atestados/Declarações', 1, 1, 55, NULL),
(938, 'michele.novicki', '2018-05-21', 31, 'Atestados/Declarações', 1, 1, 55, NULL),
(939, 'michele.novicki', '2018-05-30', 71, 'Atestados/Declarações', 1, 1, 55, NULL),
(940, 'michele.novicki', '2018-05-07', 71, 'Sistema fora do ar', 1, 1, 55, NULL),
(941, 'michele.novicki', '2018-05-07', 71, 'Atestados/Declarações', 1, 1, 55, NULL),
(942, 'michele.novicki', '2018-05-02', 73, 'Atestados/Declarações', 1, 1, 55, NULL),
(943, 'michele.novicki', '2018-05-16', 73, 'Sistema fora do ar', 1, 1, 55, NULL),
(944, 'michele.novicki', '2018-05-21', 153, 'Sistema fora do ar', 1, 1, 87, NULL),
(945, 'michele.novicki', '2018-05-03', 153, 'Sistema fora do ar', 1, 1, 87, NULL),
(946, 'michele.novicki', '2018-05-03', 153, 'Sistema fora do ar', 1, 1, 87, NULL),
(947, 'michele.novicki', '2018-05-09', 153, 'Sistema fora do ar', 1, 1, 87, NULL),
(948, 'michele.novicki', '2018-05-09', 153, 'Sistema fora do ar', 1, 1, 87, NULL),
(949, 'michele.novicki', '2018-05-09', 153, 'Sistema fora do ar', 1, 1, 87, NULL),
(950, 'michele.novicki', '2018-05-09', 153, 'Sistema fora do ar', 1, 1, 87, NULL),
(951, 'michele.novicki', '2018-05-09', 153, 'Sistema fora do ar', 1, 1, 87, NULL);

-- --------------------------------------------------------

--
-- Estrutura para tabela `tb_alocacao`
--

CREATE TABLE `tb_alocacao` (
  `id` int(10) UNSIGNED NOT NULL,
  `str_nome` varchar(150) DEFAULT NULL,
  `int_empresa` int(10) UNSIGNED NOT NULL
) ENGINE=MyISAM DEFAULT CHARSET=utf8;

--
-- Fazendo dump de dados para tabela `tb_alocacao`
--

INSERT INTO `tb_alocacao` (`id`, `str_nome`, `int_empresa`) VALUES
(1, 'Curitiba', 9),
(2, 'São Paulo', 9),
(3, 'São José dos Pinhais', 18),
(4, 'Jardim Botanico', 18),
(5, 'Curitiba', 1),
(6, 'Curitiba', 2),
(7, 'Curitiba', 6),
(8, 'São Paulo', 3),
(9, 'Araraquara', 4),
(10, 'Faurecia', 10),
(11, 'São Paulo', 7),
(12, 'Maringá', 11),
(13, 'Consultoria', 9),
(14, 'Jundiaí', 3),
(15, 'São Paulo', 14),
(16, 'São Paulo', 15),
(17, 'Curitiba', 16),
(18, 'Curitiba', 4),
(19, 'São Paulo', 18),
(20, 'São Paulo', 4),
(21, 'Eurofarma', 31),
(22, 'Curitiba', 3),
(23, 'São Paulo', 6),
(26, 'Salvador', 51),
(25, 'Curitiba', 44),
(27, 'Curitiba', 48),
(28, 'Londrina', 24),
(29, 'Curitiba', 25),
(30, 'Curitiba', 38);

-- --------------------------------------------------------

--
-- Estrutura para tabela `tb_atendimento`
--

CREATE TABLE `tb_atendimento` (
  `id` int(10) UNSIGNED NOT NULL,
  `contato_id` int(10) UNSIGNED NOT NULL,
  `str_meio` varchar(150) DEFAULT NULL,
  `str_finalidade` varchar(150) DEFAULT NULL,
  `dta` date NOT NULL,
  `usuario_id` int(10) UNSIGNED NOT NULL,
  `str_anotacoes` varchar(255) DEFAULT NULL,
  `empresa_id` int(10) UNSIGNED NOT NULL,
  `str_iniciativa` varchar(150) NOT NULL,
  `campanha_id` int(10) UNSIGNED DEFAULT NULL
) ENGINE=MyISAM DEFAULT CHARSET=utf8;

--
-- Fazendo dump de dados para tabela `tb_atendimento`
--

INSERT INTO `tb_atendimento` (`id`, `contato_id`, `str_meio`, `str_finalidade`, `dta`, `usuario_id`, `str_anotacoes`, `empresa_id`, `str_iniciativa`, `campanha_id`) VALUES
(1, 1, 'REUNIÃO', 'ABERTURA', '2018-02-01', 4, 'teste', 19, 'NOSSA', NULL),
(2, 2, 'REUNIÃO', 'FOLLOW-UP DE OPORTUNIDADE', '2018-01-22', 4, 'Apresentação do sistema Mydoctor', 21, 'NOSSA', NULL),
(3, 2, 'REUNIÃO', 'FOLLOW-UP DE OPORTUNIDADE', '2018-01-17', 4, 'Apresentação Prime Control', 21, 'NOSSA', NULL),
(4, 2, 'MENSAGEM', 'ABERTURA', '2018-01-08', 4, '1º contato para alinhamento próxima reunião.', 21, 'NOSSA', NULL),
(5, 2, 'MENSAGEM', 'FOLLOW-UP DE OPORTUNIDADE', '2018-01-29', 4, 'Alinhamento sobre data de envio de proposta.', 21, 'NOSSA', NULL),
(6, 2, 'MENSAGEM', 'FOLLOW-UP DE OPORTUNIDADE', '2018-01-30', 4, 'Envio da proposta comercial.', 21, 'NOSSA', NULL),
(7, 2, 'MENSAGEM', 'FOLLOW-UP DE OPORTUNIDADE', '2018-02-02', 4, 'Contato sobre recebimento da proposta.', 21, 'NOSSA', NULL),
(8, 3, 'REUNIÃO', 'ABERTURA', '2018-01-10', 4, 'reunião para apresentação da Prime Control e levantamento de necessidade', 22, 'NOSSA', NULL),
(9, 3, 'REUNIÃO', 'FOLLOW-UP DE OPORTUNIDADE', '2018-01-16', 4, 'Levantamento de necessidades.', 22, 'NOSSA', NULL),
(10, 3, 'REUNIÃO', 'FOLLOW-UP DE OPORTUNIDADE', '2018-02-02', 5, 'Definição de estratégia técnica.', 22, 'NOSSA', NULL),
(11, 3, 'MENSAGEM', 'FOLLOW-UP DE OPORTUNIDADE', '2018-02-02', 4, 'Envio proposta alocação e consultoria RS', 22, 'NOSSA', NULL),
(12, 7, 'REUNIÃO', 'ABERTURA', '2018-01-19', 4, 'Reunião para definição estratégia projeto Simulado.', 1, 'NOSSA', NULL),
(13, 7, 'MENSAGEM', 'FOLLOW-UP DE OPORTUNIDADE', '2018-01-24', 5, 'Envio proposta Simulado', 1, 'NOSSA', NULL),
(14, 7, 'MENSAGEM', 'FOLLOW-UP DE OPORTUNIDADE', '2018-01-26', 4, 'FUP proposta simulado', 1, 'NOSSA', NULL),
(15, 11, 'REUNIÃO', 'ABERTURA', '2018-01-24', 4, 'Abertura de 03 novas vagas e relacionamento.', 16, 'NOSSA', NULL),
(16, 11, 'MENSAGEM', 'FOLLOW-UP DE OPORTUNIDADE', '2018-02-06', 5, 'FUP candidatos enviados.', 16, 'NOSSA', NULL),
(17, 8, 'MENSAGEM', 'FOLLOW-UP DE OPORTUNIDADE', '2018-01-23', 4, 'FUP proposta alocação célula hepldesk', 26, 'NOSSA', NULL),
(18, 8, 'TELEFONEMA', 'FOLLOW-UP DE OPORTUNIDADE', '2018-01-03', 4, 'Levantamento detalhado da oportunidade, célula helpdesk', 26, 'NOSSA', NULL),
(19, 8, 'MENSAGEM', 'FOLLOW-UP DE OPORTUNIDADE', '2018-01-05', 4, 'Envio da proposta comercial', 26, 'NOSSA', NULL),
(20, 12, 'TELEFONEMA', 'FOLLOW-UP DE OPORTUNIDADE', '2018-01-04', 5, 'Reunião para dúvidas técnicas, LeanTest', 11, 'NOSSA', NULL),
(21, 12, 'MENSAGEM', 'FOLLOW-UP DE OPORTUNIDADE', '2018-01-09', 4, 'Edição e envio da proposta.', 11, 'NOSSA', NULL),
(22, 12, 'MENSAGEM', 'FOLLOW-UP DE OPORTUNIDADE', '2018-01-15', 4, 'FUP da proposta', 11, 'NOSSA', NULL),
(23, 12, 'MENSAGEM', 'ABERTURA', '2018-01-15', 5, 'contato com  a Josiane de Recrutamento e seleção sobre consultoria,.', 11, 'CLIENTE', NULL),
(24, 12, 'MENSAGEM', 'FOLLOW-UP DE OPORTUNIDADE', '2018-01-17', 5, 'FUP da oportunidade e definição de cronograma de entregas', 11, 'NOSSA', NULL),
(25, 12, 'MENSAGEM', 'FOLLOW-UP DE OPORTUNIDADE', '2018-01-05', 4, 'Aprovação da proposta, retorno.', 11, 'NOSSA', NULL),
(26, 13, 'REUNIÃO', 'FOLLOW-UP DE OPORTUNIDADE', '2018-01-04', 4, 'definição de cronograma', 27, 'NOSSA', NULL),
(27, 13, 'REUNIÃO', 'FOLLOW-UP DE OPORTUNIDADE', '2018-01-04', 4, 'definição de cronograma', 27, 'NOSSA', NULL),
(28, 3, 'TELEFONEMA', 'FOLLOW-UP DE OPORTUNIDADE', '2018-02-06', 4, 'Alinhar sobre envio da proposta de consultoria.', 22, 'NOSSA', NULL),
(29, 3, 'MENSAGEM', 'FOLLOW-UP DE OPORTUNIDADE', '2018-02-06', 4, 'Envio da proposta comercial de consultoria', 22, 'NOSSA', NULL),
(30, 13, 'MENSAGEM', 'RELACIONAMENTO', '2018-02-06', 4, 'Contato com JOvani sobre o hotel para a consultoria do dia 19.', 27, 'NOSSA', NULL),
(31, 9, 'REUNIÃO', 'ATENDIMENTO', '2018-01-23', 5, 'Início do Alessandro Chagas na dxc, Acompanhamento do colaborador.', 4, 'NOSSA', NULL),
(32, 5, 'REUNIÃO', 'ABERTURA', '2018-01-12', 4, 'Apresentação Prime Control - levantamento de demanda', 24, 'NOSSA', NULL),
(33, 5, 'REUNIÃO', 'FOLLOW-UP DE OPORTUNIDADE', '2018-01-26', 4, 'Estratégia técnica com cliente', 24, 'NOSSA', NULL),
(34, 5, 'MENSAGEM', 'ATENDIMENTO', '2018-02-02', 4, 'elaboração e envio de proposta', 24, 'NOSSA', NULL),
(35, 5, 'TELEFONEMA', 'FOLLOW-UP DE OPORTUNIDADE', '2018-02-06', 4, 'tirar dúvidas sobre a proposta', 24, 'NOSSA', NULL),
(36, 2, 'MENSAGEM', 'FOLLOW-UP DE OPORTUNIDADE', '2018-02-07', 4, 'Contato FUP da proposta. Fernando falou que vão adiar um pouco a proposta pois o sistema ainda tem vários bugs que não foram corrigidos. Ai depois vão nos acionar.', 21, 'NOSSA', NULL),
(37, 14, 'MENSAGEM', 'ABERTURA', '2018-02-07', 5, 'Contato para marcar reunião de apresentação', 28, 'NOSSA', NULL),
(38, 15, 'MENSAGEM', 'ABERTURA', '2018-02-06', 4, 'e-mail para marcar reunião de apresentação', 29, 'NOSSA', NULL),
(39, 16, 'MENSAGEM', 'FOLLOW-UP DE OPORTUNIDADE', '2018-02-07', 4, 'Envio de proposta de performance', 30, 'NOSSA', NULL),
(40, 12, 'TELEFONEMA', 'ATENDIMENTO', '2018-02-07', 4, 'Agendamento reunião acompanhamento', 11, 'NOSSA', NULL),
(41, 12, 'MENSAGEM', 'ATENDIMENTO', '2018-02-07', 4, 'Máquina para Camila Nunes trabalhar aqui semana que vem', 11, 'CLIENTE', NULL),
(42, 14, 'MENSAGEM', 'ABERTURA', '2018-02-07', 5, 'Agendamento de reunião', 28, 'NOSSA', NULL),
(43, 6, 'MENSAGEM', 'FOLLOW-UP DE OPORTUNIDADE', '2018-01-17', 4, 'e-mail para Retomada projeto de automação', 25, 'NOSSA', NULL),
(44, 6, 'MENSAGEM', 'FOLLOW-UP DE OPORTUNIDADE', '2018-01-22', 5, 'definição de data para reunião.', 25, 'NOSSA', NULL),
(45, 6, 'REUNIÃO', 'FOLLOW-UP DE OPORTUNIDADE', '2018-01-30', 5, 'definição de estratégia de automação', 25, 'NOSSA', NULL),
(46, 6, 'REUNIÃO', 'FOLLOW-UP DE OPORTUNIDADE', '2018-01-31', 5, 'elaboração da proposta', 25, 'NOSSA', NULL),
(47, 6, 'REUNIÃO', 'FOLLOW-UP DE OPORTUNIDADE', '2018-02-02', 5, 'FUP Da proposta', 25, 'NOSSA', NULL),
(48, 9, 'REUNIÃO', 'ATENDIMENTO', '2018-02-05', 5, 'Acompanhar profissional Paulo Cabral em seu primeiro dia na DXC', 4, 'NOSSA', NULL),
(49, 9, 'REUNIÃO', 'ATENDIMENTO', '2018-02-05', 5, 'Negociação com Elaine Bernadieli, nova contratação Alex.', 4, 'CLIENTE', NULL),
(50, 7, 'REUNIÃO', 'FOLLOW-UP DE OPORTUNIDADE', '2018-02-05', 4, 'Entrevista com candidato Luan\r\nFUP proposta Simulado\r\nFUP alocação PHP', 1, 'NOSSA', NULL),
(51, 9, 'TELEFONEMA', 'FOLLOW-UP DE OPORTUNIDADE', '2018-02-09', 4, 'Follow-up para verificar da existência de novas vagas. Luiz abriu uma vaga nova de automação de testes', 4, 'NOSSA', NULL),
(52, 7, 'REUNIÃO', 'FOLLOW-UP DE OPORTUNIDADE', '2018-02-14', 4, 'Reunião final, projeto simulado', 1, 'NOSSA', NULL),
(53, 6, 'MENSAGEM', 'FOLLOW-UP DE OPORTUNIDADE', '2018-02-14', 4, 'Follow-up projeto de alocação célula de automação de testes', 25, 'NOSSA', NULL),
(54, 17, 'REUNIÃO', 'ATENDIMENTO', '2018-02-06', 4, 'Início do Paulo Patrinhani no lugar da Natalia', 31, 'NOSSA', NULL),
(55, 17, 'TELEFONEMA', 'ATENDIMENTO', '2018-02-08', 5, 'Solicitação do Márcio da troca do Paulo Patrinhani', 31, 'CLIENTE', NULL),
(56, 17, 'REUNIÃO', 'ATENDIMENTO', '2018-02-09', 4, 'Desligamento do Paulo Patrinhani do projeto', 31, 'CLIENTE', NULL),
(57, 5, 'MENSAGEM', 'FOLLOW-UP DE OPORTUNIDADE', '2018-02-14', 4, 'FUP por skype da proposta de consultoria. José solicitou contato de 03 clientes nossos', 24, 'NOSSA', NULL),
(58, 3, 'TELEFONEMA', 'FOLLOW-UP DE OPORTUNIDADE', '2018-02-15', 4, 'Marcelo não conseguiu analisar as propostas com o diretor executivo, fará isto semana que vem, ligarei novamente na semana do dia 20.', 22, 'NOSSA', NULL),
(59, 15, 'TELEFONEMA', 'ABERTURA', '2018-02-15', 4, 'Recado com Marisa, pois Gabriela não estava', 29, 'NOSSA', NULL),
(60, 2, 'MENSAGEM', 'FOLLOW-UP DE OPORTUNIDADE', '2018-02-15', 4, 'Follow up, vão tentar estabilizar o sistema, pois está com muitos erros ainda. Previsão de liberar para testes daqui 02 meses.', 21, 'NOSSA', NULL),
(61, 18, 'MENSAGEM', 'FOLLOW-UP DE OPORTUNIDADE', '2018-02-15', 4, 'E-mail para FUP da proposta de automação de testes', 32, 'NOSSA', NULL),
(62, 19, 'TELEFONEMA', 'RELACIONAMENTO', '2018-02-19', 4, 'Contato com Cristiano sobre a saída do Marcio Cunho e substituição.', 3, 'NOSSA', NULL),
(63, 4, 'MENSAGEM', 'FOLLOW-UP DE OPORTUNIDADE', '2018-02-19', 4, 'FUP das propostas por e-0mail, pois não consegui contato por telefone', 23, 'NOSSA', NULL),
(64, 7, 'REUNIÃO', 'RELACIONAMENTO', '2018-02-16', 4, 'Visita semanal Sae Digitalo, FUP proposta simulado, acompanhamento.', 1, 'NOSSA', NULL),
(65, 20, 'MENSAGEM', 'RELACIONAMENTO', '2018-02-16', 4, 'E-mail banco de horas Ricardo Guerreiro', 34, 'CLIENTE', NULL),
(66, 11, 'MENSAGEM', 'ATENDIMENTO', '2018-02-16', 4, 'resolver problema salário Alexandre, financeiro não havia pago até dia 16/02 as 13h00', 16, 'NOSSA', NULL),
(67, 5, 'REUNIÃO', 'FOLLOW-UP DE OPORTUNIDADE', '2018-02-16', 4, 'Reunião de fup da proposta junto com a Solus e a Unimed Londrina.', 24, 'NOSSA', NULL),
(68, 14, 'TELEFONEMA', 'ABERTURA', '2018-02-19', 4, 'Tentativa de contato para remarcar reunião, pois na data que estava acertada 12/02 não consegui contato com o cliente.', 28, 'NOSSA', NULL),
(69, 15, 'TELEFONEMA', 'ABERTURA', '2018-02-19', 4, 'Contato com Gabriela sobre agenda para reunião, Desta vez consegui falar com ela. Alinhará data de agenda p próxima semana com mais uma pessoa.', 29, 'NOSSA', NULL),
(70, 20, 'REUNIÃO', 'RELACIONAMENTO', '2018-02-19', 4, 'Acompanhamento de contrato', 34, 'NOSSA', NULL),
(71, 9, 'MENSAGEM', 'ATENDIMENTO', '2018-01-03', 5, 'negociação com Célio sobre férias Wellington', 4, 'NOSSA', NULL),
(72, 21, 'MENSAGEM', 'ATENDIMENTO', '2018-01-03', 4, 'Envio do contrato de suporte para Bematech poder nos pagar', 3, 'CLIENTE', NULL),
(73, 10, 'REUNIÃO', 'ATENDIMENTO', '2018-01-03', 4, 'Alinhamento com Leonardo para cancelamento da NF de dezembro, solicitação ao financeiro para cancelar', 14, 'CLIENTE', NULL),
(74, 9, 'MENSAGEM', 'ATENDIMENTO', '2018-01-03', 4, 'Rate do Arquiteto Jorge Bucaleto', 4, 'NOSSA', NULL),
(75, 22, 'MENSAGEM', 'RELACIONAMENTO', '2018-01-03', 4, 'E-mail sobre negociações e contratações .NET Sr', 3, 'NOSSA', NULL),
(76, 12, 'MENSAGEM', 'FOLLOW-UP DE OPORTUNIDADE', '2018-01-03', 4, 'Atualização de proposta I4PRO', 11, 'NOSSA', NULL),
(77, 9, 'MENSAGEM', 'ATENDIMENTO', '2018-01-04', 4, 'FUP sobre internalizações dos profissionais', 4, 'NOSSA', NULL),
(78, 23, 'MENSAGEM', 'FOLLOW-UP DE OPORTUNIDADE', '2018-01-04', 4, 'Faturamento da vaga fechada em dezembro', 10, 'NOSSA', NULL),
(79, 18, 'MENSAGEM', 'FOLLOW-UP DE OPORTUNIDADE', '2018-01-05', 4, 'FUP proposta de automação', 32, 'NOSSA', NULL),
(80, 12, 'MENSAGEM', 'RELACIONAMENTO', '2018-01-08', 4, 'Comunicação do desligamento do Wilson', 11, 'NOSSA', NULL),
(81, 24, 'MENSAGEM', 'FOLLOW-UP DE OPORTUNIDADE', '2018-01-08', 4, 'FUP sobre as vagas de AQA', 4, 'NOSSA', NULL),
(82, 26, 'MENSAGEM', 'FOLLOW-UP DE OPORTUNIDADE', '2018-01-08', 4, 'FUP POC automação', 35, 'NOSSA', NULL),
(83, 27, 'MENSAGEM', 'FOLLOW-UP DE OPORTUNIDADE', '2018-01-09', 4, 'Negociação sobre faturamento', 36, 'NOSSA', NULL),
(84, 28, 'TELEFONEMA', 'RELACIONAMENTO', '2018-01-09', 4, 'Verificação da performance do Paulo cobrindo férias do Altamir', 37, 'NOSSA', NULL),
(85, 7, 'MENSAGEM', 'RELACIONAMENTO', '2018-01-09', 4, 'Atualização do contrato, conforme solicitado.', 1, 'NOSSA', NULL),
(86, 12, 'MENSAGEM', 'FOLLOW-UP DE OPORTUNIDADE', '2018-01-09', 4, 'Negociação para substituição da Luciene pelo Cleverson. Dados do Cleverson.', 11, 'NOSSA', NULL),
(87, 10, 'TELEFONEMA', 'FOLLOW-UP DE OPORTUNIDADE', '2018-01-09', 4, 'Negociação e entendimento da demanda. 02 novos profissionais para Campinas', 14, 'NOSSA', NULL),
(88, 29, 'REUNIÃO', 'ATENDIMENTO', '2018-01-12', 4, 'Reunião de acompanhamento de contrato', 38, 'NOSSA', NULL),
(89, 12, 'MENSAGEM', 'FOLLOW-UP DE OPORTUNIDADE', '2018-01-10', 4, 'FUP proposta automação', 11, 'NOSSA', NULL),
(90, 7, 'MENSAGEM', 'FOLLOW-UP DE OPORTUNIDADE', '2018-01-11', 4, 'retomada alinhamento projeto simulado', 1, 'CLIENTE', NULL),
(91, 7, 'MENSAGEM', 'FOLLOW-UP DE OPORTUNIDADE', '2018-01-11', 4, 'entendimento demanda de RS', 1, 'NOSSA', NULL),
(92, 30, 'MENSAGEM', 'FOLLOW-UP DE OPORTUNIDADE', '2018-01-15', 4, 'FUP proposta de consultoria e recrutamento', 39, 'NOSSA', NULL),
(93, 31, 'TELEFONEMA', 'FOLLOW-UP DE OPORTUNIDADE', '2018-02-20', 4, 'Contato com compras para negociação e atualização da proposta.,', 24, 'NOSSA', NULL),
(94, 9, 'MENSAGEM', 'FOLLOW-UP DE OPORTUNIDADE', '2018-02-20', 4, 'Contato com Luiz sobre vaga de automação jr.', 4, 'CLIENTE', NULL),
(95, 24, 'MENSAGEM', 'ATENDIMENTO', '2018-01-16', 4, 'cobrança de retorno sobre internalizações', 4, 'NOSSA', NULL),
(96, 24, 'MENSAGEM', 'FOLLOW-UP DE OPORTUNIDADE', '2018-01-16', 4, 'Cobrança sobre oportunidade de AQA', 4, 'NOSSA', NULL),
(97, 29, 'MENSAGEM', 'ATENDIMENTO', '2018-01-16', 4, 'Solicitação de declaração de integração aos colaboradores a pedido do Marcio.', 38, 'NOSSA', NULL),
(98, 7, 'MENSAGEM', 'FOLLOW-UP DE OPORTUNIDADE', '2018-01-16', 4, 'envio proposta de consultoria RS', 1, 'NOSSA', NULL),
(99, 12, 'MENSAGEM', 'ATENDIMENTO', '2018-01-16', 4, 'Solicitação de compra de passagem', 11, 'CLIENTE', NULL),
(100, 12, 'MENSAGEM', 'FOLLOW-UP DE OPORTUNIDADE', '2018-01-17', 4, 'repriorização da automação SIstema I4PRO', 11, 'NOSSA', NULL),
(101, 28, 'MENSAGEM', 'FOLLOW-UP DE OPORTUNIDADE', '2018-01-17', 4, 'Verirticar e tem intenção de continar com o Paulo Parinhani', 37, 'NOSSA', NULL),
(102, 32, 'MENSAGEM', 'FOLLOW-UP DE OPORTUNIDADE', '2018-01-17', 4, 'FUP da oportunidade de Mobile desenvolvidor', 3, 'NOSSA', NULL),
(103, 8, 'TELEFONEMA', 'FOLLOW-UP DE OPORTUNIDADE', '2018-02-20', 4, 'FUP célula de helpdesk', 26, 'NOSSA', NULL),
(104, 10, 'MENSAGEM', 'ATENDIMENTO', '2018-01-18', 4, 'Negociação das férias da Desiree', 14, 'NOSSA', NULL),
(105, 10, 'MENSAGEM', 'FOLLOW-UP DE OPORTUNIDADE', '2018-01-18', 4, 'FUP das demandas de fábrica', 14, 'CLIENTE', NULL),
(106, 10, 'MENSAGEM', 'FOLLOW-UP DE OPORTUNIDADE', '2018-01-18', 4, 'FUP currículos enviados ao Thiago', 14, 'NOSSA', NULL),
(107, 33, 'MENSAGEM', 'ATENDIMENTO', '2018-01-18', 4, 'Ajuda ao Benetti contrato Neogrid', 9, 'CLIENTE', NULL),
(108, 10, 'MENSAGEM', 'FOLLOW-UP DE OPORTUNIDADE', '2018-01-18', 4, 'Proposta de consultoria em RS', 14, 'CLIENTE', NULL),
(109, 25, 'MENSAGEM', 'FOLLOW-UP DE OPORTUNIDADE', '2018-01-18', 4, 'Rate do Alessandro para aprovação do Célio', 4, 'NOSSA', NULL),
(110, 22, 'MENSAGEM', 'RELACIONAMENTO', '2018-01-18', 4, 'E-mail com todas as vagas ao joney, bem como o budget de cada uma. Pedido do Everton', 3, 'NOSSA', NULL),
(111, 34, 'MENSAGEM', 'FOLLOW-UP DE OPORTUNIDADE', '2018-01-19', 4, 'Envio da proposta de automação do processo de geração de dados', 30, 'NOSSA', NULL),
(112, 24, 'MENSAGEM', 'FOLLOW-UP DE OPORTUNIDADE', '2018-01-19', 4, 'Fechamento dos valores e negociação do início do Alessandro.', 4, 'CLIENTE', NULL),
(113, 9, 'MENSAGEM', 'ATENDIMENTO', '2018-01-20', 4, 'dados do jorge bucaleto para início', 4, 'CLIENTE', NULL),
(114, 12, 'MENSAGEM', 'ATENDIMENTO', '2018-01-22', 4, 'Negociação sobre o ultimo dia do Wilson', 11, 'NOSSA', NULL),
(115, 25, 'MENSAGEM', 'ATENDIMENTO', '2018-01-22', 4, 'Dados das férias da Isabela para Célio', 4, 'CLIENTE', NULL),
(116, 12, 'MENSAGEM', 'ATENDIMENTO', '2018-01-22', 4, 'Formalização do início do projeto para todos da Prime', 11, 'NOSSA', NULL),
(117, 27, 'MENSAGEM', 'FOLLOW-UP DE OPORTUNIDADE', '2018-01-22', 4, 'FUP sobre o aditivo do contrato', 36, 'NOSSA', NULL),
(118, 25, 'MENSAGEM', 'FOLLOW-UP DE OPORTUNIDADE', '2018-01-22', 4, 'Dados do Alessandro para início', 4, 'NOSSA', NULL),
(119, 35, 'MENSAGEM', 'ATENDIMENTO', '2018-01-22', 4, 'Atualização horário de trabalho do Estevão', 3, 'CLIENTE', NULL),
(120, 20, 'MENSAGEM', 'RELACIONAMENTO', '2018-01-22', 4, 'Agendamento de reunião.', 34, 'NOSSA', NULL),
(121, 9, 'MENSAGEM', 'ATENDIMENTO', '2018-01-22', 4, 'Atendimento sobre a desistência do Jorge Bucaleto', 4, 'NOSSA', NULL),
(122, 10, 'MENSAGEM', 'ATENDIMENTO', '2018-01-22', 4, 'Retorno sobre as demandas de fábrica. horas de entendimento da demanda', 14, 'NOSSA', NULL),
(123, 6, 'REUNIÃO', 'FOLLOW-UP DE OPORTUNIDADE', '2018-02-21', 4, 'Alinhamento final da proposta de automação.', 25, 'CLIENTE', NULL),
(124, 6, 'MENSAGEM', 'FOLLOW-UP DE OPORTUNIDADE', '2018-02-21', 4, 'Atualização de proposta', 25, 'NOSSA', NULL),
(125, 15, 'MENSAGEM', 'ABERTURA', '2018-02-21', 4, 'Agendamento de reunião', 29, 'NOSSA', NULL),
(126, 19, 'MENSAGEM', 'FOLLOW-UP DE OPORTUNIDADE', '2018-02-21', 4, 'envio de proposta de renovação', 3, 'NOSSA', NULL),
(127, 7, 'REUNIÃO', 'FOLLOW-UP DE OPORTUNIDADE', '2018-02-21', 4, 'Abertura do projeto Simulado', 1, 'NOSSA', NULL),
(128, 5, 'MENSAGEM', 'FOLLOW-UP DE OPORTUNIDADE', '2018-02-22', 4, 'ALinhamento data de início do projeto.', 24, 'NOSSA', NULL),
(129, 33, 'MENSAGEM', 'ATENDIMENTO', '2018-02-23', 4, 'Benetti não conseguiu fazer a escala de Suporte Bematech e pediu para eu fazer. Escala feita e enviada para o DP', 9, 'CLIENTE', NULL),
(130, 25, 'REUNIÃO', 'ATENDIMENTO', '2018-02-26', 4, 'Fechamento de horas', 4, 'NOSSA', NULL),
(131, 33, 'REUNIÃO', 'RELACIONAMENTO', '2018-02-26', 4, 'reunião comercial', 9, 'NOSSA', NULL),
(132, 41, 'MENSAGEM', 'ABERTURA', '2018-02-26', 4, 'e-mail p marcar reunião de apresentação', 41, 'NOSSA', NULL),
(133, 17, 'REUNIÃO', 'ATENDIMENTO', '2018-02-26', 4, 'Contratação do Anibal', 31, 'NOSSA', NULL),
(134, 10, 'REUNIÃO', 'ATENDIMENTO', '2018-02-26', 4, 'Conferência relatório de horas', 14, 'NOSSA', NULL),
(135, 12, 'MENSAGEM', 'ATENDIMENTO', '2018-02-26', 4, 'Alinhamento sobre feriado do carnaval', 11, 'CLIENTE', NULL),
(136, 5, 'MENSAGEM', 'ATENDIMENTO', '2018-02-26', 4, 'Atualização do cronograma do projeto', 24, 'NOSSA', NULL),
(137, 13, 'MENSAGEM', 'ATENDIMENTO', '2018-02-26', 4, 'feedback sobre o projeto', 27, 'NOSSA', NULL),
(138, 13, 'MENSAGEM', 'ATENDIMENTO', '2018-02-26', 4, 'Faturamento do projeto', 27, 'NOSSA', NULL),
(139, 35, 'MENSAGEM', 'ATENDIMENTO', '2018-02-26', 4, 'aprovação pré aviso e he', 3, 'NOSSA', NULL),
(140, 6, 'MENSAGEM', 'FOLLOW-UP DE OPORTUNIDADE', '2018-02-28', 4, 'FUP da proposta', 25, 'NOSSA', NULL),
(141, 29, 'REUNIÃO', 'ABERTURA', '2018-02-28', 4, 'Reunião para falarmos da automação de testes', 38, 'NOSSA', NULL),
(142, 19, 'MENSAGEM', 'ATENDIMENTO', '2018-02-28', 4, 'conferência de horas', 3, 'NOSSA', NULL),
(143, 12, 'MENSAGEM', 'ATENDIMENTO', '2018-02-28', 4, 'FUP oportunidade de RS', 11, 'NOSSA', NULL),
(144, 42, 'MENSAGEM', 'ATENDIMENTO', '2018-02-28', 4, 'Cronograma de março', 11, 'NOSSA', NULL),
(145, 35, 'MENSAGEM', 'ATENDIMENTO', '2018-02-28', 4, 'conferência de horas', 3, 'NOSSA', NULL),
(146, 43, 'MENSAGEM', 'ATENDIMENTO', '2018-02-28', 4, 'conferência relatório', 3, 'NOSSA', NULL),
(147, 12, 'MENSAGEM', 'ATENDIMENTO', '2018-02-28', 4, 'compra vr março', 11, 'NOSSA', NULL),
(148, 27, 'MENSAGEM', 'ATENDIMENTO', '2018-02-28', 4, 'FUP sobre o contrato', 36, 'NOSSA', NULL),
(149, 38, 'MENSAGEM', 'ABERTURA', '2018-03-01', 4, 'contato sobre reunião de abertura', 43, 'NOSSA', NULL),
(150, 4, 'MENSAGEM', 'FOLLOW-UP DE OPORTUNIDADE', '2018-03-01', 4, 'FUP', 23, 'NOSSA', NULL),
(151, 20, 'MENSAGEM', 'ATENDIMENTO', '2018-03-01', 4, 'conferência relatório', 34, 'NOSSA', NULL),
(152, 28, 'MENSAGEM', 'ATENDIMENTO', '2018-03-01', 4, 'conferência relatório', 37, 'NOSSA', NULL),
(153, 44, 'MENSAGEM', 'ATENDIMENTO', '2018-03-01', 4, 'envio do contrato', 7, 'NOSSA', NULL),
(154, 29, 'MENSAGEM', 'ATENDIMENTO', '2018-03-01', 4, 'conferencia relatório Monica', 38, 'NOSSA', NULL),
(155, 7, 'MENSAGEM', 'ATENDIMENTO', '2018-03-01', 4, 'conferencia', 1, 'NOSSA', NULL),
(156, 17, 'MENSAGEM', 'ATENDIMENTO', '2018-03-01', 4, 'conferência', 31, 'NOSSA', NULL),
(157, 17, 'REUNIÃO', 'ATENDIMENTO', '2018-02-27', 4, 'inicio do Anibal', 31, 'NOSSA', NULL),
(158, 17, 'MENSAGEM', 'ATENDIMENTO', '2018-03-01', 4, 'relatório de horas', 31, 'NOSSA', NULL),
(159, 11, 'MENSAGEM', 'ATENDIMENTO', '2018-03-02', 4, 'relatorio de horas', 16, 'NOSSA', NULL),
(160, 33, 'MENSAGEM', 'ATENDIMENTO', '2018-03-02', 4, 'Conferência relatório de horas célula de testes', 9, 'CLIENTE', NULL),
(161, 15, 'MENSAGEM', 'ATENDIMENTO', '2018-03-12', 4, 'E-mail sobre proposta de automação', 29, 'CLIENTE', NULL),
(162, 15, 'MENSAGEM', 'ATENDIMENTO', '2018-03-13', 4, 'elaboração de proposta de valores', 29, 'NOSSA', NULL),
(163, 45, 'MENSAGEM', 'ATENDIMENTO', '2018-03-13', 4, 'elaboração e envio de proposta', 45, 'NOSSA', NULL),
(164, 6, 'MENSAGEM', 'FOLLOW-UP DE OPORTUNIDADE', '2018-03-13', 4, 'atualização da proposta', 25, 'NOSSA', NULL),
(165, 6, 'MENSAGEM', 'FOLLOW-UP DE OPORTUNIDADE', '2018-03-13', 4, 'Fechamento da proposta', 25, 'NOSSA', NULL),
(166, 46, 'TELEFONEMA', 'ABERTURA', '2018-03-12', 4, 'contato para responder lead site. Demanda em ferramenta e consultoria em automação. Ligar semana que vem p agendar reunião.', 46, 'CLIENTE', NULL),
(167, 27, 'MENSAGEM', 'ATENDIMENTO', '2018-03-13', 4, 'Envio da apresentação institucional', 36, 'NOSSA', NULL),
(168, 12, 'MENSAGEM', 'ATENDIMENTO', '2018-03-13', 4, 'negociação sobre faturamento do projeto de automação.', 11, 'NOSSA', NULL),
(169, 47, 'MENSAGEM', 'ABERTURA', '2018-03-09', 4, 'Abertura através do site', 47, 'CLIENTE', NULL),
(170, 47, 'MENSAGEM', 'ABERTURA', '2018-03-10', 4, 'agendamento de reunião', 47, 'NOSSA', NULL),
(171, 47, 'REUNIÃO', 'FOLLOW-UP DE OPORTUNIDADE', '2018-03-13', 4, 'apresentação da prime e levantamento de demanda', 47, 'NOSSA', NULL),
(172, 47, 'MENSAGEM', 'ATENDIMENTO', '2018-03-13', 4, 'envio proposta alocação e itens faltantes do levantamento de demanda', 47, 'NOSSA', NULL),
(173, 39, 'TELEFONEMA', 'ATENDIMENTO', '2018-03-13', 4, 'Marlon entrou em contato para ratificar os valores', 3, 'CLIENTE', NULL),
(174, 38, 'MENSAGEM', 'ATENDIMENTO', '2018-03-13', 4, 'data para reunião', 43, 'NOSSA', NULL),
(175, 42, 'MENSAGEM', 'ATENDIMENTO', '2018-03-13', 4, 'data para reunião de feedback', 11, 'NOSSA', NULL),
(176, 48, 'REUNIÃO', 'ABERTURA', '2018-03-12', 4, 'reunião de abertura', 48, 'NOSSA', NULL),
(177, 51, 'TELEFONEMA', 'ABERTURA', '2018-03-19', 7, 'Encontraram a Prime através de busca na internet.', 52, 'CLIENTE', NULL),
(178, 51, 'TELEFONEMA', 'FOLLOW-UP DE OPORTUNIDADE', '2018-03-21', 7, 'Tentei contato telefonico sem sucesso.\r\nEnviei email de contato.\r\nFoi respondido no mesmo dia pelo cliente.', 52, 'NOSSA', NULL),
(179, 51, 'REUNIÃO', 'FOLLOW-UP DE OPORTUNIDADE', '2018-03-23', 7, 'Reunião Skype para apresentar a Prime, seus serviços e ferramentas.\r\nGostaram bastante e solicitaram uma demonstração das ferramentas.', 52, 'NOSSA', NULL),
(180, 51, 'REUNIÃO', 'FOLLOW-UP DE OPORTUNIDADE', '2018-04-06', 7, 'Reunião marcada para demonstração do Framework Prime - automação SAP Hybris da Dpaschoal.', 52, 'NOSSA', NULL),
(181, 10, 'MENSAGEM', 'FOLLOW-UP DE OPORTUNIDADE', '2018-03-14', 4, 'cobrar retorno Swellen', 14, 'NOSSA', NULL),
(182, 9, 'MENSAGEM', 'ATENDIMENTO', '2018-03-14', 4, 'Encaminhar pedido de demissão do Alessandro Chagas', 4, 'NOSSA', NULL),
(183, 12, 'TELEFONEMA', 'ATENDIMENTO', '2018-03-14', 4, 'ALinhamento sobre reprovação da Sprint 1', 11, 'NOSSA', NULL),
(184, 7, 'REUNIÃO', 'ATENDIMENTO', '2018-03-14', 4, 'DP pessoal, contato sobre atualização das carteiras de trabalho.', 1, 'NOSSA', NULL),
(185, 12, 'MENSAGEM', 'ATENDIMENTO', '2018-03-14', 4, 'Alinhamento interno sobre próximos passos do projeto automação e correção sprint 1', 11, 'NOSSA', NULL),
(186, 48, 'MENSAGEM', 'FOLLOW-UP DE OPORTUNIDADE', '2018-03-15', 4, 'alinhamento de agenda visita prime', 48, 'NOSSA', NULL),
(187, 37, 'MENSAGEM', 'ATENDIMENTO', '2018-03-15', 4, 'alinhamento interno sobre proposta de consultoria e poc automação', 42, 'NOSSA', NULL),
(188, 48, 'MENSAGEM', 'ATENDIMENTO', '2018-03-15', 4, 'responder questionário Paraná Banco', 48, 'CLIENTE', NULL),
(189, 9, 'MENSAGEM', 'ATENDIMENTO', '2018-03-16', 4, 'valores de profissionais entrevistados para Luiz Gustavo', 4, 'NOSSA', NULL),
(190, 20, 'MENSAGEM', 'ATENDIMENTO', '2018-03-19', 4, 'alinhamento de banco de horas do Ricardo Guerreiro', 34, 'NOSSA', NULL),
(191, 46, 'MENSAGEM', 'ATENDIMENTO', '2018-03-19', 4, 'definição de data da reunião', 46, 'NOSSA', NULL),
(192, 12, 'REUNIÃO', 'ATENDIMENTO', '2018-03-19', 4, 'Reunião com Ivan para definir próximos passos para sanar problemas sprint 1', 11, 'NOSSA', NULL),
(193, 24, 'MENSAGEM', 'ATENDIMENTO', '2018-03-19', 4, 'avisar dp dos efetivados em abril da DXC', 4, 'NOSSA', NULL),
(194, 6, 'MENSAGEM', 'ATENDIMENTO', '2018-03-20', 4, 'agendamento de reunião para alinhamento de expectativas', 25, 'NOSSA', NULL),
(195, 49, 'MENSAGEM', 'ABERTURA', '2018-03-20', 4, 'agendamento de reunião e abertura', 49, 'CLIENTE', NULL),
(196, 50, 'MENSAGEM', 'ABERTURA', '2018-03-20', 4, 'e-mail para abertura de relacionamento e agendamento de reuni~çao', 50, 'CLIENTE', NULL),
(197, 27, 'MENSAGEM', 'ATENDIMENTO', '2018-03-21', 4, 'autorizar o faturamento', 36, 'NOSSA', NULL),
(198, 7, 'MENSAGEM', 'ATENDIMENTO', '2018-03-21', 4, 'DP: aviso para colaboradores que não pagaremos mais em dinheiro o VR', 1, 'NOSSA', NULL),
(199, 9, 'MENSAGEM', 'ATENDIMENTO', '2018-03-21', 4, 'fechamento valores Eder e Thiago Evangelista', 4, 'NOSSA', NULL),
(200, 9, 'MENSAGEM', 'ATENDIMENTO', '2018-03-21', 4, 'aprovação e dados do Eder e Thiago Evangelista', 4, 'NOSSA', NULL),
(201, 7, 'MENSAGEM', 'ATENDIMENTO', '2018-03-21', 4, 'budget php para Camila', 1, 'NOSSA', NULL),
(202, 35, 'MENSAGEM', 'ATENDIMENTO', '2018-03-21', 4, 'horas extras e pré aviso do Estevão para dp', 3, 'NOSSA', NULL),
(203, 48, 'MENSAGEM', 'ATENDIMENTO', '2018-03-21', 4, 'elaboração da primeira versão da proposta', 48, 'NOSSA', NULL),
(204, 9, 'MENSAGEM', 'ATENDIMENTO', '2018-03-21', 4, 'e-mail para Kelly com novos faturamentos', 4, 'NOSSA', NULL),
(205, 37, 'MENSAGEM', 'ATENDIMENTO', '2018-03-22', 4, 'envio da versão II da proposta', 42, 'NOSSA', NULL),
(206, 48, 'MENSAGEM', 'ATENDIMENTO', '2018-03-25', 4, 'envio da proposta comercial', 48, 'NOSSA', NULL),
(207, 21, 'MENSAGEM', 'ATENDIMENTO', '2018-03-26', 4, 'avisar Kelly da entrada do Anderson SIlveiro de Oliveira', 3, 'NOSSA', NULL),
(208, 10, 'MENSAGEM', 'ATENDIMENTO', '2018-03-26', 4, 'extensão da alocação da Elisa', 14, 'NOSSA', NULL),
(209, 25, 'MENSAGEM', 'ATENDIMENTO', '2018-03-26', 4, 'conferência das horas', 4, 'NOSSA', NULL),
(210, 21, 'MENSAGEM', 'ATENDIMENTO', '2018-03-26', 4, 'escala de suporte', 3, 'NOSSA', NULL),
(211, 10, 'MENSAGEM', 'ATENDIMENTO', '2018-03-26', 4, 'conf das horas', 14, 'NOSSA', NULL),
(212, 25, 'MENSAGEM', 'ATENDIMENTO', '2018-03-26', 4, 'instruções sobre desligamento para Juliana e Alex', 4, 'NOSSA', NULL),
(213, 6, 'MENSAGEM', 'ATENDIMENTO', '2018-03-26', 4, 'verificação de contrato', 25, 'NOSSA', NULL),
(214, 48, 'MENSAGEM', 'ATENDIMENTO', '2018-03-26', 4, 'abetura de vaga', 48, 'NOSSA', NULL),
(215, 42, 'REUNIÃO', 'RELACIONAMENTO', '2018-03-23', 4, 'acompanhamento de contrato', 11, 'NOSSA', NULL),
(216, 56, 'MENSAGEM', 'ATENDIMENTO', '2018-03-26', 4, 'conf das horas rec extra', 3, 'NOSSA', NULL),
(217, 57, 'MENSAGEM', 'ATENDIMENTO', '2018-03-26', 4, 'conf das horas alocação analista automação', 3, 'NOSSA', NULL),
(218, 19, 'MENSAGEM', 'ATENDIMENTO', '2018-03-26', 4, 'conf das horas cwb', 3, 'NOSSA', NULL),
(219, 6, 'MENSAGEM', 'ATENDIMENTO', '2018-03-27', 4, 'análise contrato e documentos', 25, 'NOSSA', NULL),
(220, 12, 'MENSAGEM', 'ATENDIMENTO', '2018-03-27', 4, 'ticket adicional para o Maikerson', 11, 'NOSSA', NULL),
(221, 57, 'TELEFONEMA', 'ATENDIMENTO', '2018-03-27', 4, 'alinhamento com fernanda sobre as vagas de automação', 3, 'NOSSA', NULL),
(222, 21, 'MENSAGEM', 'ATENDIMENTO', '2018-03-27', 4, 'conf das horas suporte', 3, 'NOSSA', NULL),
(223, 35, 'MENSAGEM', 'ATENDIMENTO', '2018-03-27', 4, 'conf das horas Cloud', 3, 'NOSSA', NULL),
(224, 43, 'MENSAGEM', 'ATENDIMENTO', '2018-03-27', 4, 'conf das horas Marcelo Bittencourt', 3, 'NOSSA', NULL),
(225, 56, 'MENSAGEM', 'ATENDIMENTO', '2018-03-27', 4, 'conf das horas .net alessandro', 3, 'NOSSA', NULL),
(226, 9, 'MENSAGEM', 'ATENDIMENTO', '2018-03-28', 4, 'alinhamento sobre troca do Raphael pela Vivian', 4, 'NOSSA', NULL),
(227, 5, 'MENSAGEM', 'ATENDIMENTO', '2018-03-28', 4, 'solicitar faturamento', 24, 'NOSSA', NULL),
(228, 5, 'MENSAGEM', 'ATENDIMENTO', '2018-03-28', 4, 'conferência relatório final', 24, 'NOSSA', NULL),
(229, 48, 'MENSAGEM', 'ATENDIMENTO', '2018-03-28', 4, 'alinhamento da vaga com RS', 48, 'NOSSA', NULL),
(230, 12, 'MENSAGEM', 'ATENDIMENTO', '2018-03-28', 4, 'alinhamento sobre reembolso do Fernando', 11, 'NOSSA', NULL),
(231, 15, 'MENSAGEM', 'ATENDIMENTO', '2018-04-18', 4, 'Follow up sobre agenda para testes de segurança', 29, 'NOSSA', NULL),
(232, 68, 'MENSAGEM', 'ABERTURA', '2018-05-10', 7, NULL, 71, 'NOSSA', NULL),
(233, 66, 'MENSAGEM', 'ABERTURA', '2018-05-10', 7, NULL, 70, 'NOSSA', NULL),
(234, 69, 'MENSAGEM', 'ABERTURA', '2018-05-10', 7, 'Cliente SAP', 72, 'NOSSA', NULL),
(235, 70, 'MENSAGEM', 'ABERTURA', '2018-05-10', 7, 'Cliente SAP', 73, 'NOSSA', NULL),
(236, 71, 'TELEFONEMA', 'FOLLOW-UP DE OPORTUNIDADE', '2018-05-11', 7, 'Cliente SAP', 74, 'NOSSA', NULL),
(237, 72, 'MENSAGEM', 'ABERTURA', '2018-05-11', 7, 'Cliente SAP', 75, 'NOSSA', NULL),
(238, 73, 'MENSAGEM', 'ABERTURA', '2018-05-10', 7, 'Cliente SAP', 76, 'NOSSA', NULL),
(239, 75, 'MENSAGEM', 'ABERTURA', '2018-05-11', 7, 'Cliente SAP', 77, 'NOSSA', NULL),
(240, 76, 'MENSAGEM', 'ABERTURA', '2018-05-11', 7, 'Cliente SAP', 78, 'NOSSA', NULL),
(241, 77, 'MENSAGEM', 'ABERTURA', '2018-05-11', 7, 'Cliente SAP', 78, 'NOSSA', NULL),
(242, 78, 'TELEFONEMA', 'FOLLOW-UP DE OPORTUNIDADE', '2018-05-11', 7, 'Cliente SAP', 79, 'NOSSA', NULL),
(243, 79, 'MENSAGEM', 'ABERTURA', '2018-05-10', 7, 'Cliente SAP', 80, 'NOSSA', NULL),
(244, 80, 'MENSAGEM', 'ABERTURA', '2018-05-10', 7, 'Cliente SAP', 81, 'NOSSA', NULL),
(245, 81, 'MENSAGEM', 'ABERTURA', '2018-05-11', 7, 'Cliente SAP', 82, 'NOSSA', NULL),
(246, 82, 'MENSAGEM', 'ABERTURA', '2018-05-10', 7, 'Cliente SAP', 83, 'NOSSA', NULL),
(247, 83, 'MENSAGEM', 'ABERTURA', '2018-05-11', 7, 'Cliente SAP', 84, 'NOSSA', NULL),
(248, 84, 'MENSAGEM', 'ABERTURA', '2018-05-11', 7, 'Cliente SAP', 84, 'NOSSA', NULL),
(249, 85, 'MENSAGEM', 'ABERTURA', '2018-05-10', 7, 'Cliente SAP', 85, 'NOSSA', NULL),
(250, 88, 'MENSAGEM', 'ABERTURA', '2018-05-10', 7, 'Cliente SAP', 88, 'NOSSA', NULL),
(251, 89, 'MENSAGEM', 'ABERTURA', '2018-05-11', 7, 'Cliente SAP', 88, 'NOSSA', NULL),
(252, 90, 'MENSAGEM', 'ABERTURA', '2018-05-10', 7, 'Cliente SAP', 89, 'NOSSA', NULL),
(253, 91, 'TELEFONEMA', 'FOLLOW-UP DE OPORTUNIDADE', '2018-05-10', 7, 'Cliente SAP', 90, 'NOSSA', NULL),
(254, 95, 'MENSAGEM', 'FOLLOW-UP DE OPORTUNIDADE', '2018-05-10', 7, 'Cliente SAP.\r\n\r\nJa estive presencialmente na Copacol em 2016.', 93, 'NOSSA', NULL),
(255, 96, 'MENSAGEM', 'ABERTURA', '2018-05-10', 7, 'Cliente SAP', 94, 'NOSSA', NULL),
(256, 97, 'MENSAGEM', 'ABERTURA', '2018-05-11', 7, 'Cliente SAP', 94, 'NOSSA', NULL),
(257, 98, 'MENSAGEM', 'ABERTURA', '2018-05-11', 7, 'Cliente SAP', 95, 'NOSSA', NULL),
(258, 99, 'MENSAGEM', 'ABERTURA', '2018-05-11', 7, 'Cliente SAP', 95, 'NOSSA', NULL),
(259, 100, 'MENSAGEM', 'ABERTURA', '2018-05-11', 7, 'Cliente SAP', 96, 'NOSSA', NULL),
(260, 102, 'MENSAGEM', 'ABERTURA', '2018-05-11', 7, 'Cliente SAP', 97, 'NOSSA', NULL),
(261, 103, 'MENSAGEM', 'ABERTURA', '2018-05-10', 7, 'Cliente SAP', 98, 'NOSSA', NULL),
(262, 105, 'MENSAGEM', 'ABERTURA', '2018-05-10', 7, 'Cliente SAP', 98, 'NOSSA', NULL),
(263, 108, 'MENSAGEM', 'FOLLOW-UP DE OPORTUNIDADE', '2018-05-10', 7, 'Cliente SAP\r\n\r\nParticipamos de uma RFP em 2016', 99, 'NOSSA', NULL),
(264, 109, 'MENSAGEM', 'FOLLOW-UP DE OPORTUNIDADE', '2018-05-11', 7, 'Cliente SAP\r\n\r\nFizemos uma proposta em 2016', 100, 'NOSSA', NULL),
(265, 110, 'MENSAGEM', 'ABERTURA', '2018-05-11', 7, 'Cliente SAP', 101, 'NOSSA', NULL),
(266, 111, 'MENSAGEM', 'ABERTURA', '2018-05-10', 7, 'Cliente SAP', 102, 'NOSSA', NULL),
(267, 112, 'MENSAGEM', 'ABERTURA', '2018-05-10', 7, 'Cliente SAP', 103, 'NOSSA', NULL),
(268, 113, 'MENSAGEM', 'ABERTURA', '2018-05-10', 7, 'Cliente SAP', 104, 'NOSSA', NULL),
(269, 114, 'MENSAGEM', 'ABERTURA', '2018-05-10', 7, 'Cliente SAP', 105, 'NOSSA', NULL),
(270, 115, 'MENSAGEM', 'ABERTURA', '2018-05-10', 7, 'Cliente SAP', 106, 'NOSSA', NULL),
(271, 116, 'MENSAGEM', 'ABERTURA', '2018-05-10', 7, 'Cliente SAP', 107, 'NOSSA', NULL),
(272, 119, 'MENSAGEM', 'ABERTURA', '2018-05-10', 7, 'Cliente SAP', 108, 'NOSSA', NULL),
(273, 121, 'MENSAGEM', 'ABERTURA', '2018-05-10', 7, 'Usa SAP B1', 110, 'NOSSA', NULL),
(274, 122, 'MENSAGEM', 'FOLLOW-UP DE OPORTUNIDADE', '2018-05-10', 7, 'Cliente SAP.\r\n\r\nFiz visita em 2016.', 111, 'NOSSA', NULL),
(275, 123, 'MENSAGEM', 'ABERTURA', '2018-05-11', 7, 'Cliente SAP', 112, 'NOSSA', NULL),
(276, 124, 'MENSAGEM', 'ABERTURA', '2018-05-10', 7, 'Cliente SAP', 113, 'NOSSA', NULL),
(277, 125, 'MENSAGEM', 'ABERTURA', '2018-05-10', 7, 'Cliente SAP', 114, 'NOSSA', NULL),
(278, 127, 'MENSAGEM', 'FOLLOW-UP DE OPORTUNIDADE', '2018-05-10', 7, 'Cliente SAP\r\n\r\nJa apresentei a empresa em 2016', 115, 'NOSSA', NULL),
(279, 129, 'MENSAGEM', 'FOLLOW-UP DE OPORTUNIDADE', '2018-04-24', 7, 'Cliente SAP\r\n\r\nVisita realizada em 2016', 116, 'NOSSA', NULL),
(280, 130, 'MENSAGEM', 'FOLLOW-UP DE OPORTUNIDADE', '2018-05-03', 7, 'Cliente SAP', 117, 'NOSSA', NULL),
(281, 131, 'MENSAGEM', 'ABERTURA', '2018-04-24', 7, 'Cliente SAP', 118, 'NOSSA', NULL),
(282, 132, 'MENSAGEM', 'ABERTURA', '2018-04-24', 7, 'Cliente SAP', 119, 'NOSSA', NULL),
(283, 133, 'MENSAGEM', 'FOLLOW-UP DE OPORTUNIDADE', '2018-04-24', 7, 'Cliente SAP\r\n\r\nVisitei em 2016', 120, 'NOSSA', NULL),
(284, 134, 'MENSAGEM', 'FOLLOW-UP DE OPORTUNIDADE', '2018-04-24', 7, 'Cliente SAP\r\n\r\nVisitei em 2016', 120, 'NOSSA', NULL),
(285, 135, 'MENSAGEM', 'ABERTURA', '2018-05-03', 7, 'Cliente SAP', 121, 'NOSSA', NULL),
(286, 137, 'MENSAGEM', 'ABERTURA', '2018-04-24', 7, 'Cliente SAP', 122, 'NOSSA', NULL),
(287, 139, 'MENSAGEM', 'ABERTURA', '2018-04-25', 7, 'Cliente para automação', 123, 'NOSSA', NULL),
(288, 140, 'MENSAGEM', 'ABERTURA', '2018-04-24', 7, 'Cliente SAP', 26, 'NOSSA', NULL),
(289, 145, 'MENSAGEM', 'FOLLOW-UP DE OPORTUNIDADE', '2018-04-24', 7, 'Cliente SAP\r\n\r\nVisitei em 2016.', 124, 'NOSSA', NULL),
(290, 144, 'MENSAGEM', 'FOLLOW-UP DE OPORTUNIDADE', '2018-04-24', 7, 'Cliente SAP\r\n\r\nVisitei em 2016.', 124, 'NOSSA', NULL),
(291, 146, 'MENSAGEM', 'ABERTURA', '2018-04-24', 7, 'Cliente SAP', 125, 'NOSSA', NULL),
(292, 147, 'MENSAGEM', 'FOLLOW-UP DE OPORTUNIDADE', '2018-04-24', 7, 'Cliente SAP\r\n\r\nVisitei em 2016', 126, 'NOSSA', NULL),
(293, 148, 'MENSAGEM', 'ABERTURA', '2018-04-24', 7, 'Cliente SAP', 127, 'NOSSA', NULL),
(294, 150, 'MENSAGEM', 'FOLLOW-UP DE OPORTUNIDADE', '2018-04-24', 7, 'Cliente AUTOMAÇÃO\r\n\r\nVisitado em 2016', 67, 'NOSSA', NULL),
(295, 149, 'MENSAGEM', 'FOLLOW-UP DE OPORTUNIDADE', '2018-04-24', 7, 'Cliente AUTOMAÇÃO\r\n\r\nVisitado em 2016', 67, 'NOSSA', NULL),
(296, 151, 'MENSAGEM', 'ABERTURA', '2018-04-24', 7, 'Cliente SAP', 128, 'NOSSA', NULL),
(297, 152, 'MENSAGEM', 'ABERTURA', '2018-04-24', 7, 'Cliente SAP', 128, 'NOSSA', NULL),
(298, 153, 'MENSAGEM', 'ABERTURA', '2018-04-24', 7, 'Cliente SAP B1', 129, 'NOSSA', NULL),
(299, 154, 'MENSAGEM', 'ABERTURA', '2018-05-03', 7, 'Cliente SAP', 130, 'NOSSA', NULL),
(300, 155, 'MENSAGEM', 'ABERTURA', '2018-04-24', 7, 'Desenvolvedor de soluções SAP', 131, 'NOSSA', NULL),
(301, 160, 'MENSAGEM', 'ABERTURA', '2018-04-24', 7, 'Cliente SAP', 134, 'NOSSA', NULL),
(302, 162, 'MENSAGEM', 'ABERTURA', '2018-05-03', 7, 'Cliente SAP', 135, 'NOSSA', NULL),
(303, 161, 'MENSAGEM', 'ABERTURA', '2018-05-03', 7, 'Cliente SAP', 135, 'NOSSA', NULL),
(304, 163, 'MENSAGEM', 'ABERTURA', '2018-04-24', 7, 'Cliente SAP', 136, 'NOSSA', NULL),
(305, 164, 'MENSAGEM', 'ABERTURA', '2018-05-03', 7, 'Cliente SAP', 136, 'NOSSA', NULL),
(306, 165, 'MENSAGEM', 'FOLLOW-UP DE OPORTUNIDADE', '2018-04-24', 7, 'Cliente SAP\r\n\r\nVisitado em 2016', 137, 'NOSSA', NULL),
(307, 166, 'MENSAGEM', 'FOLLOW-UP DE OPORTUNIDADE', '2018-04-24', 7, 'Cliente SAP\r\n\r\nVisitado em 2016', 137, 'NOSSA', NULL),
(308, 167, 'MENSAGEM', 'ABERTURA', '2018-05-03', 7, 'Cliente SAP', 138, 'NOSSA', NULL),
(309, 168, 'MENSAGEM', 'ABERTURA', '2018-06-04', 7, 'Prospect entrou em contato buscando conhecer a empresa com objetivo de testes de release SAP.', 139, 'CLIENTE', NULL),
(310, 168, 'TELEFONEMA', 'FOLLOW-UP DE OPORTUNIDADE', '2018-06-05', 7, NULL, 139, 'NOSSA', NULL);

-- --------------------------------------------------------

--
-- Estrutura para tabela `tb_campanha`
--

CREATE TABLE `tb_campanha` (
  `id` int(10) UNSIGNED NOT NULL,
  `str_nome` varchar(150) NOT NULL,
  `dta_inicio` date NOT NULL,
  `st_descricao` text
) ENGINE=MyISAM DEFAULT CHARSET=utf8;

--
-- Fazendo dump de dados para tabela `tb_campanha`
--

INSERT INTO `tb_campanha` (`id`, `str_nome`, `dta_inicio`, `st_descricao`) VALUES
(1, 'teste', '2018-01-31', 'teste'),
(2, 'teste 2', '2018-01-24', 'teste 2');

-- --------------------------------------------------------

--
-- Estrutura para tabela `tb_campanha_contato`
--

CREATE TABLE `tb_campanha_contato` (
  `id` int(10) UNSIGNED NOT NULL,
  `campanha_id` int(10) UNSIGNED NOT NULL,
  `empresa_id` int(10) UNSIGNED NOT NULL,
  `contato_id` int(10) UNSIGNED NOT NULL
) ENGINE=MyISAM DEFAULT CHARSET=utf8;

-- --------------------------------------------------------

--
-- Estrutura para tabela `tb_candidato`
--

CREATE TABLE `tb_candidato` (
  `id` int(10) UNSIGNED NOT NULL,
  `str_nome` varchar(150) NOT NULL,
  `str_email` char(150) NOT NULL,
  `dta_cadastro` date DEFAULT NULL,
  `str_curriculo` varchar(40) DEFAULT NULL,
  `bol_blacklist` varchar(1) NOT NULL,
  `vaga_id` int(10) UNSIGNED DEFAULT NULL,
  `str_status` varchar(150) NOT NULL,
  `dta_encaminhamento` date DEFAULT NULL
) ENGINE=MyISAM DEFAULT CHARSET=utf8;

--
-- Fazendo dump de dados para tabela `tb_candidato`
--

INSERT INTO `tb_candidato` (`id`, `str_nome`, `str_email`, `dta_cadastro`, `str_curriculo`, `bol_blacklist`, `vaga_id`, `str_status`, `dta_encaminhamento`) VALUES
(1, 'Reinaldo Guedes Junior', 'rei.guedes.jr@gmail.com', '2018-01-15', NULL, 'N', 20, 'Entrevista Cliente', '2018-01-15'),
(2, 'Maria Auxiliadora Machado Cavalcanti', 'dora_cwb@yahoo.com.br', '2018-01-15', NULL, 'N', 3, 'Entrevista Cliente', '2018-01-15'),
(3, 'Jorge Joaquim', 'jorgejoaquim@gmail.com', '2018-01-15', NULL, 'N', 20, 'Contato', '2018-01-15'),
(4, 'Roger Araujo da Silva', 'roger.silva.araujo@gmail.com', '2018-01-15', NULL, 'N', 20, 'Encaminhado', '2018-01-15'),
(5, 'Carlos Alberto Lui', 'carloslui.new@gmail.com', '2018-01-15', NULL, 'N', 20, 'Contato', '2018-01-15'),
(6, 'Jáder Tavares da Silva', 'tavaresjader85@gmail.com', '2018-01-15', NULL, 'N', 20, 'Contato', '2018-01-15'),
(7, 'Marcelo Santos Costa', 'cello.music86@gmail.com', '2018-01-15', NULL, 'N', 20, 'Contato', '2018-01-15'),
(8, 'Wellington Alves dos Santos', 'wellington_alves_13@hotmail.com', '2018-01-15', NULL, 'N', 20, 'Contato', '2018-01-15'),
(9, 'Felipe Antonio Ayancan Hernandez', 'nacnaya@gmail.com', '2018-01-15', NULL, 'N', 20, 'Entrevista Cliente', '2018-01-15'),
(10, 'Luana Marília Carvalho Linares', 'luana-linares@hotmail.com', '2018-01-15', NULL, 'N', 16, 'Contato', '2018-01-15'),
(11, 'Luciano Pinheiro Ribeiro', 'lucianopinheiroribeiro@gmail.com', '2018-01-16', NULL, 'S', 10, 'Entrevista Cliente', '2018-01-16'),
(12, 'Lucas Alves Victor', 'lucas.a.victor@gmail.com', '2018-01-16', NULL, 'S', 10, 'Entrevista Cliente', '2018-01-16'),
(13, 'Helder Fernandes de Paulo', 'helder.fpaula1994@gmail.com', '2018-01-16', NULL, 'S', 10, 'Entrevista RH', '2018-01-16'),
(14, 'Nathalia Bezerra', 'Nathy.bez@gmail.com', '2018-01-16', NULL, 'S', 10, 'Entrevista RH', '2018-01-16'),
(15, 'Luiz Carlos Soares da Silva Junior', 'luizjunior.tec@gmail.com', '2018-01-16', NULL, 'S', 10, 'Entrevista RH', '2018-01-16'),
(16, 'Luis Ricardo dos Santos Prado', 'luisricardoprado91@gmail.com', '2018-01-16', NULL, 'S', 10, 'Entrevista RH', '2018-01-16'),
(17, 'Maikerson França Guillande', 'maikerson@gmail.com', '2018-01-16', NULL, 'N', 16, 'Entrevista Cliente', '2018-01-16'),
(18, 'Rafael Cidral da Costa', 'rafael_cidral@outlook.com.br', '2018-01-16', NULL, 'N', 22, 'Encaminhado', '2018-01-16'),
(19, 'Andre Hideki Okada', 'andrehokada@gmail.com', '2018-01-16', NULL, 'N', 20, 'Entrevista Cliente', '2018-01-16'),
(20, 'Vinicius de Siqueira Campos', 'vsiqueirac@gmail.com', '2018-01-16', NULL, 'N', 20, 'Entrevista Cliente', '2018-01-16'),
(21, 'Odil Rincon Junior', 'orinconjr@gmail.com', '2018-01-16', NULL, 'N', 20, 'Entrevista Cliente', '2018-01-16'),
(22, 'José Igor Teixeira', 'iglusoft@outlook.com', '2018-01-16', NULL, 'N', 20, 'Encaminhado', '2018-01-16'),
(23, 'Tiago Vinicius de Lima', 'tiago.vinicius.lima@outlook.com', '2018-01-16', NULL, 'N', 20, 'Entrevista Cliente', '2018-01-16'),
(24, 'Fernando Sant\'Ana Pinto', 'pintofs1@hotmail.com', '2018-01-16', NULL, 'N', 20, 'Entrevista Cliente', '2018-01-16'),
(25, 'Alex de Paula', 'alexdepaula@outlook.com', '2018-01-16', NULL, 'N', 20, 'Encaminhado', '2018-01-17'),
(26, 'André Gonçalves Gardino', 'aggardino@gmail.com', '2018-01-16', NULL, 'N', 20, 'Encaminhado', '2018-01-18'),
(27, 'Antonio Espindola', 'acespindolajr@gmail.com', '2018-01-16', NULL, 'N', 20, 'Encaminhado', '2018-01-16'),
(28, 'Paulo Cabral', 'paulocabral_90@hotmail.com', '2018-01-16', NULL, 'N', 3, 'Encaminhado', '2018-01-16'),
(29, 'Juliane de Souza Gomes', 'julianedsg@gmail.com', '2018-01-16', NULL, 'N', 3, 'Entrevista Cliente', '2018-01-16'),
(31, 'Diego Perez Teixiera', 'diego.teixeira@gmail.com', '2018-01-17', NULL, 'S', 24, 'Entrevista RH', '2018-01-17'),
(32, 'Thiago José Lobreiro', 'thiagojoslobreiro@gmail.com', '2018-01-17', NULL, 'S', 24, 'Entrevista RH', '2018-01-17'),
(33, 'Jucilene Aparecida Adelina Vieira', 'pjucyvieira@hotmail.com', '2018-01-17', NULL, 'S', 24, 'Entrevista Técnica', '2018-01-17'),
(34, 'Elizabete Martins', 'Elizabete1610@gmail.com', '2018-01-17', NULL, 'S', 24, 'Entrevista Técnica', '2018-01-17'),
(35, 'Sarah Araujo Costa', 'Sarah.cokel@gmail.com', '2018-01-17', NULL, 'S', 24, 'Entrevista Técnica', '2018-01-17'),
(36, 'Leandro Maciel Souza Santos', 'ldro.maciel@gmail.com', '2018-01-17', NULL, 'S', 24, 'Entrevista Técnica', '2018-01-17'),
(37, 'Roger Araujo da Silva', 'roger.silva.araujo@gmail.com', '2018-01-18', NULL, 'N', 20, 'Entrevista Cliente', '2018-01-18'),
(38, 'Luiz Aparecido dos Santos Junior', 'luizapsj@gmail.com', '2018-01-18', NULL, 'S', 10, 'Entrevista Técnica', '2018-01-18'),
(39, 'Ebert Nori Barbosa', 'ebert.n.b@gmail.com', '2018-01-18', NULL, 'S', 7, 'Entrevista RH', '2018-01-18'),
(40, 'Jerson Damasceno Costa', 'jerjovi@uol.com.br', '2018-01-18', NULL, 'S', 7, 'Entrevista RH', '2018-01-18'),
(41, 'Walter Francisco', 'walter.francisco2@gmail.com', '2018-01-18', NULL, 'S', 7, 'Entrevista RH', '2018-01-18'),
(42, 'Marcos Freitas', 'mfreitasjr@hotmail.com', '2018-01-18', NULL, 'S', 7, 'Entrevista RH', '2018-01-18'),
(43, 'JAIR ZUBA ANDRADE', 'jairzuba.77@gmail.com', '2018-01-18', NULL, 'S', 15, 'Entrevista RH', '2018-01-18'),
(44, 'Ricardo Alves de Lima', 'ricardo.delimalima@bol.com.br', '2018-01-18', NULL, 'S', 15, 'Contato', '2018-01-18'),
(45, 'JAQUELINE REGINA EVANGELISTA DA SILVA', 'adilsonrosadesa1984@gmail.com', '2018-01-18', NULL, 'S', 15, 'Contato', '2018-01-18'),
(46, 'Eduardo Rodrigues de Sant Anna', 's-du@hotmail.com', '2018-01-18', NULL, 'S', 15, 'Contato', '2018-01-18'),
(47, 'Aparecida de J V Souza Covarrubias', 'souza.cida@gmail.com', '2018-01-18', NULL, 'S', 15, 'Contato', '2018-01-18'),
(48, 'Eliseomar Jose de Lima', 'eliseomar_lima@yahoo.com.br', '2018-01-18', NULL, 'S', 15, 'Contato', '2018-01-18'),
(49, 'Marcio Filgueira de Azevedo Rodrigues', 'marciofilgueira@hotmail.com', '2018-01-18', NULL, 'N', 16, 'Entrevista Cliente', '2018-01-18'),
(50, 'Marcos Flávio Camargo de Lucas Lourenço', 'marcosfcllourenco@gmail.com', '2018-01-19', NULL, 'S', 24, 'Entrevista RH', '2018-01-19'),
(51, 'Antônio Carlos Felipe R P Alves', 'antoniocarlosfelipe@gmail.com', '2018-01-19', NULL, 'S', 10, 'Entrevista RH', '2018-01-19'),
(52, 'Guilherme Mori Magalhães', 'Guilherme.mori@gmail.com', '2018-01-19', NULL, 'S', 24, 'Entrevista RH', '2018-01-19'),
(53, 'Diego Marcondes Grael', 'ledalimamestre@ig.com.br', '2018-01-19', NULL, 'S', 24, 'Entrevista RH', '2018-01-19'),
(54, 'GIRLAN SANTOS CERQUEIRA MENEZES', 'girlanmenezes@gmail.com', '2018-01-19', NULL, 'S', 10, 'Entrevista RH', '2018-01-19'),
(55, 'Camila Nunes', 'kammy.manu@gmail.com', '2018-01-23', NULL, 'N', 16, 'Entrevista Cliente', '2018-01-23'),
(56, 'Luciana Gisele de Oliveira Alves da Silva', 'lu.gisele@yahoo.com.br', '2018-01-23', NULL, 'S', 24, 'Entrevista RH', '2018-01-23'),
(57, 'Adriana Silva Santos Duór', 'Dricastos@hotmail.com', '2018-01-24', NULL, 'S', 24, 'Entrevista RH', '2018-01-24'),
(58, 'Leonardo Ribeiro da Cruz', 'leo.ribeiro.da.cruz@gmail.com', '2018-01-24', NULL, 'N', 28, 'Entrevista Cliente', '2018-01-24'),
(59, 'Wagner Marcondes Duarte', 'wagner.marcondes@gmail.com', '2018-01-26', NULL, 'N', 23, 'Entrevista RH', NULL),
(60, 'Ricardo Vogler de Arruda', 'ricardovogler@gmail.com', '2018-01-26', NULL, 'N', 23, 'Entrevista RH', NULL),
(61, 'Bruno Quevedo Vidal', 'brunoqvidal87@gmail.com', '2018-01-26', NULL, 'N', 23, 'Entrevista RH', NULL),
(62, 'Daiske A V Barrett', 'daivolt@gmail.com', '2018-01-26', NULL, 'N', 23, 'Entrevista RH', NULL),
(63, 'Gislane Lopes de Assis', 'lane-llopes@hotmail.com', '2018-01-26', NULL, 'N', 4, 'Entrevista RH', NULL),
(64, 'Gislane Lopes de Assis', 'lane-llopes@hotmail.com', '2018-01-26', NULL, 'N', 31, 'Entrevista RH', NULL),
(65, 'Paulo Cabral', 'paulocabral_90@hotmail.com', '2018-01-26', NULL, 'N', 5, 'Entrevista Cliente', NULL),
(66, 'Fabiane Rocha', 'fabianenunesrocha@gmail.com', '2018-01-26', NULL, 'N', 3, 'Entrevista RH', NULL),
(67, 'Marcus Vinicius Rosado Soares Lopes', 'mvrsl@hotmail.com', '2018-01-26', NULL, 'N', 28, 'Entrevista Cliente', NULL),
(68, 'Wyaara Silva', 'wyaraa.s@hotmail.com', '2018-01-26', NULL, 'S', 27, 'Contato', NULL),
(69, 'Regiane Medeiros', 'medeiros.regiane@hotmail', '2018-01-26', NULL, 'S', 27, 'Contato', NULL),
(70, 'Marcus Vinicius Rosado Soares Lopes', 'mvrsl@hotmail.com', '2018-01-26', NULL, 'N', 5, 'Entrevista RH', NULL),
(71, 'Adriana Marques', 'amarques.mdg@gmail.com', '2018-01-26', NULL, 'S', 27, 'Contato', NULL),
(72, 'Diego de Assis da Silva', 'd-assis@hotmail.com', '2018-01-26', NULL, 'N', 5, 'Entrevista RH', NULL),
(73, 'Rodrigo Florindo Deus', 'rodrigofdeus@hotmail.com', '2018-01-26', NULL, 'S', 27, 'Contato', NULL),
(74, 'Marcos Henrique Santos', 'marcoshenriquedalsanto@hotmail.com', '2018-01-26', NULL, 'S', 27, 'Contato', NULL),
(75, 'Douglas Silva', 'douglas17_silva@hotmail.com', '2018-01-26', NULL, 'S', 27, 'Contato', NULL),
(76, 'Caio Forch', 'caioforch10@gmail.com\'', '2018-01-26', NULL, 'S', 27, 'Contato', NULL),
(77, 'Marcos Regato', 'marcosregato01@gmail.com', '2018-01-26', NULL, 'S', 27, 'Contato', NULL),
(78, 'Vinicius Ribeiro Santos', 'vr.vribas@hotmail.com', '2018-01-26', NULL, 'S', 27, 'Contato', NULL),
(79, 'Alexsandro Rodrigues', '1alexsandro.r@gmail.com', '2018-01-26', NULL, 'S', 27, 'Contato', NULL),
(80, 'Wesley Bezerra Santos', 'wesley_be@hotmail.com', '2018-01-26', NULL, 'S', 27, 'Contato', NULL),
(81, 'Artur Oliveira', 'arturoliveira@me.com', '2018-01-26', NULL, 'S', 27, 'Contato', NULL),
(82, 'Edivaldo Monteiro', 'edivaldofcr@gmail.com', '2018-01-26', NULL, 'N', 8, 'Entrevista RH', NULL),
(83, 'MARCOS RODA TORRES JUNIOR', 'marcos.roda@gmail.com', '2018-01-26', NULL, 'N', 8, 'Entrevista RH', NULL),
(84, 'Fabio Nakazoni', 'nakazoni@gmail.com', '2018-01-26', NULL, 'S', 8, 'Entrevista RH', NULL),
(85, 'Robson Vettori Ferezin', 'robson_ferezin@yahoo.com.br', '2018-01-26', NULL, 'S', 8, 'Entrevista RH', NULL),
(86, 'Geovana dos Santos Silva', 'sts.geovana@gmail.com', '2018-01-26', NULL, 'N', 11, 'Contato', NULL),
(87, 'Douglas Antonio Medeiros', 'dam_medeiros@uol.com.br', '2018-01-26', NULL, 'S', 11, 'Contato', NULL),
(88, 'Fernando Alves Larsen', 'vikingfal@hotmail.com', '2018-01-26', NULL, 'S', 11, 'Contato', NULL),
(89, 'Danilo Alex Veltri', 'daniloveltri@hotmail.com', '2018-01-26', NULL, 'N', 11, 'Contato', NULL),
(90, 'Raquel Gonçalves Raddi Larini', 'raquel_larini@hotmail.com', '2018-01-26', NULL, 'N', 11, 'Contato', NULL),
(91, 'Diego Brum', 'diegobrumcunha@gmail.com', '2018-01-26', NULL, 'N', 11, 'Contato', NULL),
(92, 'Lucas Henrique Fernandes Tiburcio', 'lucashenryfernandes@gmail.com', '2018-01-26', NULL, 'N', 11, 'Contato', NULL),
(93, 'André Cavaleiro', 'andrex50@gmail.com', '2018-01-26', NULL, 'N', 11, 'Contato', NULL),
(94, 'Alini Ferreira', 'alini.ferre@gmail.com', '2018-01-26', NULL, 'N', 11, 'Contato', NULL),
(95, 'Heloísa de Alencar Vicente', 'heloisa.vicente@ymail.com', '2018-01-26', NULL, 'S', 11, 'Contato', NULL),
(96, 'Michel Eduardo Silva', 'micheleduardo27@hotmail.com', '2018-01-26', NULL, 'N', 11, 'Contato', NULL),
(97, 'TAITSONN WESLEY GONCALVES DA SILVA', 'Taitsonn13@hotmail.com', '2018-01-26', NULL, 'N', 11, 'Contato', NULL),
(98, 'Wellington da silva novaes', 'wellnovaes17@gmail.com', '2018-01-26', NULL, 'N', 11, 'Contato', NULL),
(99, 'LARISSA NATALI PEREIRA SILVA', 'larissa.natali00@gmail.com', '2018-01-26', NULL, 'N', 11, 'Contato', NULL),
(100, 'Luiz Galante Franco do Bonfim', 'luizfbonfim@gmail.com', '2018-01-26', NULL, 'N', 11, 'Contato', NULL),
(101, 'Wander Luis da Silva Cerqueira', 'wandercerqueira@hotmail.com', '2018-01-26', NULL, 'S', 12, 'Entrevista RH', NULL),
(102, 'Jairo Silveira dos Santos Junior', 'jairojr@outlook.com', '2018-01-26', NULL, 'S', 12, 'Entrevista RH', NULL),
(103, 'Ronaldo Vargas', 'ronaldovargas@outlook.com', '2018-01-26', NULL, 'S', 12, 'Entrevista RH', NULL),
(104, 'Edison Barbosa da Rocha', 'ba.edison@gmail.com', '2018-01-29', NULL, 'N', 26, 'Entrevista Cliente', NULL),
(105, 'RAFAEL DA SILVA CALDERAL', 'rafaelcalderal@globo.com', '2018-01-29', NULL, 'N', 13, 'Entrevista RH', NULL),
(106, 'Augusto Shigunov', 'ashigunov@gmail.com', '2018-01-29', NULL, 'N', 13, 'Entrevista RH', NULL),
(107, 'Vilmar Bosio', 'vilmar.bosio@gmail.com', '2018-01-29', NULL, 'N', 13, 'Entrevista RH', NULL),
(108, 'Brian Ozelin de Andrade', 'brian_ozelin@hotmail.com', '2018-01-29', NULL, 'N', 3, 'Entrevista RH', NULL),
(109, 'Luan da Silva Alves', 'luan_dsa@hotmail.com', '2018-01-29', NULL, 'N', 3, 'Entrevista RH', NULL),
(110, 'Rodrigo Luiz Tavario', 'rodtavario@gmail.com', '2018-01-29', NULL, 'N', 3, 'Entrevista RH', NULL),
(111, 'Elizabete Martins', 'elizabete1610@gmail.com', '2018-01-31', NULL, 'S', 34, 'Contato', NULL),
(112, 'Leandro Maciel Sousa Santos', 'ldro.maciel@gmail.com', '2018-01-31', NULL, 'S', 34, 'Contato', NULL),
(113, 'Kaique Silveira', 'kaique.silveira@live.com', '2018-01-31', NULL, 'S', 3, 'Entrevista RH', NULL),
(114, 'Antonio Bittencourt', 'antonio.junior@gmail.com', '2018-02-01', NULL, 'N', 26, 'Entrevista Cliente', NULL),
(115, 'Alexandre Murari Junior', 'murarialex@gmail.com', '2018-02-01', NULL, 'N', 19, 'Encaminhado', NULL),
(116, 'Luan da Silva Alves', 'luan_dsa@hotmail.com', '2018-02-01', NULL, 'N', 3, 'Entrevista Cliente', NULL),
(117, 'Kaique Silveira', 'kaique.silveira@live.com', '2018-02-01', NULL, 'N', 3, 'Entrevista RH', NULL),
(118, 'Rodrigo Luiz Tavario', 'rodtavario@gmail.com', '2018-02-01', NULL, 'N', 28, 'Entrevista Cliente', NULL),
(119, 'Kleber Jefferson Strefezza', 'kleberstrefezza@hotmail.com', '2018-02-02', NULL, 'S', 33, 'Entrevista RH', '2018-02-02'),
(120, 'Henrique de Sousa Barbase', 'henrique2029@hotmail.com', '2018-02-02', NULL, 'S', 34, 'Entrevista RH', '2018-02-02'),
(121, 'Jaqueline Mignella', 'jaquemig@yahoo.com.br', '2018-02-02', NULL, 'S', 34, 'Entrevista RH', '2018-02-02'),
(122, 'Kalicique Antonini', 'kalicique@hotmail.com', '2018-02-02', NULL, 'S', 34, 'Entrevista RH', '2018-02-02'),
(123, 'Jorge henrique Paiva Santos', 'jorge_10hp@hotmail.com', '2018-02-02', NULL, 'S', 34, 'Entrevista Técnica', '2018-02-02'),
(124, 'Adriana Leite da Silva', 'aleite1@hotmail.ccom', '2018-02-02', NULL, 'S', 34, 'Entrevista RH', '2018-02-02'),
(125, 'Nelson Gonçalves de Carvalho', 'nelgdc@hotmail.com', '2018-02-02', NULL, 'S', 33, 'Entrevista RH', '2018-01-02'),
(126, 'Lilian Raphaele Kasprzak', 'liliankasprzak@gmail.com', '2018-02-02', NULL, 'N', 3, 'Encaminhado', NULL),
(127, 'Juliana Cleto Moura', 'julianacmoura@yahoo.com.br', '2018-02-05', NULL, 'N', 31, 'Entrevista RH', '2018-02-01'),
(128, 'Patricia Filardo Chagas', 'p_zirtacai@hotmail.com', '2018-02-05', NULL, 'N', 31, 'Entrevista RH', '2018-02-05'),
(129, 'Reginaldo Domingos dos Santos Júnior', 'reginaldojr.rdsj@gmail.com', '2018-02-05', NULL, 'N', 31, 'Entrevista RH', '2018-02-01'),
(130, 'Marina Benedetti Preto', 'marina.bendetti@gmail.com', '2018-02-05', NULL, 'N', 31, 'Entrevista RH', '2018-01-31'),
(131, 'Fabricio Nunes Rocha', 'fabricio.nrocha@gmail.com', '2018-02-06', NULL, 'N', 29, 'Encaminhado', '2018-02-08'),
(132, 'Rafael de Oliveira Gonçalves', 'rafaeloliveiragoncalves@gmail.com', '2018-02-06', NULL, 'N', 29, 'Entrevista RH', NULL),
(133, 'Rafael Fernandes Candido de Oliveira', 'rafercand@gmail.com', '2018-02-06', NULL, 'N', 29, 'Entrevista RH', NULL),
(134, 'Anderson Hebert Souza Silva', 'anderson_hebert@hotmail.com', '2018-02-07', NULL, 'N', 40, 'Encaminhado', '2018-02-09'),
(135, 'Caio Barboza Castro', 'caiohc2004@hotmail.com', '2018-02-07', NULL, 'S', 34, 'Entrevista RH', '2018-02-07'),
(136, 'Nelson Gonçalves de Carvalho', 'nelgdc@hotmail.com', '2018-02-07', NULL, 'S', 34, 'Entrevista RH', '2018-02-07'),
(137, 'Lilian Raphaele Kasprzak', 'liliankasprzak@gmail.com', '2018-02-08', NULL, 'N', 28, 'Entrevista Cliente', NULL),
(138, 'Edison Barbosa da Rocha', 'ba.edison@gmail.com', '2018-02-09', NULL, 'N', 41, 'Entrevista Cliente', '2018-01-30'),
(139, 'Antonio Bittencourt', 'antonio.junior@gmail.com', '2018-02-09', NULL, 'N', 41, 'Encaminhado', '2018-02-01'),
(140, 'Alexandre Murari Junior', 'murarialex@gmail.com', '2018-02-09', NULL, 'N', 40, 'Entrevista Cliente', '2018-02-05'),
(141, 'Bianca Gabriele Raupp Rocha', 'raupp_bianca@hotmail.com', '2018-02-09', NULL, 'N', 44, 'Contato', NULL),
(142, 'Maria Fernanda Rosa Silveira', 'mariafernandarosa98@gmail.com', '2018-02-09', NULL, 'N', 44, 'Entrevista RH', NULL),
(143, 'Luana Emanuele dos Santos', 'lusantoss2605@gmail.com', '2018-02-09', NULL, 'N', 44, 'Entrevista RH', NULL),
(144, 'Mariana Tomé Aldrigue', 'Mari_aldrigue@hotmail.com', '2018-02-09', NULL, 'N', 44, 'Entrevista RH', NULL),
(145, 'Gabriel Ferreira Vale', 'Gvale@alunos.utfpr.edu.br', '2018-02-09', NULL, 'N', 44, 'Contato', NULL),
(146, 'Raquel Salles da Silva', 'raquelsalles.kells@gmail.com', '2018-02-09', NULL, 'N', 44, 'Entrevista RH', NULL),
(147, 'Lauren Daniele da Roza Bassi', 'lrnrzbss@gmail.com', '2018-02-09', NULL, 'N', 44, 'Entrevista RH', NULL),
(148, 'Guilherme dos Anjos de Almeida', 'guilherme-anjos.almeida@hotmail.com', '2018-02-09', NULL, 'N', 44, 'Entrevista Cliente', NULL),
(149, 'Mayara Sprenger', 'maay_sprenger@hotmail.com', '2018-02-09', NULL, 'N', 44, 'Entrevista Cliente', NULL),
(150, 'Igor Saiene Macedo Viana e Silva', 'igorsaiene0@gmail.com', '2018-02-09', NULL, 'N', 44, 'Entrevista Cliente', NULL),
(151, 'Felipe Lucas de Oliveira Peixoto', 'li_p_22@hotmail.com', '2018-02-12', NULL, 'S', 27, 'Entrevista RH', '2018-02-09'),
(152, 'Henrique de Cara Oliveira', 'henrique.oliveira105@hotmail.com', '2018-02-12', NULL, 'S', 27, 'Entrevista RH', '2018-02-09'),
(153, 'Lucélia Helena Santos', 'lucelialhs@hotmail.com', '2018-02-15', NULL, 'N', 45, 'Entrevista RH', NULL),
(154, 'Juliana Cecília Gipiela Corrêa Dias', 'jugipiela@gmail.com', '2018-02-15', NULL, 'N', 45, 'Entrevista RH', NULL),
(155, 'Nelson Lucas Duda de Paula', 'nelson-lucas@live.com', '2018-02-15', NULL, 'N', 45, 'Encaminhado', '2018-02-15'),
(156, 'Carlos Eduardo Alves de Godoi', 'carloseduardoalvesgodoi@hotmail.com', '2018-02-15', NULL, 'N', 45, 'Encaminhado', '2018-02-15'),
(157, 'Rhafael Cesar Santana', 'rhafael.cesar@outlook.com', '2018-02-15', NULL, 'N', 45, 'Contato', NULL),
(158, 'Rocilene Paiva da Silva Costa', 'leneanalista@gmail.com', '2018-02-15', NULL, 'N', 45, 'Contato', NULL),
(159, 'Willian Fernando Carvalho', 'willianfcarvalho@gmail.com', '2018-02-15', NULL, 'N', 45, 'Contato', NULL),
(160, 'Caio Barboza Castro', 'caiohc2004@hotmail.com', '2018-02-19', NULL, 'S', 33, 'Entrevista RH', '2018-02-19'),
(161, 'TASSIO PEREIRA LIMA', 'tassiopelima@gmail.com', '2018-02-19', NULL, 'S', 33, 'Entrevista RH', '2018-02-19'),
(162, 'Larissa Oliveira Souza', 'Larissa.oliveira2107@gmail.com', '2018-02-19', NULL, 'S', 33, 'Entrevista RH', '2018-02-19'),
(163, 'Kaique Gustavo Ribeiro Do Prado', 'kaiquegrdp@gmail.com', '2018-02-19', NULL, 'S', 33, 'Entrevista RH', '2018-02-19'),
(164, 'Henrique de Cara Oliveira', 'henrique.oliveira105@hotmail.com', '2018-02-20', NULL, 'S', 43, 'Entrevista RH', '2018-02-20'),
(165, 'Leonardo Ribeiro da Cruz', 'leo.ribeiro.da.cruz@gmail.com', '2018-02-21', NULL, 'N', 46, 'Entrevista RH', NULL),
(166, 'Bruno Fagundes da Silva', 'brunoft15@hotmail.com', '2018-02-21', NULL, 'N', 46, 'Encaminhado', '2018-02-21'),
(167, 'Julia Elisa Volpato da Silva', 'juliaelisavs@gmail.com', '2018-02-21', NULL, 'N', 46, 'Contato', NULL),
(168, 'Mayara da Silva Souza Santana', 'maya.blues@gmail.com', '2018-02-21', NULL, 'N', 46, 'Contato', NULL),
(169, 'Francisco Dourado', 'fgenuino@hotmail.com', '2018-02-21', NULL, 'N', 46, 'Encaminhado', '2018-02-26'),
(170, 'Orlando Alves de Souza Junior', 'orlando.alves@gmail.com', '2018-02-21', NULL, 'N', 49, 'Entrevista RH', NULL),
(171, 'Thiago Phelip da Silva Cunha', 'thiagophelipcunha@gmail.com', '2018-02-22', NULL, 'N', 46, 'Entrevista RH', '2018-02-26'),
(172, 'Mayne Aparecida de Carvalho', 'mayneibraim@outlook.com', '2018-02-27', NULL, 'N', 49, 'Encaminhado', '2018-02-23'),
(173, 'Silvius Rike de Carvalho', 'silvius765@gmail.com', '2018-02-27', NULL, 'N', 49, 'Encaminhado', '2018-02-27'),
(174, 'Cleiton Alex Martins', 'cleiton.alex@hotmail.com.br', '2018-02-27', NULL, 'N', 49, 'Entrevista RH', NULL),
(175, 'Paulo Eduardo Gobor', 'pauloegobor@gmail.com', '2018-02-27', NULL, 'N', 49, 'Contato', NULL),
(176, 'Felipe Pazinatto', 'felipe pazinatto', '2018-02-27', NULL, 'N', 52, 'Contato', NULL),
(177, 'Hagner Soares Ramos', 'hagner001@gmail.com', '2018-02-27', NULL, 'N', 52, 'Contato', NULL),
(178, 'Ana Paula Battistini Vieira dos Santos', 'apbattistini@gmail.com', '2018-02-27', NULL, 'N', 49, 'Entrevista RH', NULL),
(179, 'Lucas Kulik Chropacz', 'lkckulik@gmail.com', '2018-03-01', NULL, 'N', 45, 'Entrevista RH', NULL),
(180, 'ANDERSON SILVERIO DE OLIVEIRA', 'oanderson.contato@gmail.com', '2018-03-05', NULL, 'S', 55, 'Entrevista RH', NULL),
(181, 'Larissa Oliveira Souza', 'Larissa.oliveira2107@gmail.com', '2018-03-05', NULL, 'S', 54, 'Entrevista RH', NULL),
(182, 'Cristian Douglas Siqueira', 'cristiandonovan@hotmail.com', '2018-03-05', NULL, 'N', 56, 'Encaminhado', '2018-03-05'),
(183, 'Rodrigo Senger', 'rodrigosenger@outlook.com', '2018-03-05', NULL, 'N', 52, 'Contato', NULL),
(184, 'Rafael Carvalo', 'hadelen.lima@primecontrol.com.br', '2018-03-06', NULL, 'N', 52, 'Contato', NULL),
(185, 'Vinicius Trancoso Santos Franco', 'vinicius.ts.franco@gmail.com', '2018-03-07', NULL, 'N', 47, 'Encaminhado', '2018-03-07'),
(186, 'Marina Benedetti Preto', 'marina.bendetti@gmail.com', '2018-03-07', NULL, 'S', 28, 'Entrevista Cliente', NULL),
(187, 'Rodrigo Senger', 'rodrigosenger@outlook.com', '2018-03-07', NULL, 'N', 47, 'Contato', NULL),
(188, 'Thiago Schmalz Valle Evangelista', 'thiago_evangel@hotmail.com', '2018-03-08', NULL, 'N', 45, 'Entrevista RH', NULL),
(189, 'André Filipini', 'andre_felipini@hotmail.com', '2018-03-08', NULL, 'S', 55, 'Entrevista RH', '2018-03-08'),
(190, 'Rafael Puga Cambiaghi', 'rafacambiaghi@gmail.com', '2018-03-08', NULL, 'S', 54, 'Entrevista RH', '2018-03-08'),
(191, 'ÁLVARO CAMBOIM GRANDI', 'grandicam@gmail.com', '2018-03-08', NULL, 'N', 56, 'Contato', NULL);

-- --------------------------------------------------------

--
-- Estrutura para tabela `tb_contato`
--

CREATE TABLE `tb_contato` (
  `id` int(10) UNSIGNED NOT NULL,
  `empresa_id` int(10) UNSIGNED NOT NULL,
  `str_primeiro_nome` varchar(150) NOT NULL,
  `str_sobrenome` varchar(150) DEFAULT NULL,
  `str_nivel` varchar(150) NOT NULL,
  `tipo_id` int(10) UNSIGNED NOT NULL,
  `str_email1` varchar(150) NOT NULL,
  `str_email2` varchar(150) DEFAULT NULL,
  `str_telefone1` varchar(150) DEFAULT NULL,
  `str_telefone2` varchar(150) DEFAULT NULL,
  `str_telefone3` varchar(150) DEFAULT NULL,
  `dta_cadastro` date DEFAULT NULL,
  `cidade` varchar(150) DEFAULT NULL,
  `uf` varchar(2) DEFAULT NULL
) ENGINE=MyISAM DEFAULT CHARSET=utf8;

--
-- Fazendo dump de dados para tabela `tb_contato`
--

INSERT INTO `tb_contato` (`id`, `empresa_id`, `str_primeiro_nome`, `str_sobrenome`, `str_nivel`, `tipo_id`, `str_email1`, `str_email2`, `str_telefone1`, `str_telefone2`, `str_telefone3`, `dta_cadastro`, `cidade`, `uf`) VALUES
(1, 19, 'Daniel', 'Bastreghi', 'DIRETOR', 4, 'daniel@drbmarketing.com.br', 'dbastreghi@gmail.com.br', '(41) 99679-4044', '(41) 4042-0119', NULL, '2018-02-01', NULL, NULL),
(2, 21, 'Fernando', 'Pulnicelli', 'ANALISTA', 2, 'fernando.pulcinelli@itsstecnologia.com.br', NULL, NULL, NULL, NULL, '2018-02-01', NULL, NULL),
(3, 22, 'Marcelo', 'Rosa', 'DIRETOR', 2, 'marcelo.rosa@softpartech.com.br', NULL, '41 99698-9939', NULL, NULL, '2018-02-06', NULL, NULL),
(4, 23, 'Fabio', 'Maia', 'COORDENADOR', 2, 'fabio.maia@finaxis.com.br', NULL, NULL, NULL, '(41) 3074-5772', '2018-02-06', NULL, NULL),
(5, 24, 'José Roberto', 'Souza', 'DIRETOR', 3, 'souza.jroberto@unimedlondrina.com.br', NULL, '043 33756287', NULL, NULL, '2018-02-06', NULL, NULL),
(6, 25, 'CESAR', 'LOMBARDO', 'DIRETOR', 2, 'cesar.lombardo@velsis.com.br', NULL, '41 3153-9400', '41 9 9661-0231', NULL, '2018-02-06', NULL, NULL),
(7, 1, 'Cristiano', 'Burg', 'DIRETOR', 3, 'cristiano.burg@saedigital.com.br', NULL, '41 99208-4709', NULL, NULL, '2018-02-06', NULL, NULL),
(8, 26, 'Diego', 'Lara', 'ANALISTA', 2, 'diegol@positivo.com.br', NULL, '41 3250 3799', NULL, NULL, '2018-02-06', NULL, NULL),
(9, 4, 'Luiz Gustavo', 'Martinez', 'GERENTE', 3, 'luiz.gus.martines-de-castro@dxc.com', NULL, '11 973 955 995', NULL, NULL, '2018-02-06', NULL, NULL),
(10, 14, 'Thiago', NULL, 'COORDENADOR', 3, 'thiagocampos@gera.com.br', '11 98274 - 8777', NULL, NULL, NULL, '2018-02-06', NULL, NULL),
(11, 16, 'Elizabete', NULL, 'COORDENADOR', 3, 'elizabete.gomes@tcp.com.br', NULL, '41 9689-0857', NULL, NULL, '2018-02-06', NULL, NULL),
(12, 11, 'Ivan', 'Rezende', 'GERENTE', 3, 'irezende@sancorseguros.com', NULL, NULL, NULL, NULL, '2018-02-06', NULL, NULL),
(13, 27, 'Jovani', NULL, 'COORDENADOR', 3, 'jovani@sysmo.com.br', NULL, '49 3631-0600', NULL, NULL, '2018-02-06', NULL, NULL),
(14, 28, 'Eduardo', NULL, 'DIRETOR', 2, 'eduardo@touron.com.br', NULL, '5439054700', NULL, NULL, '2018-02-07', NULL, NULL),
(15, 29, 'Gabriela', 'Antunes', 'CONSULTOR', 2, 'gabriela.antunes@w3haus.com.br', NULL, '5130720044', NULL, NULL, '2018-02-07', NULL, NULL),
(16, 30, 'Cassio', 'Clemente', 'COORDENADOR', 3, 'cassio.clemente@superdigital.com.br', NULL, '11 2078 8406', NULL, NULL, '2018-02-07', NULL, NULL),
(17, 31, 'Marcio', NULL, 'ESTAGIÁRIO', 3, 'marcio.franco@linx.com.br', NULL, NULL, '55 11 99108-9954', NULL, '2018-02-14', NULL, NULL),
(18, 32, 'Adriana', NULL, 'COORDENADOR', 2, 'adriana.goncalves@linx.com.br', NULL, NULL, NULL, NULL, '2018-02-15', NULL, NULL),
(19, 3, 'Cristiano', 'Venturini', 'COORDENADOR', 3, 'Cristiano.Venturini@totvsbematech.com.br', NULL, '41 9 9600-0212', NULL, NULL, '2018-02-19', NULL, NULL),
(20, 34, 'Thiago', 'Miranda', 'COORDENADOR', 3, 'miranda@oboticario.com.br', NULL, NULL, '41 9 8713 6175', NULL, '2018-02-19', NULL, NULL),
(21, 3, 'Alian', 'Pizato', 'COORDENADOR', 3, 'Alian.Pazetto@totvsbematech.com.br', NULL, NULL, NULL, NULL, '2018-02-19', NULL, NULL),
(22, 3, 'Joney', NULL, 'DIRETOR', 3, 'Joney.Palma@totvsbematech.com.br', NULL, NULL, NULL, NULL, '2018-02-19', NULL, NULL),
(23, 10, 'Chu', NULL, 'ESTAGIÁRIO', 3, 'cchung@sitex.com.br', NULL, NULL, NULL, NULL, '2018-02-19', NULL, NULL),
(24, 4, 'Adalberto', NULL, 'GERENTE', 3, 'adalberto.tolino@dxc.com', NULL, NULL, NULL, NULL, '2018-02-19', NULL, NULL),
(25, 4, 'Célio', 'Yamasita', 'GERENTE', 3, 'celio.yamasita@dxc.com', NULL, NULL, NULL, NULL, '2018-02-19', NULL, NULL),
(26, 35, 'Carolina', NULL, 'COORDENADOR', 2, 'carolina.gomes@fiepr.org.br', NULL, NULL, NULL, NULL, '2018-02-19', NULL, NULL),
(27, 36, 'Victor', 'Campa', 'ESTAGIÁRIO', 3, 'victor.campa@grupomarista.org.br', NULL, NULL, NULL, NULL, '2018-02-19', NULL, NULL),
(28, 37, 'Camila', 'Alonzo', 'GERENTE', 3, 'camila.alonzo@r2tec.net', NULL, NULL, NULL, NULL, '2018-02-19', NULL, NULL),
(29, 38, 'Marcio', 'Brisse', 'GERENTE', 3, 'brisse@unimedpr.coop.br', NULL, NULL, NULL, NULL, '2018-02-19', NULL, NULL),
(30, 45, 'Tamara', NULL, 'ESTAGIÁRIO', 2, 'tamara.coneglian@db1.com.br', NULL, NULL, NULL, NULL, '2018-02-19', NULL, NULL),
(31, 24, 'Guilherme', NULL, 'ANALISTA', 2, 'guilherme@unimedlondrina.com.br', NULL, NULL, NULL, NULL, '2018-02-20', NULL, NULL),
(32, 3, 'Filipe', 'Ramalho', 'COORDENADOR', 2, 'Filipe.Ramalho@totvsbematech.com.br', NULL, NULL, NULL, NULL, '2018-02-20', NULL, NULL),
(33, 9, 'Luiz', 'Benetti', 'CONSULTOR', 4, 'luiz.benetti@primecontrol.com.br', NULL, NULL, NULL, NULL, '2018-02-20', NULL, NULL),
(34, 30, 'Fernando', 'Oliveira', 'COORDENADOR', 2, 'fernando.oliveira@superdigital.com.br', NULL, NULL, NULL, NULL, '2018-02-20', NULL, NULL),
(35, 3, 'Marcos', 'Grillo', 'COORDENADOR', 3, 'Marcos.Grillo@totvsbematech.com.br', NULL, NULL, NULL, NULL, '2018-02-20', NULL, NULL),
(36, 41, 'Emile', NULL, 'GERENTE', 2, 'Emile@nox.com.br', NULL, NULL, '98868-8218', NULL, '2018-02-26', NULL, NULL),
(37, 42, 'Marciele', NULL, 'COORDENADOR', 2, 'marciele.severo@cecred.coop.br', NULL, NULL, NULL, NULL, '2018-02-26', NULL, NULL),
(38, 43, 'João', 'Souza', 'GERENTE', 2, 'joao@neomode.com.br', NULL, NULL, '41992670769', NULL, '2018-03-01', NULL, NULL),
(39, 3, 'Manoela', 'Thieves', 'COORDENADOR', 2, 'Manoela.Thieves@bematech.com.br', NULL, NULL, '41 9256-8754', NULL, '2018-03-05', NULL, NULL),
(40, 14, 'Denis', NULL, 'ESTAGIÁRIO', 3, 'denisfreitas@gera.com.br', NULL, NULL, NULL, NULL, '2018-03-07', NULL, NULL),
(41, 41, 'Emile', NULL, 'GERENTE', 2, 'emile@nox.com.br', NULL, '98868-8218', NULL, NULL, '2018-03-08', NULL, NULL),
(42, 11, 'Glauber', NULL, 'ANALISTA', 3, 'aglauber@sancorseguros.com', NULL, NULL, NULL, NULL, '2018-03-08', NULL, NULL),
(43, 3, 'Marcelo', 'Bitencourt', 'GERENTE', 3, 'marcelo.bitencourt@totvsbematech.com.br', NULL, NULL, NULL, NULL, '2018-03-08', NULL, NULL),
(44, 7, 'Marcio', NULL, 'ANALISTA', 3, 'marcio.nakati@dpsp.com.br', NULL, NULL, NULL, NULL, '2018-03-08', NULL, NULL),
(45, 45, 'Narayane', NULL, 'ESTAGIÁRIO', 2, 'Narayane.teixeira@db1.com.br', NULL, NULL, NULL, NULL, '2018-03-13', NULL, NULL),
(46, 46, 'Edson Marcelo', 'Varella', 'CONSULTOR', 2, 'edson.varella@consisanet.com', NULL, NULL, '46-3520-1300', NULL, '2018-03-13', NULL, NULL),
(47, 47, 'Moacir Otavio', NULL, 'COORDENADOR', 2, 'mpietro@vidalink.com.br', NULL, '11 4225-9087', NULL, NULL, '2018-03-13', NULL, NULL),
(48, 48, 'Wagner', 'Marcondes', 'ANALISTA', 2, 'wagnermd@jmalucelliti.com.br', NULL, '995976311', NULL, NULL, '2018-03-13', NULL, NULL),
(49, 49, 'Diozani', NULL, 'GERENTE', 2, 'diozani@montreal.com.br', NULL, '31 3280 7607', NULL, NULL, '2018-03-20', NULL, NULL),
(50, 50, 'Anderson', 'Rosa', 'GERENTE', 2, 'anderson.rosa@ceabs.com.br', NULL, '41 9 8822 8172', NULL, NULL, '2018-03-20', NULL, NULL),
(51, 52, 'Jose', 'Amador Ribeiro Ubaldo Filho', 'COORDENADOR', 2, 'jose.ubaldo@gerdau.com.br', NULL, '11 3094-6302', '31 99977-6624', NULL, '2018-04-05', NULL, NULL),
(52, 53, 'Debora', 'Campos', 'COORDENADOR', 3, 'debora.campos@brf-br.com', NULL, '41 3401 9200', '41 99194 5772', '41 98412 8861', '2018-04-05', NULL, NULL),
(53, 53, 'Kassiano', 'Brizola', 'ANALISTA', 3, 'kassiano.brizola@brf-br.com', NULL, '41 3401 9994', '41 99743 7181', NULL, '2018-04-05', NULL, NULL),
(54, 54, 'Jarade', NULL, 'ANALISTA', 2, 'jade.magalhaes@cassiopae.com', NULL, NULL, NULL, NULL, '2018-04-16', NULL, NULL),
(55, 55, 'Flávio', 'Kato', 'DIRETOR', 2, 'flavio@solus.inf.br', NULL, NULL, NULL, NULL, '2018-04-16', NULL, NULL),
(56, 3, 'Alessandro', 'Rodrigues', 'COORDENADOR', 3, 'alessandro.rodrigues@bematechtotvs.com.br', NULL, NULL, NULL, NULL, '2018-04-16', NULL, NULL),
(57, 3, 'Jorge', 'Marcondes', 'COORDENADOR', 3, 'jorge.marcondes@bematechtotvs.com.br', NULL, NULL, NULL, NULL, '2018-04-16', NULL, NULL),
(58, 61, 'Cesar Tirolla', NULL, 'GERENTE', 3, 'cesar.tirolla@sicoobnortepr.com.br', NULL, NULL, NULL, NULL, '2018-04-18', NULL, NULL),
(59, 66, 'Ariadner', 'Borges', 'COORDENADOR', 2, 'ariadner.borges@citsmart.com', NULL, '62 3412 4929', '62 9 9822 0230', NULL, '2018-04-18', NULL, NULL),
(60, 4, 'Norberto', 'Enomoto', 'CONSULTOR', 3, 'norberto.enomoto@dxc.com', NULL, '11 4399-7333', '11 97215-5173', NULL, '2018-04-18', NULL, NULL),
(61, 67, 'Filipe', 'Daros', 'COORDENADOR', 2, 'filipe.daros@rumolog.com', NULL, '41 9 92374750', NULL, NULL, '2018-04-18', NULL, NULL),
(62, 68, 'Paulo Rossi', NULL, 'COORDENADOR', 2, 'psrossi@coamo.com.br', NULL, '4435998266', NULL, NULL, '2018-04-24', NULL, NULL),
(63, 69, 'Eduardo', 'Zifchak', 'DIRETOR', 2, 'eduardo@healthyou.com.br', NULL, '(41) 992693917', NULL, NULL, '2018-04-24', NULL, NULL),
(64, 11, 'Josiane', 'Sunelaitis', 'ANALISTA', 3, 'JSunelaitis@sancorseguros.com', NULL, '44 3046 5500 ramal 4554', NULL, NULL, '2018-04-24', NULL, NULL),
(65, 70, 'Luiz', 'Morgado', 'ANALISTA', 2, 'Luiz.morgado@ache.com.BR', NULL, '11 2608-6000', NULL, NULL, '2018-05-17', NULL, NULL),
(66, 70, 'Rodrigo', 'Silva', 'COORDENADOR', 2, 'rodrigo.silva@ache.com.br', NULL, '11 2608-6284', NULL, NULL, '2018-05-17', NULL, NULL),
(67, 71, 'Jefferson', 'Moreno', 'CONSULTOR', 2, 'JMORENO@AGRARIA.COM.BR', NULL, '42 3625 8110', NULL, NULL, '2018-05-17', NULL, NULL),
(68, 71, 'Paulo Roberto', 'Anzolin', 'COORDENADOR', 2, 'PANZOLIN@AGRARIA.COM.BR', NULL, '42 3625 8110', NULL, NULL, '2018-05-17', NULL, NULL),
(69, 72, 'JHONATAN', 'BRANCO', 'GERENTE', 2, 'JHONATAN.BRANCO@ALTENBURG.COM.BR', NULL, '(47) 3331-1565', NULL, NULL, '2018-05-17', NULL, NULL),
(70, 73, 'Juliana', 'Decenci', 'GERENTE', 2, 'amyrisbrasil@amyris.com', NULL, '(19) 3783-9450', NULL, NULL, '2018-05-17', NULL, NULL),
(71, 74, 'Mario', 'Toews', 'DIRETOR', 2, 'mtoews@arauco.com.br', NULL, '41 3217-7501', NULL, NULL, '2018-05-17', NULL, NULL),
(72, 75, 'Ana', 'Cristina', 'GERENTE', 2, 'ana.cristina@arcelormittal.com.br', NULL, '(31) 3217-4103', NULL, NULL, '2018-05-17', NULL, NULL),
(73, 76, 'Israel', 'Mello', 'GERENTE', 2, 'israel@atlas.ind.br', NULL, '46 3220-2524', NULL, NULL, '2018-05-17', NULL, NULL),
(74, 76, 'Marcelo Rogério', 'da Silva', 'COORDENADOR', 2, 'marcelo@atlas.ind.br', NULL, '46-2101-1010', NULL, NULL, '2018-05-17', NULL, NULL),
(75, 77, 'Achyles', 'Achyles Atherino Sobrinho', 'GERENTE', 2, 'Achyles.Sobrinho@volkswagen.com.br', NULL, ' 41 3381 3657', NULL, NULL, '2018-05-17', NULL, NULL),
(76, 78, 'André', 'Peretti', 'GERENTE', 2, 'andre.peretti@belagricola.com.br', NULL, NULL, NULL, NULL, '2018-05-17', NULL, NULL),
(77, 78, 'Renivaldo', 'Costa', 'COORDENADOR', 2, 'renivaldo.costa@belagricola.com.br', NULL, NULL, NULL, NULL, '2018-05-17', NULL, NULL),
(78, 79, 'Hector', 'Armstrong', 'GERENTE', 2, 'hector.armstrong@blount.com.br', NULL, '41 2169 5895', NULL, NULL, '2018-05-17', NULL, NULL),
(79, 80, 'Mauri', 'Castelar', 'GERENTE', 2, 'mauri.castelar@braskem.com', NULL, '11 3576-9000', NULL, NULL, '2018-05-17', NULL, NULL),
(80, 81, 'José Claudio', NULL, 'GERENTE', 2, 'jclaudio@braspine.com.br', NULL, '(43) 3535-8300', NULL, NULL, '2018-05-17', NULL, NULL),
(81, 82, 'Felipe', 'Reinaldo', 'GERENTE', 2, 'felipe.reinaldo@buhlergroup.com', NULL, '47 3027 8501', NULL, NULL, '2018-05-17', NULL, NULL),
(82, 83, 'Carlito Junior', 'Baessa', 'GERENTE', 2, 'carlito.baessa@cvale.com.br', NULL, '44-3649-8215', NULL, NULL, '2018-05-17', NULL, NULL),
(83, 84, 'Luis Carlos', 'Buono', 'GERENTE', 2, 'kimie@iguacu.com.br', NULL, '(43) 3401-1211 ', NULL, NULL, '2018-05-17', NULL, NULL),
(84, 84, 'Norma', 'Ducci', 'COORDENADOR', 2, 'kimie@iguacu.com.br', NULL, '(43) 3401-1211 r1258', NULL, NULL, '2018-05-17', NULL, NULL),
(85, 85, 'Luiz Fernando', 'S. Frederico', 'COORDENADOR', 2, 'luiz_frederico@castrolanda.coop.br', NULL, '(42) 3234-8000', NULL, NULL, '2018-05-17', NULL, NULL),
(86, 86, 'Adriano', 'Trota', 'GERENTE', 2, 'telefonista@chiesi.com', NULL, '(11) 3095-2300', '(11) 4622-8500', NULL, '2018-05-17', NULL, NULL),
(87, 87, 'Elvise', 'Bresciani', 'COORDENADOR', 2, 'Elvise.bresciani@ciser.com.br', NULL, '47 3441-3999', NULL, NULL, '2018-05-17', NULL, NULL),
(88, 88, 'Guilherme', 'Diegoli Jr.', 'GERENTE', 2, 'guilherme.diegoli@ciahering.com.br', NULL, '47 3321-3544', NULL, NULL, '2018-05-17', NULL, NULL),
(89, 88, 'Sandro', 'Bertotti', 'GERENTE', 2, 'sandro.bertotti@ciahering.com.br', NULL, '47 3321-3544', NULL, NULL, '2018-05-17', NULL, NULL),
(90, 89, 'Patricia Harumi', 'Mimura', 'GERENTE', 2, 'patricia.mimura@grupocimed.com.br', NULL, '(11) 3544-7200', NULL, NULL, '2018-05-17', NULL, NULL),
(91, 90, 'Jader', 'Pinto', 'GERENTE', 2, 'ti@conduspar.com.br', NULL, '2109-6000', NULL, NULL, '2018-05-17', NULL, NULL),
(92, 91, 'Jose Roberto', 'de Faria', 'GERENTE', 2, 'jose.farias@continental-corporation.com', NULL, '11 2423-3400', NULL, NULL, '2018-05-17', NULL, NULL),
(93, 92, 'Rogerio', 'Aver', 'GERENTE', 2, 'informatica@coopavel.com.br', NULL, '45 3220-5000', NULL, NULL, '2018-05-17', NULL, NULL),
(94, 92, 'Marcelo', NULL, 'GERENTE', 2, 'marcelo@coopavel.com.br', NULL, '45 3220-5000', NULL, NULL, '2018-05-17', NULL, NULL),
(95, 93, 'Vinicius', NULL, 'GERENTE', 2, 'vinicius@copacol.com.br', NULL, '(45) 3241-8080', NULL, NULL, '2018-05-17', NULL, NULL),
(96, 94, 'Emiliana', NULL, 'GERENTE', 2, 'emiliana@damyller.com.br', NULL, '48 3471-2000', NULL, NULL, '2018-05-17', NULL, NULL),
(97, 94, 'Fabio Eraldo', 'Damiani', 'GERENTE', 2, 'fabio.informatica@damyller.com.br', NULL, '48 3471-2000', NULL, NULL, '2018-05-17', NULL, NULL),
(98, 95, 'Ezauri', 'Coraiola', 'DIRETOR', 2, 'ezauri_coraiola@denso-diam.com', NULL, '2141-4300', NULL, NULL, '2018-05-17', NULL, NULL),
(99, 95, 'Olivio', 'Bortolli', 'GERENTE', 2, 'olivio_bortolli@denso.com.br', NULL, '2141-4300', NULL, NULL, '2018-05-17', NULL, NULL),
(100, 96, 'Gustavo', 'Valença Bertacini', 'GERENTE', 2, 'gustavo@dori.com.br', NULL, '14 3408-3000', NULL, NULL, '2018-05-17', NULL, NULL),
(101, 97, 'Julio Cesar', 'Van Vossen', 'GERENTE', 2, 'julio.vossen@duasrodas.com', NULL, '47 3372-9000', NULL, NULL, '2018-05-17', NULL, NULL),
(102, 97, 'Vanderlei A.', 'Rudnick', 'ANALISTA', 2, 'vanderlei.rudnick@duasrodas.com', NULL, '47 3372-6850', NULL, NULL, '2018-05-17', NULL, NULL),
(103, 98, 'Carlos', 'Martins', 'GERENTE', 2, 'Carlos.martins@electrolux.com', NULL, '41 3371 7536', NULL, NULL, '2018-05-17', NULL, NULL),
(107, 98, 'Flavio', 'Limãos', 'DIRETOR', 2, 'flavio.limaos@eletrolux.com', NULL, '41 3371 7412', NULL, NULL, '2018-05-17', NULL, NULL),
(105, 98, 'Miguel', 'Fileno', 'GERENTE', 2, 'Miguel.fileno@electrolux.com', NULL, '41 3371 7412', NULL, NULL, '2018-05-17', NULL, NULL),
(106, 98, 'Daniele', 'Ribeiro dos Santos', 'COORDENADOR', 2, 'daniele.santos@eletrolux.com', NULL, '41 3371 7412', NULL, NULL, '2018-05-17', NULL, NULL),
(108, 99, 'CARLOS', 'HOEPERS', 'GERENTE', 2, 'carlos.a.hoepers@embraco.com', NULL, '(47) 3441-2121', NULL, NULL, '2018-05-17', NULL, NULL),
(109, 100, 'Danielle', 'Nascimento', 'GERENTE', 2, 'danielle.nascimento@exxonmobil.com', NULL, '41 91444848', '41-3358-7772', NULL, '2018-05-17', NULL, NULL),
(110, 101, 'Daniel', 'Schafer', 'GERENTE', 2, 'daniel.schafer@faurecia.com', NULL, '(41) 4009-8613', NULL, NULL, '2018-05-17', NULL, NULL),
(111, 102, 'Cristiano', 'Citero', 'GERENTE', 2, 'cristiano.citero@fcagroup.com', NULL, '41 33914500', NULL, NULL, '2018-05-17', NULL, NULL),
(112, 103, 'Juliana', 'Marconato', 'COORDENADOR', 2, 'juliana.marconato@ferrero.com', NULL, '11 989213969', NULL, NULL, '2018-05-17', NULL, NULL),
(113, 104, 'Angela', 'Costa', 'ANALISTA', 2, 'angela.costa@fibria.com.br', NULL, '11 2138-4000', NULL, NULL, '2018-05-17', NULL, NULL),
(114, 105, 'Marcos', 'Martin', 'GERENTE', 2, 'marcos.guercio@grupoccr.com.br', NULL, '(15) 3259-8018', NULL, NULL, '2018-05-17', NULL, NULL),
(115, 106, 'Jovana', 'Russi', 'COORDENADOR', 2, 'contato@fischerfrutas.com', NULL, '49 32562399', NULL, NULL, '2018-05-17', NULL, NULL),
(116, 107, 'Luciano Andre', 'Baramarchi', 'GERENTE', 2, 'luciano.b@malwee.com.br', NULL, '47 9975-0075', '47 2107-7091', NULL, '2018-05-17', NULL, NULL),
(117, 107, 'Ermes', 'Ruck', 'DIRETOR', 2, 'ermes.r@malwee.com.br', NULL, '47 2107-7501', NULL, NULL, '2018-05-17', NULL, NULL),
(118, 107, 'Cleyton Davi', 'Hort', 'GERENTE', 2, 'cleyton.h@malwee.com.br', NULL, '47 2107-7501', NULL, NULL, '2018-05-17', NULL, NULL),
(119, 108, 'Luciano', 'Matsumoto', 'GERENTE', 2, 'luciano.matsumoto@hayamax.com.br', NULL, '43 3377-6600', NULL, NULL, '2018-05-17', NULL, NULL),
(120, 109, 'Marcelo Victor', 'Sachini', 'GERENTE', 4, 'marcelo.sachini@hraconsulting.com.br', NULL, NULL, NULL, NULL, '2018-05-17', NULL, NULL),
(121, 110, 'Harry', NULL, 'GERENTE', 1, 'harry@imah.com.br', NULL, NULL, NULL, NULL, '2018-05-17', NULL, NULL),
(122, 111, 'Sergio', 'Tessarolo Errero', 'GERENTE', 2, 'SERGIO@IMCOPA.COM.BR', NULL, '2141-8000', NULL, NULL, '2018-05-17', NULL, NULL),
(123, 112, 'Anderson', 'Bichibichi', 'GERENTE', 2, 'anderson.bichibichi@incepa.com.br', NULL, ' (41) 3391-1102', NULL, NULL, '2018-05-17', NULL, NULL),
(124, 113, 'Jose', 'Washington', 'GERENTE', 2, 'wash@itaipu.gov.br', NULL, '45 3520 5717', '45 9923 0699', NULL, '2018-05-17', NULL, NULL),
(125, 114, 'Fabio', 'Belemer Pereira', 'GERENTE', 2, 'fbpereira@klabin.com.br', NULL, '42-31285011', '42-91440353', NULL, '2018-05-17', NULL, NULL),
(126, 114, 'Rafael', 'Barbieri Fidelli', 'CONSULTOR', 2, 'rafael.fidelli@klabin.com.br', NULL, '42-31285011', NULL, NULL, '2018-05-17', NULL, NULL),
(127, 115, 'Alessandro', NULL, 'GERENTE', 2, 'alessandro@lavioletera.com.br', NULL, '3227-8240', NULL, NULL, '2018-05-17', NULL, NULL),
(128, 115, 'Raphael', NULL, 'ANALISTA', 2, 'raphael@lavioletera.com.br', NULL, '3227-8240', NULL, NULL, '2018-05-17', NULL, NULL),
(129, 116, 'Mario A.', 'Brisolla', 'GERENTE', 2, 'mbrisolla@lear.com', NULL, '11 961777446', NULL, NULL, '2018-05-17', NULL, NULL),
(130, 117, 'João', 'Cruz', 'DIRETOR', 2, 'joao.cruz@lecom.com.br', NULL, '14-98116-3000', '14-4009-8900', NULL, '2018-05-17', NULL, NULL),
(131, 118, 'Celi Luciano', 'Gonçalves', 'GERENTE', 2, 'celi@marcegaglia.com.br', NULL, '47-3431-6405', NULL, NULL, '2018-05-17', NULL, NULL),
(132, 119, 'Evandro', 'Diener', 'COORDENADOR', 2, 'evandro.diener@araucodobrasil.com.', NULL, '3219-1850', NULL, NULL, '2018-05-17', NULL, NULL),
(133, 120, 'Claudio Rogerio', 'Boatto', 'GERENTE', 2, 'claudio.boatto@milium.com.br', NULL, '47 3145 1083', NULL, NULL, '2018-05-17', NULL, NULL),
(134, 120, 'Cristiane', 'Silva', 'COORDENADOR', 2, 'cristiane.silva@milium.com.br', NULL, '47 3145 1083', NULL, NULL, '2018-05-17', NULL, NULL),
(135, 121, 'Marcelo', 'Favrin', 'GERENTE', 2, 'mafavr@monsanto.com', NULL, NULL, NULL, NULL, '2018-05-17', NULL, NULL),
(136, 121, 'Renan', 'Ranieri', 'COORDENADOR', 2, 'renan.sapmm@gmail.com', NULL, NULL, NULL, NULL, '2018-05-17', NULL, NULL),
(137, 122, 'Ricardo', 'Bianchi', 'ANALISTA', 2, 'rbianchi@noma.com.br', NULL, '44-3264-8000', NULL, NULL, '2018-05-17', NULL, NULL),
(138, 123, 'Jose Jr', NULL, 'GERENTE', 2, 'josejr@nso.com.br', NULL, NULL, NULL, NULL, '2018-05-17', NULL, NULL),
(139, 123, 'André', NULL, 'GERENTE', 2, 'engenharia@nso.com.br', NULL, NULL, NULL, NULL, '2018-05-17', NULL, NULL),
(140, 26, 'André', 'Guarenghi', 'DIRETOR', 2, 'aguarenghi@positivo.com.br', NULL, NULL, NULL, NULL, '2018-05-17', NULL, NULL),
(141, 26, 'Marcos Adriano', 'Bertoncello', 'GERENTE', 2, 'Mbertoncello@positivo.com.br', NULL, NULL, NULL, NULL, '2018-05-17', NULL, NULL),
(142, 26, 'Sidnei', 'Carvalho', 'ANALISTA', 2, 'scarvalho@positivo.com.br', NULL, NULL, NULL, NULL, '2018-05-17', NULL, NULL),
(143, 26, 'Vladimir', 'Montaguti', 'ANALISTA', 2, 'vladimirm@positivo.com.br', NULL, NULL, NULL, NULL, '2018-05-17', NULL, NULL),
(144, 124, 'Jamil', 'Pastuch', 'GERENTE', 2, 'jamil.pastuch@pratidonaduzzi.com.br', NULL, '(45) 2103-1166', NULL, NULL, '2018-05-17', NULL, NULL),
(145, 124, 'Rui', 'Rossi Dos Santos', 'GERENTE', 2, 'rui.santos@pratidonaduzzi.com.br', NULL, '(45) 2103-1264', NULL, NULL, '2018-05-17', NULL, NULL),
(146, 125, 'Helton', 'de Lima Polles', 'COORDENADOR', 2, 'helton.polles@providencia.com.br', NULL, '(41) 3381-8615', '(41) 9603-2520', NULL, '2018-05-17', NULL, NULL),
(147, 126, 'Rene', 'Fantini', 'DIRETOR', 2, 'rene.fantini@renault.com', NULL, '3380-2000', NULL, NULL, '2018-05-17', NULL, NULL),
(148, 127, 'Franki', 'Catafesta', 'COORDENADOR', 2, 'franki.catafesta@roggasa.com.br', NULL, '47-3032-3750', NULL, NULL, '2018-05-17', NULL, NULL),
(149, 67, 'Grassiane', 'Silva', 'COORDENADOR', 2, 'grassiane.silva@rumoall.com', NULL, '41 2141-7951', NULL, NULL, '2018-05-17', NULL, NULL),
(150, 67, 'Guilherme', 'Karatchuk', 'GERENTE', 2, 'guilherme.karatchuk@rumolog.com', NULL, '41 9698-6432', '41 2141-7906', NULL, '2018-05-17', NULL, NULL),
(151, 128, 'Luiz', 'Nakamura', 'GERENTE', 2, 'luiz.nakamura@stcruz.com.br', NULL, '41 3316 2265', NULL, NULL, '2018-05-17', NULL, NULL),
(152, 128, 'Nilton', 'Baleeiro', 'GERENTE', 2, 'nilton.baleeiro@stcruz.com.br', NULL, '41 2109-0040', NULL, NULL, '2018-05-17', NULL, NULL),
(153, 129, 'Fredy', NULL, 'GERENTE', 2, 'fredy@signovinces.com.br', NULL, NULL, NULL, NULL, '2018-05-17', NULL, NULL),
(154, 130, 'Denis', 'Oliveira', 'COORDENADOR', 2, 'dwoliveira@suzano.com.br', NULL, NULL, NULL, NULL, '2018-05-17', NULL, NULL),
(155, 131, 'Luis Alfredo', 'Todeschi', 'GERENTE', 2, 'ltodeschi@synchro.com.br', NULL, '41 9163-2953', '41 3312-1671', NULL, '2018-05-17', NULL, NULL),
(156, 132, 'Roberto', 'Galli', 'DIRETOR', 4, 'roberto.galli@targetsolucoes.com.br', NULL, NULL, NULL, NULL, '2018-05-17', NULL, NULL),
(157, 133, 'Afonso', 'Valentim Schwartz', 'COORDENADOR', 2, 'afonso.schwartz@tigre.com', NULL, '47-3441-5879', NULL, NULL, '2018-05-17', NULL, NULL),
(158, 133, 'Arlei', 'Duarte', 'COORDENADOR', 2, 'arlei.duarte@tigre.com', NULL, '47-3441-5041', NULL, NULL, '2018-05-17', NULL, NULL),
(159, 133, 'Osoria', 'Beatriz Bagatoli', 'GERENTE', 2, 'osoria.bagatoli@tigre.com', NULL, '47-3441-5041', NULL, NULL, '2018-05-17', NULL, NULL),
(160, 134, 'JACKSON', 'AGOSTINHO', 'GERENTE', 2, 'jackson.carvalho@tupy.com.br', NULL, '(47) 4009-8744', NULL, NULL, '2018-05-17', NULL, NULL),
(161, 135, 'Karina', 'Marcon', 'GERENTE', 2, 'karina.marcon@volvo.com', NULL, '(41) 3317-8111', NULL, NULL, '2018-05-17', NULL, NULL),
(162, 135, 'Mauro', 'Morgenstern', 'DIRETOR', 2, 'mauro.morgenstern@volvo.com', NULL, '41 3317-8091', NULL, NULL, '2018-05-17', NULL, NULL),
(163, 136, 'Daniel', 'Biaggio', 'GERENTE', 2, 'daniel.biaggio@vcimentos.com', NULL, '11 97240 7396', '11 4572 4922', NULL, '2018-05-17', NULL, NULL),
(164, 136, 'Daniel', 'Bulbarelli Martinez', 'COORDENADOR', 2, 'daniel.martinez@vcimentos.com', NULL, '41 3355 1491', NULL, NULL, '2018-05-17', NULL, NULL),
(165, 137, 'Jamir', 'de Macedo', 'GERENTE', 2, 'jamirm@weg.net', NULL, '47 3276 6323', NULL, NULL, '2018-05-17', NULL, NULL),
(166, 137, 'Sidnei', 'Brigido', 'CONSULTOR', 2, 'sbrigido@weg.net', NULL, '47 3276 6323', NULL, NULL, '2018-05-17', NULL, NULL),
(167, 138, 'Ilmari', 'Ceccato', 'GERENTE', 2, 'ilmari.ceccato@yara.com', NULL, NULL, NULL, NULL, '2018-05-17', NULL, NULL),
(168, 139, 'Silvio', 'de Almeida', 'COORDENADOR', 2, 'silvioalmeida@natura.net', NULL, '11 995654617', '11 4389 7774', NULL, '2018-06-05', 'Cajamar', 'SP');

-- --------------------------------------------------------

--
-- Estrutura para tabela `tb_contato_tipo`
--

CREATE TABLE `tb_contato_tipo` (
  `id` int(10) UNSIGNED NOT NULL,
  `str_nome` varchar(150) NOT NULL
) ENGINE=MyISAM DEFAULT CHARSET=utf8;

--
-- Fazendo dump de dados para tabela `tb_contato_tipo`
--

INSERT INTO `tb_contato_tipo` (`id`, `str_nome`) VALUES
(1, '1. Suspect'),
(2, '2. Prospect'),
(3, '3. Cliente ativo'),
(4, '4. Parceiro'),
(5, '5. Cliente inativo');

-- --------------------------------------------------------

--
-- Estrutura para tabela `tb_contratacao`
--

CREATE TABLE `tb_contratacao` (
  `id` int(10) UNSIGNED NOT NULL,
  `str_candidato_nome` varchar(150) NOT NULL,
  `dta_contratacao` date NOT NULL,
  `dta_demissao` date DEFAULT NULL,
  `bol_gestor` tinyint(4) DEFAULT '0'
) ENGINE=MyISAM DEFAULT CHARSET=utf8;

--
-- Fazendo dump de dados para tabela `tb_contratacao`
--

INSERT INTO `tb_contratacao` (`id`, `str_candidato_nome`, `dta_contratacao`, `dta_demissao`, `bol_gestor`) VALUES
(24, 'Antonio Marcos Pinto Fragoso Junior', '2017-11-28', NULL, NULL),
(22, 'Ana Tais Ribeiro de Jesus', '2018-01-02', '2018-03-26', NULL),
(21, 'Ana Paula Ireno dos Santos', '2018-01-22', '2018-03-23', NULL),
(20, 'Ana Luzia Santos Estrela', '2017-10-09', NULL, NULL),
(14, 'Ricardo Nuno Gomes Guerreiro', '2015-08-05', NULL, 0),
(18, 'Altamir Paz da Silva', '2015-01-23', NULL, NULL),
(17, 'Alexandre Wagner Correa', '2017-10-09', '2018-04-03', NULL),
(26, 'Claudio Harmuch Junior', '2017-11-20', NULL, NULL),
(27, 'Diego Peres Teijeira', '2018-01-22', '2018-04-20', NULL),
(28, 'Diego Azevedo Mello', '2017-10-25', NULL, NULL),
(29, 'Dione Pazzeto Blasius', '2017-12-10', '2018-04-16', NULL),
(30, 'Djeniffer Bruggemann Cordeiro', '2015-01-14', NULL, NULL),
(31, 'Eduardo Neffi Toporoski', '2018-01-04', '2018-05-30', NULL),
(204, 'ANA OLIVEIRA', '2018-05-01', NULL, 1),
(33, 'Fernanda Lessa Gonçalves dos Santos', '2017-10-25', NULL, NULL),
(34, 'Fernando Henrique Rocha Brito', '2017-10-09', '2018-05-10', NULL),
(35, 'Adriano da Silva', '2017-04-06', NULL, 0),
(36, 'Adriano Paes de Almeida', '2017-05-22', NULL, 0),
(37, 'Alex Andrade Esperança', '2018-02-07', '2018-04-16', NULL),
(40, 'Alessandro Felipe Silva Chagas', '2018-01-23', '2018-03-14', NULL),
(41, 'Ana Carolina Guellere Daminelli', '2016-04-06', NULL, 0),
(45, 'André Luis Cassaniga', '2013-11-27', NULL, 0),
(46, 'Angel Fabiano Pereira', '2017-10-23', NULL, 0),
(48, 'Antonio Marcos Pinto Fragoso Junior', '2017-11-28', NULL, 0),
(49, 'Anibal Ferracini Neto', '2018-02-27', NULL, 0),
(50, 'Bruna Nunes Santos', '2017-05-23', NULL, 0),
(51, 'Camila Araujo Valt', '2016-12-21', '2018-03-29', NULL),
(52, 'Camila Nunes', '2016-12-16', '2018-05-02', NULL),
(53, 'Carla Micheli de Oliveira Floriani', '2015-11-09', '2018-04-20', NULL),
(54, 'Carlos Costa Carvalho', '2014-04-22', NULL, 0),
(55, 'Cintia Scheid Haoach', '2015-06-15', NULL, 1),
(56, 'Clarissa Paranhos Dias Coutinho Lopes Santos', '2017-10-16', NULL, 0),
(58, 'Cleiton Antonio Medeiros', '2017-08-28', NULL, 0),
(59, 'Cleiton Rodrigues de Almeida', '2017-08-14', NULL, 0),
(60, 'Cleverson Alves dos Santos', '2016-09-21', NULL, 0),
(61, 'Daniel Haluch', '2017-08-14', '2018-05-24', NULL),
(62, 'Daniel Rodrigues Kovacz', '2017-08-28', '2018-03-23', NULL),
(63, 'Desirée Carolina Moreira', '2014-05-19', NULL, 0),
(64, 'Dieferson Douglas Hypólito', '2014-08-04', NULL, 0),
(67, 'Diego Marcondes Grael', '2018-02-14', NULL, 0),
(71, 'Elisa de Mattos dos Santos', '2016-07-20', NULL, 0),
(72, 'Eliane Ferreira Lopes', '2017-08-14', NULL, 0),
(73, 'Erika Cristina de Almeida Brito', '2017-09-11', NULL, 0),
(74, 'Estéfane Cristine de Oliveira Braga', '2017-07-25', NULL, 0),
(75, 'Estevão Dias Ribeiro', '2017-04-26', NULL, 0),
(76, 'Eurice dos Santos Ribeiro', '2017-08-07', NULL, 0),
(77, 'Fabio Nakazoni', '2018-02-19', NULL, 1),
(78, 'Fabricio Farias Basso', '2013-04-08', NULL, NULL),
(79, 'Felipe Andre da Silva', '2017-05-02', NULL, 0),
(80, 'Felipe Godinho', '2017-11-06', NULL, 0),
(203, 'EVERTON LOPES ARANTES', '2008-01-01', NULL, 1),
(169, 'Caio Petitto Bassi', '2018-03-19', NULL, NULL),
(83, 'Gabriel Musse Nicoleli', '2016-05-16', NULL, 0),
(84, 'Giuliano Purcino', '2016-07-14', NULL, 0),
(85, 'Girlan Santos Cerqueira Menezes', '2018-01-30', NULL, 0),
(86, 'Giovana Riato Veiga', '2018-04-02', NULL, NULL),
(87, 'Guilherme Silva Medeiros', '2016-07-14', NULL, 1),
(88, 'Gustavo Antues Barroso', '2017-06-19', NULL, 0),
(89, 'Hadelen Helene Camile de Lima', '2017-09-04', NULL, 0),
(90, 'Henrique Tavares de Souza', '2017-09-04', NULL, 0),
(91, 'Igor Saiene Macedo Viana e Silva', '2018-03-05', NULL, 0),
(92, 'Isabel Cristina Cezar Groque', '2017-10-23', NULL, 0),
(93, 'Isabella Donina Baiçar Pirani', '2016-03-07', '2018-03-31', NULL),
(94, 'Isabelle Alves de Lima', '2017-12-04', '2018-03-16', NULL),
(95, 'Jamilla da Hora Santos', '2017-10-09', NULL, 0),
(96, 'Juliana Cleto Moura', '2018-02-15', '2018-04-16', NULL),
(97, 'Jeferson do Canto Olsson', '2017-08-28', NULL, 0),
(98, 'Jeferson Ferreira Silva', '2017-08-14', '2018-05-14', NULL),
(99, 'João Fernando Baia Rosa', '2017-11-09', NULL, 0),
(100, 'Joice Aparecida Barbosa', '2017-08-21', NULL, 0),
(101, 'Kelly Regina Endlich', '2016-08-08', NULL, 0),
(102, 'Lennon Avena Sales de Lima', '2017-11-20', '2018-03-30', NULL),
(103, 'Leduan Rodrigues Moreira ', '2017-12-18', NULL, 0),
(104, 'Lilian Cabral', '2017-10-10', '2018-03-12', NULL),
(105, 'Lilian Raphaele Kasprzak', '2018-02-19', NULL, 0),
(106, 'Lorena Coelho Pimentel', '2017-08-07', '2018-03-19', NULL),
(107, 'Luan da Silva Alves ', '2018-02-19', NULL, 0),
(108, 'Lucas Costa Ribeiro', '2017-06-26', NULL, 0),
(109, 'Lucas Neves dos Santos', '2017-10-16', '2018-05-25', NULL),
(110, 'Luis Fernando Batista Veloso', '2017-08-28', NULL, 0),
(111, 'Luiz Ellison Wippel', '2017-11-06', NULL, 0),
(112, 'Maikerson França Guillande', '2018-01-29', NULL, 0),
(113, 'Marcelo Lopes Silveira', '2017-06-26', NULL, 0),
(114, 'Matheus Roberto Wosniak Hunger', '2017-12-11', NULL, 0),
(115, 'Michele Novicki', '2017-11-14', NULL, 0),
(116, 'Michele Cristina de Moraes', '2017-12-26', NULL, 0),
(117, 'Moacir Bieleski Junior', '2017-05-11', '2018-04-06', NULL),
(118, 'Monica Silva Pinho Rodrigues', '2017-09-01', NULL, 0),
(119, 'Morghana Caroline Anhaia dos Santos', '2017-07-17', NULL, 0),
(120, 'Neila Rios Almeida Fair', '2017-08-14', '2018-04-20', NULL),
(121, 'Paulo Cabral', '2018-02-05', NULL, 0),
(122, 'Paulo Luiz Patrinhani', '2017-11-06', NULL, 0),
(123, 'Paulo Roberto Lopes de Souza', '2017-06-26', NULL, 0),
(124, 'Pedro Octavio Rodrigues de Andrade', '2015-08-18', '2018-04-18', NULL),
(125, 'Raphael Borowiak Pereira', '2017-04-03', '2018-05-07', NULL),
(126, 'Rafael Cidral da Costa', '2018-01-25', NULL, 0),
(127, 'Renato Aurélio Cerqueira de Oliveira', '2017-04-04', NULL, 0),
(128, 'Renato  Drozdek Junior', '2018-01-17', NULL, 0),
(130, 'Robson Eduardo da Cruz', '2017-08-01', NULL, 0),
(131, 'Rosimari da Silva Senra', '2014-07-01', NULL, 0),
(132, 'Samantha Soares Coutinho Heil', '2017-01-17', NULL, 0),
(133, 'Samuel Moreira', '2017-11-14', '2018-04-03', NULL),
(134, 'Samuel Panegassi Milani', '2017-10-16', '2018-03-29', NULL),
(135, 'Silmara Maria da Silva', '2017-10-03', '2018-04-27', NULL),
(136, 'Sheila Magalhães Vilas Bôas', '2017-07-27', NULL, 0),
(137, 'Thamiris Mylius Monteiro', '2014-07-21', NULL, 0),
(138, 'Thiago Kosovski', '2015-02-12', NULL, 0),
(139, 'Thiago Stocco', '2018-02-12', '2018-04-13', NULL),
(140, 'Vitor Soares de Assis', '2017-09-06', NULL, 0),
(141, 'Victor Hugo de Oliveira', '2017-08-21', NULL, 0),
(142, 'Vivian Raia Charrouf', '2015-09-14', NULL, 0),
(143, 'Wellington da Silva Carvalho', '2015-10-01', NULL, 0),
(144, 'Willian Rafael Roviller Reis', '2012-01-30', NULL, 0),
(145, 'Adilson da Silva Junior', '2018-02-09', NULL, 0),
(146, 'Alexandre Correa dos Santos do Amaral', '2017-08-24', NULL, 0),
(147, 'Alexandre Pereira da Silva', '2017-09-11', NULL, 0),
(148, 'Angelica Souza', '2014-06-18', NULL, 1),
(149, 'Davi de Carvalho Ribeiro', '2017-11-01', '2018-04-06', NULL),
(150, 'Diego Alexandre Paulino', '2017-06-07', NULL, 0),
(151, 'Douglas Ferreira Santos', '2017-08-07', NULL, 0),
(153, 'Fabiano BuraKoski Ribeiro Elias', '2014-02-05', NULL, 0),
(155, 'Felipe Schultz Guimarães', '2017-08-30', '2018-05-25', NULL),
(156, 'Fernanda Garcia Santos', '2017-08-01', NULL, 1),
(157, 'Gabriel Augusto Gimenes', '2017-04-17', NULL, 0),
(158, 'Gilberto Nogueira', '2016-12-19', NULL, 0),
(159, 'Luciano Nascimento', '2017-06-19', NULL, 0),
(160, 'Luiz Fernando Conzatti Benetti', '2017-08-07', '2018-03-23', 1),
(161, 'Marcelo Raposo Antão', '2017-08-01', NULL, 0),
(162, 'Marcelo Henrique Kagueyama', '2018-03-01', NULL, 0),
(163, 'Marcio Pires Cunha', '2017-07-26', '2018-03-02', NULL),
(164, 'Natália Nunez Silva', '2018-02-02', '2018-04-27', NULL),
(165, 'Reinaldo Pereira Guedes Junior', '2018-02-15', NULL, 0),
(166, 'Thiago Augusto Borges', '2017-04-17', NULL, 0),
(167, 'Vitor Nathale do Nascimento', '2017-06-19', NULL, 0),
(168, 'William Wagner Arantes Filho', '2017-12-20', NULL, 0),
(170, 'Aline de Oliveira Souza', '2018-03-28', NULL, NULL),
(202, 'Juliana Neves Lorenzi', '2018-06-06', NULL, NULL),
(172, 'Eder Wentz', '2018-03-27', NULL, NULL),
(201, 'Michele Garcia', '2018-06-04', NULL, NULL),
(174, 'Thiago Schmalz Valle Evangelista', '2018-03-27', NULL, NULL),
(200, 'Fabio Nakazoni', '2018-02-19', NULL, NULL),
(176, 'Marcos Henrique Dal Santo de Abreu', '2018-04-02', NULL, NULL),
(177, 'Marielle Folador Camargo', '2018-04-23', NULL, NULL),
(178, 'Matheus dos Santos Maliska', '2018-04-02', NULL, NULL),
(179, 'Pedro Alberto de Borba', '2018-04-25', NULL, NULL),
(180, 'Rafael Rodrigues da Silva', '2018-04-23', NULL, NULL),
(181, 'Sara Ferreira dos Santos Gomes', '2018-04-03', '2018-05-09', NULL),
(182, 'Vinicius Trancoso Santos Franco', '2018-04-02', NULL, NULL),
(183, 'Yasmin de Oliveira Ismat Kamal', '2018-04-16', NULL, NULL),
(184, 'Aldeny Tiago dos Reis', '2018-04-23', '2018-05-18', NULL),
(185, 'Nathan Guilherme Gomes', '2018-04-23', NULL, NULL),
(186, 'Allan David Giffhorn', '2018-05-03', NULL, NULL),
(187, 'Alvaro Martins Kanha', '2018-05-10', NULL, NULL),
(188, 'Cristiano Zillmann', '2018-05-14', NULL, NULL),
(189, 'Felipe Schultz Ribeiro', '2018-05-16', NULL, NULL),
(190, 'Felipe Schultz Guimarães', '2018-05-28', NULL, NULL),
(191, 'Graziela Salvalaio Paludo Rizzo', '2018-05-21', NULL, NULL),
(192, 'Jheniffer Dayane Batista de Brito', '2018-05-30', NULL, NULL),
(193, 'Lucas Redieske Mueller', '2018-05-16', NULL, NULL),
(194, 'Luiz Vitor de Souza de Siqueira', '2018-05-21', NULL, NULL),
(195, 'Maikon Douglas Oliveira da Silva', '2018-05-30', NULL, NULL),
(196, 'Orlando Alves de Souza Junior', '2018-05-23', NULL, NULL),
(197, 'Rodrigo Lunardi de Souza Cardoso', '2018-05-23', NULL, NULL),
(198, 'Silmara Nunes Vanelli', '2018-05-14', NULL, NULL),
(199, 'Henrique de Cara Oliveira', '2018-02-26', '2018-03-01', NULL);

-- --------------------------------------------------------

--
-- Estrutura para tabela `tb_contrato`
--

CREATE TABLE `tb_contrato` (
  `id` int(10) UNSIGNED NOT NULL,
  `empresa_id` int(10) UNSIGNED NOT NULL,
  `str_nome` varchar(150) NOT NULL,
  `dta_inicio` date NOT NULL,
  `dta_termino` date DEFAULT NULL,
  `str_detalhes` text,
  `str_anexo` varchar(150) DEFAULT NULL,
  `bol_status` tinyint(4) DEFAULT '1'
) ENGINE=MyISAM DEFAULT CHARSET=utf8;

--
-- Fazendo dump de dados para tabela `tb_contrato`
--

INSERT INTO `tb_contrato` (`id`, `empresa_id`, `str_nome`, `dta_inicio`, `dta_termino`, `str_detalhes`, `str_anexo`, `bol_status`) VALUES
(1, 34, 'Alocação Aerofarma', '2015-01-04', '2019-01-04', 'Alocação Ricardo Guerreiro', NULL, 1),
(2, 14, 'Alocação de pessoas - Campinas', '2018-01-23', NULL, 'duas pessoas alocadas\r\nDiego Grael e Diego Teijeira', NULL, 1),
(3, 51, 'Projeto Sefaz BA', '2018-08-05', NULL, NULL, NULL, 1),
(4, 53, 'PRIME CONTROL - Proposta # 1016 -BRF -Piloto Testes SAP', '2016-11-29', '2017-03-31', 'Primeiro contrato com a BRF.\r\nProjeto Piloto.\r\nAlocação de um gestor de projeto + 2 analistas.', NULL, 1),
(5, 53, 'Aditivo 01 ao contrato PRIME CONTROL - Proposta # 1016 -BRF -Piloto Testes SAP', '2017-03-06', '2017-04-07', 'Aditivo para incluir mais 30 dias de automação no Piloto de Testes SAP.', NULL, 1),
(6, 53, 'Aditivo 02 ao contrato PRIME CONTROL - Proposta # 1016 -BRF -Piloto Testes SAP2', '2017-06-19', '2018-01-19', 'Aditivo 02 ao contrato PRIME CONTROL - Proposta # 1016 -BRF -Piloto Testes SAP2\r\nFoi registrado como um aditivo ao contrato original por solicitação da Debora Campos coordenadora da BRF. Para que não fosse necessário fazer toda homologação de fornecedor novamente.\r\nMas tratasse de um novo contrato com escopo novo, valores novos, equipe nova. \r\nProjeto 4U - Migração de versão SAP para EHP8', NULL, 1),
(7, 53, 'Aditivo 03 ao contrato PRIME CONTROL - Proposta # 1016 -BRF -Piloto Testes SAP', '2018-01-22', '2018-12-31', 'Aditivo 03 ao contrato PRIME CONTROL - Proposta # 1016 -BRF -Piloto Testes SAP\r\nNovamente a Debora solicitou para trabalharmos como aditivo ao contrato original.\r\né um novo projeto. Alocação de 2 analistas de testes durante o ano de 2018. Sob a gestão da BRF.', NULL, 1);

-- --------------------------------------------------------

--
-- Estrutura para tabela `tb_empresa`
--

CREATE TABLE `tb_empresa` (
  `id` int(10) UNSIGNED NOT NULL,
  `str_nome_fantasia` varchar(150) NOT NULL,
  `field3` varchar(40) DEFAULT NULL,
  `field4` varchar(40) DEFAULT NULL,
  `cidade` varchar(150) DEFAULT NULL,
  `uf` varchar(2) DEFAULT NULL,
  `relacionamento_id` int(10) UNSIGNED DEFAULT NULL,
  `str_responsavel` int(10) UNSIGNED DEFAULT NULL
) ENGINE=MyISAM DEFAULT CHARSET=utf8;

--
-- Fazendo dump de dados para tabela `tb_empresa`
--

INSERT INTO `tb_empresa` (`id`, `str_nome_fantasia`, `field3`, `field4`, `cidade`, `uf`, `relacionamento_id`, `str_responsavel`) VALUES
(1, 'SAEDigital', NULL, NULL, NULL, NULL, 3, 4),
(2, 'Lojas KD', NULL, NULL, 'Pinhais', 'PR', 1, 10),
(3, 'Bematech', NULL, NULL, NULL, NULL, NULL, NULL),
(4, 'DXC', NULL, NULL, NULL, NULL, 3, 4),
(5, 'Faurecia', NULL, NULL, NULL, NULL, NULL, NULL),
(6, 'HPE', NULL, NULL, NULL, NULL, NULL, NULL),
(7, 'DPSP', NULL, NULL, NULL, NULL, NULL, NULL),
(45, 'DB1', NULL, NULL, NULL, NULL, 2, 4),
(9, 'Prime Control', NULL, NULL, NULL, NULL, 4, 10),
(10, 'Site-X', NULL, NULL, NULL, NULL, NULL, NULL),
(11, 'Sancor Seguros', NULL, NULL, NULL, NULL, 3, 4),
(12, 'DB1', NULL, NULL, NULL, NULL, NULL, NULL),
(47, 'Vidalink', NULL, NULL, NULL, NULL, 2, 4),
(14, 'Gera', NULL, NULL, NULL, NULL, 3, 4),
(15, 'BRK Ambiental', NULL, NULL, NULL, NULL, NULL, NULL),
(16, 'TCP', NULL, NULL, NULL, NULL, 3, NULL),
(18, 'Grupo Boticário', NULL, NULL, NULL, NULL, 3, 9),
(19, 'DRB Marketing', NULL, NULL, NULL, NULL, 4, 10),
(21, 'Grupo Itss', NULL, NULL, NULL, NULL, NULL, NULL),
(22, 'Softpar', NULL, NULL, NULL, NULL, NULL, NULL),
(23, 'Finaxis', NULL, NULL, NULL, NULL, 2, 4),
(24, 'Unimed Londrina', NULL, NULL, NULL, NULL, 3, 4),
(25, 'Velsis', NULL, NULL, NULL, NULL, 2, NULL),
(26, 'Grupo Positivo', NULL, NULL, NULL, NULL, 2, 7),
(27, 'Sysmo Sistemas', NULL, NULL, NULL, NULL, NULL, NULL),
(28, 'Touron', NULL, NULL, NULL, NULL, NULL, NULL),
(29, 'W3haus', NULL, NULL, NULL, NULL, NULL, NULL),
(30, 'Superdigital', NULL, NULL, NULL, NULL, 5, NULL),
(31, 'Linx', NULL, NULL, NULL, NULL, 3, NULL),
(32, 'Linx Cascavel', NULL, NULL, NULL, NULL, 3, NULL),
(46, 'Consisa', NULL, NULL, NULL, NULL, 2, 4),
(34, 'Aerofarma', NULL, NULL, NULL, NULL, 3, NULL),
(35, 'FIEP PR', NULL, NULL, NULL, NULL, NULL, NULL),
(36, 'PUC PR', NULL, NULL, NULL, NULL, 1, NULL),
(37, 'R2Tech', NULL, NULL, NULL, NULL, 3, NULL),
(38, 'Unimed Paraná', NULL, NULL, NULL, NULL, NULL, NULL),
(39, 'DB1', NULL, NULL, NULL, NULL, NULL, NULL),
(44, 'Sascar', NULL, NULL, NULL, NULL, 3, 8),
(41, 'Nox Automação', NULL, NULL, NULL, NULL, NULL, NULL),
(42, 'Cecred', NULL, NULL, NULL, NULL, NULL, NULL),
(43, 'Neomode', NULL, NULL, NULL, NULL, 2, 4),
(48, 'Paraná Banco', NULL, NULL, NULL, NULL, 2, 4),
(49, 'Montreal Sistemas', NULL, NULL, NULL, NULL, 2, 4),
(50, 'CEABS', NULL, NULL, NULL, NULL, 2, 4),
(51, 'Sefaz BA', NULL, NULL, NULL, NULL, 3, 10),
(52, 'GERDAU', NULL, NULL, NULL, NULL, 2, 7),
(53, 'BRF', NULL, NULL, NULL, NULL, 3, 7),
(54, 'Cassiopae', NULL, NULL, NULL, NULL, 2, 4),
(55, 'Solus', NULL, NULL, NULL, NULL, 2, 4),
(56, 'Avianca', NULL, NULL, NULL, NULL, 3, 10),
(57, 'D. Paschoal', NULL, NULL, NULL, NULL, 3, 10),
(58, 'Magazine Luiza', NULL, NULL, NULL, NULL, 3, 10),
(59, 'Mirum', NULL, NULL, NULL, NULL, 3, 10),
(60, 'PRF', NULL, NULL, NULL, NULL, 3, 10),
(61, 'Sicoob', NULL, NULL, NULL, NULL, 3, 4),
(62, 'Sofhar', NULL, NULL, NULL, NULL, 3, 10),
(63, 'Prodam SP', NULL, NULL, NULL, NULL, 3, 10),
(64, 'Drogaria Onofre', NULL, NULL, NULL, NULL, 3, 10),
(65, 'Madero', NULL, NULL, NULL, NULL, 3, 10),
(66, 'Citsmart', NULL, NULL, NULL, NULL, 2, 4),
(67, 'Rumo Log', NULL, NULL, NULL, NULL, 2, 4),
(68, 'Coamo', NULL, NULL, NULL, NULL, 2, 4),
(69, 'Health You', NULL, NULL, NULL, NULL, 2, 4),
(70, 'Aché Laboratórios', NULL, NULL, NULL, NULL, 2, 7),
(71, 'Agraria', NULL, NULL, NULL, NULL, 2, 7),
(72, 'Altenburg', NULL, NULL, NULL, NULL, 2, 7),
(73, 'AMYRIS do BRASIL', NULL, NULL, NULL, NULL, 2, 7),
(74, 'Arauco do Brasil', NULL, NULL, NULL, NULL, 2, 7),
(75, 'ArcelorMittal Sistemas', NULL, NULL, NULL, NULL, 2, 7),
(76, 'Atlas Eletrodomésticos', NULL, NULL, NULL, NULL, 2, 7),
(77, 'AUDI/Volkswagen', NULL, NULL, NULL, NULL, 2, 7),
(78, 'BELAGRICOLA', NULL, NULL, NULL, NULL, 2, 7),
(79, 'BLOUNT INDUSTRIAL LTDA - OREGON', NULL, NULL, NULL, NULL, 2, 7),
(80, 'Braskem S/A', NULL, NULL, NULL, NULL, 2, 7),
(81, 'Braspine', NULL, NULL, NULL, NULL, 2, 7),
(82, 'Buhler S.A', NULL, NULL, NULL, NULL, 2, 7),
(83, 'C.Vale Cooperativa Agroindustrial', NULL, NULL, NULL, NULL, 2, 7),
(84, 'CAFÉ IGUAÇU', NULL, NULL, NULL, NULL, 2, 7),
(85, 'Castrolanda Cooperativa Agroindustrial', NULL, NULL, NULL, NULL, 2, 7),
(86, 'Chiesi Farmaceutica Ltda', NULL, NULL, NULL, NULL, 2, 7),
(87, 'CISER - Cia Industrial H Carlos Schneider', NULL, NULL, NULL, NULL, 2, 7),
(88, 'Cia. Hering', NULL, NULL, NULL, NULL, 2, 7),
(89, 'Cimed', NULL, NULL, NULL, NULL, 2, 7),
(90, 'Conduspar Condutores Elétricos Ltda', NULL, NULL, NULL, NULL, 2, 7),
(91, 'Continental Automotive do Brasil', NULL, NULL, NULL, NULL, 2, 7),
(92, 'Coopavel Cooperativa Agroindutrial', NULL, NULL, NULL, NULL, 2, 7),
(93, 'Copacol-Cooperativa Agroindustrial Consolata', NULL, NULL, NULL, NULL, 2, 7),
(94, 'DAMYLLER', NULL, NULL, NULL, NULL, 2, 7),
(95, 'Denso', NULL, NULL, NULL, NULL, 2, 7),
(96, 'Dori Alimentos Ltda', NULL, NULL, NULL, NULL, 2, 7),
(97, 'Duas Rodas Industrial Ltda', NULL, NULL, NULL, NULL, 2, 7),
(98, 'Electrolux do Brasil', NULL, NULL, NULL, NULL, 2, 7),
(99, 'Embraco', NULL, NULL, NULL, NULL, 2, 7),
(100, 'ExxonMobil', NULL, NULL, NULL, NULL, 2, 7),
(101, 'Faurecia', NULL, NULL, NULL, NULL, 2, 7),
(102, 'FCA Group', NULL, NULL, NULL, NULL, 2, 7),
(103, 'Ferrero Rocher', NULL, NULL, NULL, NULL, 2, 7),
(104, 'FIBRIA', NULL, NULL, NULL, NULL, 2, 7),
(105, 'Grupo CCR - Companhia de Concessões Rodoviárias', NULL, NULL, NULL, NULL, 2, 7),
(106, 'Grupo FISCHER', NULL, NULL, NULL, NULL, 2, 7),
(107, 'Grupo Malwee', NULL, NULL, NULL, NULL, 2, 7),
(108, 'Hayamax', NULL, NULL, NULL, NULL, 2, 7),
(109, 'HRA Consultoria', NULL, NULL, NULL, NULL, 4, 7),
(110, 'IMAH Indústria de Máquinas', NULL, NULL, NULL, NULL, 2, 7),
(111, 'IMCOPA', NULL, NULL, NULL, NULL, 2, 7),
(112, 'Incepa Revestimentos Cerâmicos Ltda', NULL, NULL, NULL, NULL, 2, 7),
(113, 'Itaipu Binacional', NULL, NULL, NULL, NULL, 2, 7),
(114, 'KLABIN', NULL, NULL, NULL, NULL, 2, 7),
(115, 'La Violetera', NULL, NULL, NULL, NULL, 2, 7),
(116, 'Lear Corporation', NULL, NULL, NULL, NULL, 2, 7),
(117, 'LECOM BPM', NULL, NULL, NULL, NULL, 2, 7),
(118, 'Marcegaglia do Brasil Ltda', NULL, NULL, NULL, NULL, 2, 7),
(119, 'Masisa do Brasil Ltda', NULL, NULL, NULL, NULL, 2, 7),
(120, 'Milium', NULL, NULL, NULL, NULL, 2, 7),
(121, 'Monsanto', NULL, NULL, NULL, NULL, 2, 7),
(122, 'Noma do Brasil', NULL, NULL, NULL, NULL, 2, 7),
(123, 'NSO. Borrachas', NULL, NULL, NULL, NULL, 2, 7),
(124, 'Prati Donaduzzi', NULL, NULL, NULL, NULL, 2, 7),
(125, 'Providência', NULL, NULL, NULL, NULL, 2, 7),
(126, 'RENAULT', NULL, NULL, NULL, NULL, 2, 7),
(127, 'Rôgga Construtora', NULL, NULL, NULL, NULL, 2, 7),
(128, 'Santa Cruz Distribuidora de Medicamentos', NULL, NULL, NULL, NULL, 2, 7),
(129, 'Signo Vinces Equipamentos Odontológicos', NULL, NULL, NULL, NULL, 2, 7),
(130, 'Suzano Papel e Celulose', NULL, NULL, NULL, NULL, 2, 7),
(131, 'Synchro Solução Fiscal Brasil', NULL, NULL, NULL, NULL, 2, 7),
(132, 'Target', NULL, NULL, NULL, NULL, 4, 7),
(133, 'Tigre S.A', NULL, NULL, NULL, NULL, 2, 7),
(134, 'Tupy S.A.', NULL, NULL, NULL, NULL, 2, 7),
(135, 'Volvo do Brasil', NULL, NULL, NULL, NULL, 2, 7),
(136, 'Votorantim Cimentos', NULL, NULL, NULL, NULL, 2, 7),
(137, 'Weg Industrias SA', NULL, NULL, NULL, NULL, 2, 7),
(138, 'YARA', NULL, NULL, NULL, NULL, 2, 7),
(139, 'Natura Cosméticos', NULL, NULL, 'Cajamar', 'SP', 2, 7);

-- --------------------------------------------------------

--
-- Estrutura para tabela `tb_entrevista`
--

CREATE TABLE `tb_entrevista` (
  `id` int(10) UNSIGNED NOT NULL,
  `vaga_id` int(10) UNSIGNED NOT NULL,
  `dta` date NOT NULL,
  `recrutador_id` int(10) UNSIGNED NOT NULL,
  `empresa_id` int(10) UNSIGNED NOT NULL,
  `int_qtd_contatos` smallint(6) NOT NULL,
  `int_qtd_entrevistas` smallint(6) NOT NULL,
  `int_qtd_encaminhamentos` smallint(6) NOT NULL
) ENGINE=MyISAM DEFAULT CHARSET=utf8;

--
-- Fazendo dump de dados para tabela `tb_entrevista`
--

INSERT INTO `tb_entrevista` (`id`, `vaga_id`, `dta`, `recrutador_id`, `empresa_id`, `int_qtd_contatos`, `int_qtd_entrevistas`, `int_qtd_encaminhamentos`) VALUES
(1, 57, '2018-03-08', 1, 44, 6, 0, 0),
(2, 40, '2018-03-08', 1, 3, 7, 0, 0),
(3, 27, '2018-03-09', 3, 3, 8, 4, 1),
(4, 52, '2018-03-08', 6, 4, 2, 1, 0),
(5, 52, '2018-03-09', 6, 4, 1, 1, 0),
(6, 54, '2018-03-09', 3, 4, 4, 3, 1),
(7, 34, '2018-03-09', 3, 18, 6, 4, 2),
(8, 57, '2018-03-09', 1, 44, 6, 0, 0),
(9, 26, '2018-03-09', 1, 3, 3, 0, 0),
(10, 41, '2018-03-08', 1, 3, 3, 0, 0),
(11, 40, '2018-03-09', 1, 3, 5, 0, 0),
(12, 54, '2018-03-12', 3, 4, 2, 1, 0),
(13, 53, '2018-03-12', 3, 3, 3, 1, 0),
(14, 55, '2018-03-12', 3, 3, 4, 3, 3),
(15, 33, '2018-03-12', 3, 18, 3, 2, 1),
(16, 35, '2018-03-12', 3, 18, 6, 4, 2),
(17, 36, '2018-03-12', 3, 18, 6, 4, 2),
(18, 37, '2018-03-12', 3, 18, 5, 3, 0),
(19, 47, '2018-03-12', 8, 4, 5, 1, 0),
(20, 57, '2018-03-12', 1, 44, 20, 1, 1),
(21, 54, '2018-03-13', 3, 4, 2, 1, 0),
(22, 37, '2018-03-13', 3, 18, 3, 3, 2),
(23, 56, '2018-03-13', 6, 4, 6, 0, 0),
(24, 47, '2018-03-13', 8, 4, 2, 2, 0),
(25, 57, '2018-03-13', 1, 44, 10, 2, 2),
(26, 58, '2018-03-14', 3, 4, 3, 1, 0),
(27, 57, '2018-03-14', 1, 44, 8, 0, 0),
(28, 58, '2018-03-15', 3, 4, 3, 1, 0),
(29, 56, '2018-03-14', 6, 4, 2, 1, 1),
(30, 52, '2018-03-15', 6, 4, 3, 0, 0),
(31, 57, '2018-03-15', 1, 44, 4, 2, 1),
(32, 58, '2018-03-15', 11, 4, 4, 0, 0),
(33, 47, '2018-03-15', 11, 4, 0, 1, 0),
(35, 4, '2018-03-16', 6, 6, 1, 2, 3),
(125, 94, '2018-04-27', 12, 4, 6, 0, 0),
(37, 58, '2018-03-16', 3, 4, 5, 2, 0),
(38, 57, '2018-03-16', 1, 44, 3, 2, 1),
(39, 37, '2018-03-19', 3, 18, 3, 2, 0),
(40, 58, '2018-03-19', 3, 4, 3, 1, 0),
(41, 54, '2018-03-20', 3, 4, 2, 1, 1),
(42, 37, '2018-03-20', 3, 18, 1, 1, 1),
(43, 52, '2018-03-20', 6, 4, 0, 1, 1),
(44, 57, '2018-03-20', 1, 44, 8, 1, 1),
(45, 64, '2018-03-20', 1, 9, 4, 0, 0),
(46, 64, '2018-03-21', 1, 9, 8, 0, 1),
(47, 57, '2018-03-21', 1, 44, 4, 0, 1),
(48, 63, '2018-03-22', 3, 3, 4, 2, 1),
(49, 53, '2018-03-22', 3, 3, 1, 1, 0),
(50, 64, '2018-03-22', 1, 9, 5, 0, 1),
(51, 52, '2018-03-22', 6, 4, 0, 1, 1),
(52, 64, '2018-03-23', 1, 9, 4, 0, 0),
(53, 63, '2018-03-26', 3, 3, 2, 1, 0),
(54, 58, '2018-03-26', 3, 4, 2, 2, 2),
(55, 42, '2018-03-28', 6, 1, 5, 0, 0),
(56, 63, '2018-03-29', 3, 3, 3, 2, 1),
(57, 54, '2018-03-29', 3, 4, 4, 4, 4),
(58, 42, '2018-03-29', 6, 1, 1, 0, 0),
(59, 71, '2018-04-02', 3, 3, 3, 1, 0),
(60, 71, '2018-04-03', 3, 3, 1, 1, 0),
(61, 63, '2018-04-03', 3, 3, 2, 1, 1),
(62, 53, '2018-04-03', 3, 3, 1, 1, 1),
(63, 74, '2018-04-04', 6, 9, 1, 0, 1),
(64, 74, '2018-04-05', 6, 9, 9, 0, 0),
(65, 42, '2018-04-05', 6, 1, 5, 0, 0),
(66, 70, '2018-04-05', 6, 48, 1, 0, 0),
(67, 77, '2018-04-06', 3, 3, 5, 2, 0),
(68, 42, '2018-04-06', 6, 1, 3, 1, 1),
(69, 72, '2018-04-06', 6, 44, 1, 0, 0),
(70, 72, '2018-04-09', 6, 44, 1, 1, 0),
(71, 77, '2018-04-09', 3, 3, 2, 1, 0),
(72, 73, '2018-04-10', 6, 44, 1, 0, 0),
(73, 69, '2018-04-10', 6, 48, 2, 0, 0),
(74, 70, '2018-04-10', 6, 48, 4, 0, 0),
(75, 74, '2018-04-11', 6, 9, 1, 0, 0),
(76, 42, '2018-04-11', 6, 1, 0, 2, 0),
(77, 73, '2018-04-12', 6, 44, 0, 1, 1),
(78, 79, '2018-04-12', 6, 9, 1, 0, 0),
(79, 70, '2018-04-12', 6, 48, 1, 0, 0),
(80, 42, '2018-04-12', 6, 1, 0, 0, 1),
(81, 76, '2018-04-13', 3, 3, 3, 1, 1),
(82, 77, '2018-04-13', 3, 3, 5, 2, 1),
(83, 77, '2018-04-16', 3, 3, 2, 2, 0),
(84, 70, '2018-04-16', 6, 48, 0, 1, 0),
(85, 69, '2018-04-16', 6, 48, 0, 1, 0),
(86, 78, '2018-04-17', 3, 14, 6, 1, 0),
(87, 77, '2018-04-17', 3, 3, 2, 1, 0),
(88, 71, '2018-04-17', 3, 3, 4, 0, 0),
(89, 58, '2018-04-17', 3, 4, 3, 1, 0),
(90, 69, '2018-04-18', 6, 48, 1, 0, 0),
(91, 78, '2018-04-18', 3, 14, 4, 0, 0),
(92, 71, '2018-04-18', 3, 3, 3, 0, 0),
(93, 53, '2018-04-18', 3, 3, 6, 3, 0),
(94, 79, '2018-04-19', 6, 9, 0, 0, 1),
(95, 70, '2018-04-19', 6, 48, 0, 1, 0),
(96, 78, '2018-04-19', 3, 14, 2, 2, 0),
(97, 89, '2018-04-20', 6, 18, 0, 2, 2),
(98, 89, '2018-04-19', 6, 18, 2, 0, 0),
(99, 52, '2018-04-23', 6, 4, 0, 0, 1),
(100, 78, '2018-04-23', 3, 14, 3, 1, 0),
(101, 72, '2018-04-23', 12, 44, 7, 0, 0),
(102, 78, '2018-04-23', 3, 14, 4, 2, 2),
(103, 85, '2018-04-23', 3, 4, 3, 1, 0),
(104, 86, '2018-04-23', 3, 4, 3, 1, 0),
(105, 81, '2018-04-23', 6, 9, 1, 0, 0),
(106, 73, '2018-04-24', 6, 44, 0, 2, 1),
(107, 81, '2018-04-24', 6, 9, 0, 1, 0),
(108, 85, '2018-04-24', 3, 4, 6, 2, 0),
(109, 86, '2018-04-24', 3, 4, 6, 2, 0),
(110, 87, '2018-04-24', 3, 4, 7, 3, 0),
(111, 81, '2018-04-25', 6, 9, 3, 0, 0),
(112, 66, '2018-04-24', 6, 44, 2, 0, 0),
(113, 100, '2018-04-24', 6, 4, 1, 0, 0),
(114, 86, '2018-04-25', 3, 4, 4, 2, 1),
(115, 87, '2018-04-25', 3, 4, 6, 1, 1),
(116, 85, '2018-04-25', 3, 4, 3, 2, 0),
(117, 70, '2018-04-25', 13, 48, 2, 0, 1),
(118, 69, '2018-04-25', 13, 48, 2, 0, 1),
(119, 96, '2018-04-25', 13, 4, 4, 0, 0),
(120, 96, '2018-04-25', 12, 4, 5, 0, 0),
(121, 93, '2018-04-25', 13, 4, 1, 0, 0),
(122, 96, '2018-04-26', 12, 4, 5, 0, 0),
(123, 83, '2018-04-26', 12, 18, 1, 0, 0),
(124, 69, '2018-04-26', 12, 48, 1, 0, 0),
(126, 81, '2018-04-26', 6, 9, 0, 1, 1),
(127, 81, '2018-04-27', 6, 9, 0, 1, 0),
(128, 96, '2018-04-27', 6, 4, 0, 1, 0),
(129, 53, '2018-04-26', 3, 3, 3, 0, 0),
(130, 85, '2018-04-26', 3, 4, 4, 4, 4),
(131, 87, '2018-04-26', 3, 4, 7, 2, 1),
(132, 86, '2018-04-27', 3, 4, 4, 2, 1),
(133, 100, '2018-04-27', 13, 4, 1, 1, 0),
(134, 42, '2018-04-30', 6, 1, 1, 0, 0),
(135, 52, '2018-04-30', 6, 4, 1, 0, 0),
(136, 81, '2018-04-30', 6, 9, 3, 0, 0),
(137, 86, '2018-04-30', 3, 4, 2, 1, 1),
(138, 87, '2018-04-30', 3, 4, 1, 1, 1),
(139, 82, '2018-04-30', 3, 24, 6, 0, 0),
(140, 71, '2018-04-30', 3, 3, 4, 1, 0),
(141, 53, '2018-04-30', 3, 3, 3, 1, 0),
(142, 83, '2018-05-02', 6, 18, 0, 1, 0),
(143, 102, '2018-05-02', 13, 38, 2, 0, 0),
(144, 82, '2018-05-02', 12, 24, 5, 0, 0),
(145, 53, '2018-05-03', 3, 3, 3, 2, 1),
(146, 71, '2018-05-03', 3, 3, 4, 2, 0),
(147, 100, '2018-05-03', 6, 4, 0, 1, 1),
(148, 83, '2018-05-02', 6, 18, 0, 1, 0),
(149, 83, '2018-05-03', 6, 18, 0, 0, 1),
(150, 82, '2018-05-03', 12, 24, 3, 0, 0),
(151, 73, '2018-05-03', 6, 9, 0, 1, 0),
(152, 73, '2018-05-04', 6, 9, 0, 0, 1),
(153, 82, '2018-05-04', 3, 24, 3, 0, 0),
(154, 82, '2018-05-04', 12, 24, 5, 0, 0),
(155, 71, '2018-05-04', 12, 3, 4, 0, 0),
(156, 79, '2018-05-04', 13, 9, 2, 0, 0),
(157, 83, '2018-05-04', 6, 18, 2, 0, 0),
(158, 71, '2018-05-04', 3, 3, 4, 1, 0),
(159, 42, '2018-05-07', 6, 1, 0, 0, 1),
(160, 42, '2018-05-04', 6, 1, 0, 1, 0),
(161, 102, '2018-05-07', 13, 38, 0, 0, 2),
(162, 79, '2018-05-07', 13, 9, 1, 1, 1),
(163, 71, '2018-05-08', 3, 3, 4, 0, 0),
(164, 53, '2018-05-08', 3, 3, 2, 1, 1),
(165, 70, '2018-05-08', 12, 48, 5, 0, 0),
(166, 69, '2018-05-08', 6, 48, 7, 0, 0),
(167, 70, '2018-05-08', 6, 48, 2, 0, 0),
(168, 70, '2018-05-09', 13, 48, 5, 1, 0),
(169, 71, '2018-05-09', 3, 3, 2, 1, 0),
(170, 53, '2018-05-09', 3, 3, 3, 1, 0),
(171, 82, '2018-05-09', 3, 24, 4, 1, 0),
(172, 105, '2018-05-10', 12, 9, 4, 0, 0),
(173, 69, '2018-05-10', 12, 48, 3, 0, 0),
(174, 83, '2018-05-10', 6, 18, 2, 0, 0),
(175, 96, '2018-05-11', 6, 4, 3, 0, 0),
(176, 82, '2018-05-11', 3, 24, 6, 2, 0),
(177, 105, '2018-05-11', 12, 9, 0, 2, 0),
(178, 108, '2018-05-14', 3, 7, 6, 1, 0),
(179, 82, '2018-05-14', 3, 24, 4, 3, 0),
(180, 93, '2018-05-14', 6, 4, 1, 0, 0),
(181, 96, '2018-05-14', 12, 4, 2, 0, 0),
(182, 105, '2018-05-14', 12, 9, 4, 0, 1),
(183, 69, '2018-05-15', 6, 48, 1, 0, 0),
(184, 47, '2018-05-15', 6, 4, 2, 0, 0),
(185, 83, '2018-05-15', 6, 18, 3, 0, 0),
(186, 96, '2018-05-15', 6, 4, 3, 0, 0),
(187, 105, '2018-05-15', 12, 9, 1, 1, 0),
(188, 96, '2018-05-15', 12, 4, 1, 0, 0),
(189, 82, '2018-05-16', 3, 24, 5, 3, 2),
(190, 105, '2018-05-16', 12, 9, 0, 2, 1),
(191, 96, '2018-05-16', 12, 4, 3, 0, 0),
(192, 82, '2018-05-16', 12, 24, 1, 0, 0),
(193, 105, '2018-05-17', 12, 9, 0, 0, 1),
(194, 96, '2018-05-17', 12, 4, 8, 0, 0),
(195, 109, '2018-05-17', 3, 3, 4, 1, 0),
(196, 96, '2018-05-18', 12, 4, 2, 0, 0),
(197, 83, '2018-05-18', 6, 18, 0, 1, 1),
(198, 105, '2018-05-15', 6, 9, 0, 1, 0),
(199, 105, '2018-05-16', 6, 9, 0, 1, 0),
(200, 105, '2018-05-11', 6, 9, 0, 2, 0),
(201, 88, '2018-05-18', 13, 44, 0, 1, 0),
(202, 105, '2018-05-18', 13, 9, 0, 3, 0),
(203, 109, '2018-05-18', 3, 3, 5, 0, 0),
(204, 108, '2018-05-18', 3, 7, 3, 1, 1),
(205, 83, '2018-05-21', 6, 18, 0, 1, 1),
(206, 92, '2018-05-21', 6, 4, 1, 0, 0),
(207, 85, '2018-05-21', 12, 4, 10, 0, 0),
(208, 96, '2018-05-21', 12, 4, 1, 0, 0),
(209, 109, '2018-05-21', 3, 3, 3, 1, 0),
(210, 108, '2018-05-22', 3, 7, 2, 1, 0),
(211, 77, '2018-05-21', 3, 3, 3, 1, 0),
(212, 82, '2018-05-22', 3, 24, 2, 1, 1),
(213, 112, '2018-05-22', 3, 3, 4, 0, 0),
(214, 77, '2018-05-22', 3, 3, 3, 0, 0),
(215, 96, '2018-05-23', 6, 4, 0, 1, 1),
(216, 92, '2018-05-22', 6, 4, 3, 0, 0),
(217, 96, '2018-05-22', 6, 4, 3, 0, 0),
(218, 113, '2018-05-24', 6, 9, 3, 0, 0),
(219, 92, '2018-05-24', 6, 4, 6, 0, 0),
(220, 96, '2018-05-24', 6, 4, 4, 0, 0),
(221, 112, '2018-05-24', 3, 3, 2, 1, 0),
(222, 85, '2018-05-24', 3, 4, 3, 2, 0),
(223, 77, '2018-05-24', 3, 3, 2, 2, 2),
(224, 110, '2018-05-24', 12, 9, 6, 0, 0),
(225, 52, '2018-05-25', 6, 4, 3, 0, 0),
(226, 113, '2018-05-25', 6, 9, 0, 3, 3),
(227, 110, '2018-05-28', 6, 9, 0, 1, 0),
(228, 110, '2018-05-28', 12, 9, 2, 2, 0),
(229, 112, '2018-05-28', 3, 3, 5, 1, 1),
(230, 109, '2018-05-28', 3, 3, 2, 1, 0),
(231, 113, '2018-05-29', 6, 9, 3, 0, 0),
(232, 110, '2018-05-29', 6, 9, 0, 1, 0),
(233, 95, '2018-05-29', 6, 4, 2, 0, 0),
(234, 110, '2018-05-29', 12, 9, 0, 1, 0),
(235, 83, '2018-05-29', 6, 18, 0, 1, 0),
(236, 102, '2018-05-30', 6, 38, 1, 0, 0),
(237, 96, '2018-05-30', 6, 4, 1, 0, 0),
(238, 92, '2018-05-30', 6, 4, 1, 0, 0),
(239, 110, '2018-05-30', 12, 9, 1, 0, 0),
(240, 112, '2018-06-01', 3, 3, 3, 0, 0),
(241, 109, '2018-06-01', 3, 3, 3, 0, 0),
(242, 85, '2018-06-01', 3, 4, 4, 4, 3),
(243, 58, '2018-06-01', 3, 4, 4, 1, 0),
(244, 92, '2018-06-04', 6, 4, 0, 1, 0),
(245, 116, '2018-06-01', 6, 4, 0, 0, 3),
(246, 83, '2018-06-04', 6, 18, 0, 0, 1),
(247, 110, '2018-06-04', 12, 9, 4, 0, 0),
(248, 96, '2018-06-04', 12, 4, 2, 0, 0),
(249, 109, '2018-06-04', 3, 3, 5, 1, 0),
(250, 58, '2018-06-04', 3, 4, 2, 0, 0),
(251, 125, '2018-06-02', 3, 4, 4, 1, 0),
(252, 53, '2018-05-29', 3, 3, 3, 2, 1),
(253, 83, '2018-06-05', 6, 18, 0, 1, 1),
(254, 94, '2018-06-05', 6, 4, 2, 0, 0),
(255, 110, '2018-06-05', 12, 9, 2, 3, 1),
(256, 122, '2018-06-05', 13, 48, 4, 1, 1),
(257, 102, '2018-06-05', 13, 38, 5, 1, 1),
(258, 117, '2018-06-06', 13, 4, 3, 1, 1),
(259, 94, '2018-06-06', 6, 4, 0, 1, 1),
(260, 113, '2018-06-06', 12, 9, 1, 1, 0),
(261, 110, '2018-06-06', 12, 9, 0, 1, 0),
(262, 124, '2018-06-06', 12, 16, 3, 0, 0),
(263, 102, '2018-06-06', 13, 38, 1, 0, 0),
(264, 94, '2018-06-06', 13, 4, 3, 1, 1),
(265, 117, '2018-06-06', 13, 4, 3, 1, 1),
(266, 94, '2018-06-07', 6, 4, 9, 0, 0),
(267, 120, '2018-06-07', 3, 3, 7, 2, 0),
(268, 109, '2018-06-07', 3, 3, 3, 1, 0),
(269, 58, '2018-06-07', 3, 4, 3, 0, 0),
(270, 52, '2018-06-07', 6, 4, 3, 0, 0),
(271, 94, '2018-06-08', 6, 4, 5, 0, 0),
(272, 52, '2018-06-08', 6, 4, 3, 1, 0),
(273, 94, '2018-06-08', 6, 4, 2, 0, 0),
(274, 47, '2018-06-08', 6, 4, 1, 0, 0),
(275, 47, '2018-06-07', 6, 4, 3, 0, 0),
(276, 120, '2018-06-08', 3, 3, 5, 2, 0),
(277, 109, '2018-06-08', 3, 3, 3, 1, 0),
(278, 77, '2018-06-08', 3, 3, 3, 1, 0),
(279, 124, '2018-06-07', 12, 16, 4, 1, 0),
(280, 52, '2018-06-11', 6, 4, 5, 1, 0),
(281, 47, '2018-06-11', 6, 4, 5, 0, 0),
(282, 122, '2018-06-11', 13, 48, 0, 0, 1),
(283, 102, '2018-06-11', 13, 38, 0, 0, 2),
(284, 125, '2018-06-11', 3, 4, 2, 1, 0),
(285, 120, '2018-06-11', 3, 3, 3, 1, 0),
(286, 58, '2018-06-11', 3, 4, 2, 0, 0),
(287, 122, '2018-06-11', 13, 48, 1, 1, 0),
(288, 124, '2018-06-11', 12, 16, 10, 0, 1),
(289, 94, '2018-06-12', 6, 4, 2, 0, 0),
(290, 52, '2018-06-12', 6, 4, 4, 0, 0),
(291, 116, '2018-06-12', 6, 4, 3, 0, 0),
(292, 58, '2018-06-12', 3, 4, 3, 0, 0),
(293, 124, '2018-06-12', 12, 16, 17, 0, 0),
(294, 94, '2018-06-13', 6, 4, 0, 2, 1),
(295, 116, '2018-06-13', 6, 4, 0, 1, 1),
(296, 124, '2018-06-13', 12, 16, 9, 2, 1),
(297, 123, '2018-06-13', 12, 16, 1, 0, 0),
(298, 94, '2018-06-14', 6, 4, 0, 3, 0),
(299, 128, '2018-06-14', 13, 9, 30, 1, 0),
(300, 125, '2018-06-14', 3, 4, 7, 2, 0),
(301, 120, '2018-06-14', 3, 3, 5, 2, 0),
(302, 109, '2018-06-14', 3, 3, 3, 0, 0),
(303, 58, '2018-06-14', 3, 4, 2, 1, 0),
(304, 124, '2018-06-14', 12, 16, 8, 1, 0),
(305, 123, '2018-06-14', 12, 16, 3, 0, 0),
(306, 128, '2018-06-14', 13, 9, 6, 2, 0),
(307, 125, '2018-06-15', 3, 4, 3, 1, 0),
(308, 120, '2018-06-15', 3, 3, 8, 3, 1),
(309, 109, '2018-06-15', 3, 3, 3, 1, 0),
(310, 113, '2018-06-15', 12, 9, 1, 0, 0),
(311, 124, '2018-06-15', 12, 16, 1, 2, 1),
(312, 42, '2018-06-18', 6, 1, 20, 0, 0),
(313, 129, '2018-06-18', 13, 9, 30, 3, 1),
(314, 128, '2018-06-18', 13, 9, 10, 3, 3),
(315, 125, '2018-06-18', 3, 4, 3, 0, 0),
(316, 77, '2018-06-18', 3, 3, 2, 1, 1),
(317, 109, '2018-06-18', 3, 3, 4, 1, 0),
(318, 58, '2018-06-18', 3, 4, 3, 2, 0),
(319, 53, '2018-06-18', 3, 3, 4, 3, 2),
(320, 124, '2018-06-18', 12, 16, 7, 0, 0),
(321, 123, '2018-06-18', 12, 16, 5, 0, 0),
(322, 113, '2018-06-18', 12, 9, 4, 0, 0),
(323, 42, '2018-06-19', 6, 1, 3, 3, 0),
(324, 123, '2018-06-19', 12, 16, 32, 0, 0),
(325, 131, '2018-06-19', 12, 9, 4, 1, 0),
(326, 77, '2018-06-19', 3, 3, 4, 2, 0),
(327, 58, '2018-06-19', 3, 4, 3, 2, 1),
(328, 124, '2018-06-20', 12, 16, 0, 0, 1),
(329, 131, '2018-06-20', 12, 9, 7, 4, 0),
(330, 138, '2018-06-21', 6, 4, 4, 0, 3);

-- --------------------------------------------------------

--
-- Estrutura para tabela `tb_fatura`
--

CREATE TABLE `tb_fatura` (
  `id` int(10) UNSIGNED NOT NULL,
  `empresa_id` int(10) UNSIGNED NOT NULL,
  `dta_emissao` date NOT NULL,
  `dta_competencia` date NOT NULL,
  `flo_valor` decimal(10,2) NOT NULL,
  `int_nf` smallint(6) DEFAULT NULL,
  `str_observacoes` varchar(255) DEFAULT NULL
) ENGINE=MyISAM DEFAULT CHARSET=utf8;

--
-- Fazendo dump de dados para tabela `tb_fatura`
--

INSERT INTO `tb_fatura` (`id`, `empresa_id`, `dta_emissao`, `dta_competencia`, `flo_valor`, `int_nf`, `str_observacoes`) VALUES
(4, 3, '2017-06-01', '2017-06-01', '254344.71', NULL, 'Dados importados'),
(5, 3, '2017-07-01', '2017-07-01', '306682.53', NULL, 'Dados importados'),
(6, 3, '2017-08-01', '2017-08-01', '350788.98', NULL, 'Dados importados'),
(7, 3, '2017-09-01', '2017-09-01', '290928.28', NULL, 'Dados importados'),
(8, 3, '2017-10-01', '2017-10-01', '327829.17', NULL, 'Dados importados'),
(9, 3, '2017-11-01', '2017-11-01', '295130.53', NULL, 'Dados importados'),
(10, 3, '2017-12-01', '2017-12-01', '305747.49', NULL, 'Dados importados'),
(11, 3, '2018-01-01', '2018-01-01', '222807.26', NULL, 'Dados importados'),
(12, 56, '2017-06-01', '2017-06-01', '0.00', NULL, 'Dados importados'),
(13, 56, '2017-07-01', '2017-07-01', '0.00', NULL, 'Dados importados'),
(14, 56, '2017-08-01', '2017-08-01', '0.00', NULL, 'Dados importados'),
(15, 56, '2017-09-01', '2017-09-01', '0.00', NULL, 'Dados importados'),
(16, 56, '2017-10-01', '2017-10-01', '0.00', NULL, 'Dados importados'),
(17, 56, '2017-11-01', '2017-11-01', '0.00', NULL, 'Dados importados'),
(18, 56, '2017-12-01', '2017-12-01', '9366.00', NULL, 'Dados importados'),
(19, 56, '2018-01-01', '2018-01-01', '0.00', NULL, 'Dados importados'),
(20, 53, '2017-06-01', '2017-06-01', '0.00', NULL, 'Dados importados'),
(21, 53, '2017-07-01', '2017-07-01', '79600.00', NULL, 'Dados importados'),
(22, 53, '2017-08-01', '2017-08-01', '79600.00', NULL, 'Dados importados'),
(23, 53, '2017-09-01', '2017-09-01', '79600.00', NULL, 'Dados importados'),
(24, 53, '2017-10-01', '2017-10-01', '79600.00', NULL, 'Dados importados'),
(25, 53, '2017-11-01', '2017-11-01', '79600.00', NULL, 'Dados importados'),
(26, 53, '2017-12-01', '2017-12-01', '0.00', NULL, 'Dados importados'),
(27, 53, '2018-01-01', '2018-01-01', '0.00', NULL, 'Dados importados'),
(28, 57, '2017-06-01', '2017-06-01', '0.00', NULL, 'Dados importados'),
(29, 57, '2017-07-01', '2017-07-01', '6500.00', NULL, 'Dados importados'),
(30, 57, '2017-08-01', '2017-08-01', '6500.00', NULL, 'Dados importados'),
(31, 57, '2017-09-01', '2017-09-01', '6500.00', NULL, 'Dados importados'),
(32, 57, '2017-10-01', '2017-10-01', '6500.00', NULL, 'Dados importados'),
(33, 57, '2017-11-01', '2017-11-01', '6500.00', NULL, 'Dados importados'),
(34, 57, '2017-12-01', '2017-12-01', '6500.00', NULL, 'Dados importados'),
(35, 57, '2018-01-01', '2018-01-01', '0.00', NULL, 'Dados importados'),
(36, 7, '2017-06-01', '2017-06-01', '30370.23', NULL, 'Dados importados'),
(37, 7, '2017-07-01', '2017-07-01', '30370.23', NULL, 'Dados importados'),
(38, 7, '2017-08-01', '2017-08-01', '30370.23', NULL, 'Dados importados'),
(39, 7, '2017-09-01', '2017-09-01', '30370.23', NULL, 'Dados importados'),
(40, 7, '2017-10-01', '2017-10-01', '30370.23', NULL, 'Dados importados'),
(41, 7, '2017-11-01', '2017-11-01', '30370.23', NULL, 'Dados importados'),
(42, 7, '2017-12-01', '2017-12-01', '30370.23', NULL, 'Dados importados'),
(43, 7, '2018-01-01', '2018-01-01', '30370.23', NULL, 'Dados importados'),
(44, 14, '2017-06-01', '2017-06-01', '24942.75', NULL, 'Dados importados'),
(45, 14, '2017-07-01', '2017-07-01', '20383.84', NULL, 'Dados importados'),
(46, 14, '2017-08-01', '2017-08-01', '12324.47', NULL, 'Dados importados'),
(47, 14, '2017-09-01', '2017-09-01', '18888.51', NULL, 'Dados importados'),
(48, 14, '2017-10-01', '2017-10-01', '15640.33', NULL, 'Dados importados'),
(49, 14, '2017-11-01', '2017-11-01', '0.00', NULL, 'Dados importados'),
(50, 14, '2017-12-01', '2017-12-01', '25820.20', NULL, 'Dados importados'),
(51, 14, '2018-01-01', '2018-01-01', '18320.79', NULL, 'Dados importados'),
(52, 18, '2017-06-01', '2017-06-01', '225645.35', NULL, 'Dados importados'),
(53, 18, '2017-07-01', '2017-07-01', '261070.84', NULL, 'Dados importados'),
(54, 18, '2017-08-01', '2017-08-01', '250999.88', NULL, 'Dados importados'),
(55, 18, '2017-09-01', '2017-09-01', '208925.78', NULL, 'Dados importados'),
(56, 18, '2017-10-01', '2017-10-01', '327418.99', NULL, 'Dados importados'),
(57, 18, '2017-11-01', '2017-11-01', '131315.00', NULL, 'Dados importados'),
(58, 18, '2017-12-01', '2017-12-01', '795004.73', NULL, 'Dados importados'),
(59, 18, '2018-01-01', '2018-01-01', '254192.47', NULL, 'Dados importados'),
(60, 6, '2017-06-01', '2017-06-01', '148369.16', NULL, 'Dados importados'),
(61, 6, '2017-07-01', '2017-07-01', '152159.53', NULL, 'Dados importados'),
(62, 6, '2017-08-01', '2017-08-01', '184937.56', NULL, 'Dados importados'),
(63, 6, '2017-09-01', '2017-09-01', '145712.29', NULL, 'Dados importados'),
(64, 6, '2017-10-01', '2017-10-01', '186473.06', NULL, 'Dados importados'),
(65, 6, '2017-11-01', '2017-11-01', '224281.63', NULL, 'Dados importados'),
(66, 6, '2017-12-01', '2017-12-01', '286519.92', NULL, 'Dados importados'),
(67, 6, '2018-01-01', '2018-01-01', '0.00', NULL, 'Dados importados'),
(68, 31, '2017-06-01', '2017-06-01', '2347.84', NULL, 'Dados importados'),
(69, 31, '2017-07-01', '2017-07-01', '25832.62', NULL, 'Dados importados'),
(70, 31, '2017-08-01', '2017-08-01', '17307.78', NULL, 'Dados importados'),
(71, 31, '2017-09-01', '2017-09-01', '16288.14', NULL, 'Dados importados'),
(72, 31, '2017-10-01', '2017-10-01', '8000.00', NULL, 'Dados importados'),
(73, 31, '2017-11-01', '2017-11-01', '8400.00', NULL, 'Dados importados'),
(74, 31, '2017-12-01', '2017-12-01', '8000.00', NULL, 'Dados importados'),
(75, 31, '2018-01-01', '2018-01-01', '8000.00', NULL, 'Dados importados'),
(76, 2, '2017-06-01', '2017-06-01', '3300.00', NULL, 'Dados importados'),
(77, 2, '2017-07-01', '2017-07-01', '0.00', NULL, 'Dados importados'),
(78, 2, '2017-08-01', '2017-08-01', '0.00', NULL, 'Dados importados'),
(79, 2, '2017-09-01', '2017-09-01', '0.00', NULL, 'Dados importados'),
(80, 2, '2017-10-01', '2017-10-01', '0.00', NULL, 'Dados importados'),
(81, 2, '2017-11-01', '2017-11-01', '0.00', NULL, 'Dados importados'),
(82, 2, '2017-12-01', '2017-12-01', '0.00', NULL, 'Dados importados'),
(83, 2, '2018-01-01', '2018-01-01', '0.00', NULL, 'Dados importados'),
(84, 58, '2017-06-01', '2017-06-01', '42698.09', NULL, 'Dados importados'),
(85, 58, '2017-07-01', '2017-07-01', '43804.99', NULL, 'Dados importados'),
(86, 58, '2017-08-01', '2017-08-01', '72161.89', NULL, 'Dados importados'),
(87, 58, '2017-09-01', '2017-09-01', '73498.27', NULL, 'Dados importados'),
(88, 58, '2017-10-01', '2017-10-01', '0.00', NULL, 'Dados importados'),
(89, 58, '2017-11-01', '2017-11-01', '0.00', NULL, 'Dados importados'),
(90, 58, '2017-12-01', '2017-12-01', '0.00', NULL, 'Dados importados'),
(91, 58, '2018-01-01', '2018-01-01', '0.00', NULL, 'Dados importados'),
(92, 59, '2017-06-01', '2017-06-01', '16044.75', NULL, 'Dados importados'),
(93, 59, '2017-07-01', '2017-07-01', '14921.55', NULL, 'Dados importados'),
(94, 59, '2017-08-01', '2017-08-01', '7610.85', NULL, 'Dados importados'),
(95, 59, '2017-09-01', '2017-09-01', '8269.65', NULL, 'Dados importados'),
(96, 59, '2017-10-01', '2017-10-01', '6887.70', NULL, 'Dados importados'),
(97, 59, '2017-11-01', '2017-11-01', '9698.40', NULL, 'Dados importados'),
(98, 59, '2017-12-01', '2017-12-01', '0.00', NULL, 'Dados importados'),
(99, 59, '2018-01-01', '2018-01-01', '0.00', NULL, 'Dados importados'),
(100, 60, '2017-06-01', '2017-06-01', '41731.74', NULL, 'Dados importados'),
(101, 60, '2017-07-01', '2017-07-01', '38413.62', NULL, 'Dados importados'),
(102, 60, '2017-08-01', '2017-08-01', '50154.66', NULL, 'Dados importados'),
(103, 60, '2017-09-01', '2017-09-01', '43901.28', NULL, 'Dados importados'),
(104, 60, '2017-10-01', '2017-10-01', '35733.60', NULL, 'Dados importados'),
(105, 60, '2017-11-01', '2017-11-01', '0.00', NULL, 'Dados importados'),
(106, 60, '2017-12-01', '2017-12-01', '15569.64', NULL, 'Dados importados'),
(107, 60, '2018-01-01', '2018-01-01', '42369.84', NULL, 'Dados importados'),
(108, 37, '2017-06-01', '2017-06-01', '8112.00', NULL, 'Dados importados'),
(109, 37, '2017-07-01', '2017-07-01', '9250.08', NULL, 'Dados importados'),
(110, 37, '2017-08-01', '2017-08-01', '14090.40', NULL, 'Dados importados'),
(111, 37, '2017-09-01', '2017-09-01', '15667.20', NULL, 'Dados importados'),
(112, 37, '2017-10-01', '2017-10-01', '14465.76', NULL, 'Dados importados'),
(113, 37, '2017-11-01', '2017-11-01', '15657.60', NULL, 'Dados importados'),
(114, 37, '2017-12-01', '2017-12-01', '15794.88', NULL, 'Dados importados'),
(115, 37, '2018-01-01', '2018-01-01', '15444.96', NULL, 'Dados importados'),
(116, 61, '2017-06-01', '2017-06-01', '0.00', NULL, 'Dados importados'),
(117, 61, '2017-07-01', '2017-07-01', '0.00', NULL, 'Dados importados'),
(118, 61, '2017-08-01', '2017-08-01', '0.00', NULL, 'Dados importados'),
(119, 61, '2017-09-01', '2017-09-01', '0.00', NULL, 'Dados importados'),
(120, 61, '2017-10-01', '2017-10-01', '0.00', NULL, 'Dados importados'),
(121, 61, '2017-11-01', '2017-11-01', '0.00', NULL, 'Dados importados'),
(122, 61, '2017-12-01', '2017-12-01', '0.00', NULL, 'Dados importados'),
(123, 61, '2018-01-01', '2018-01-01', '0.00', NULL, 'Dados importados'),
(124, 62, '2017-06-01', '2017-06-01', '15571.32', NULL, 'Dados importados'),
(125, 62, '2017-07-01', '2017-07-01', '14956.51', NULL, 'Dados importados'),
(126, 62, '2017-08-01', '2017-08-01', '7878.14', NULL, 'Dados importados'),
(127, 62, '2017-09-01', '2017-09-01', '0.00', NULL, 'Dados importados'),
(128, 62, '2017-10-01', '2017-10-01', '0.00', NULL, 'Dados importados'),
(129, 62, '2017-11-01', '2017-11-01', '0.00', NULL, 'Dados importados'),
(130, 62, '2017-12-01', '2017-12-01', '0.00', NULL, 'Dados importados'),
(131, 62, '2018-01-01', '2018-01-01', '0.00', NULL, 'Dados importados'),
(132, 30, '2017-06-01', '2017-06-01', '20872.64', NULL, 'Dados importados'),
(133, 30, '2017-07-01', '2017-07-01', '43502.53', NULL, 'Dados importados'),
(134, 30, '2017-08-01', '2017-08-01', '16175.25', NULL, 'Dados importados'),
(135, 30, '2017-09-01', '2017-09-01', '13484.17', NULL, 'Dados importados'),
(136, 30, '2017-10-01', '2017-10-01', '18308.64', NULL, 'Dados importados'),
(137, 30, '2017-11-01', '2017-11-01', '13343.82', NULL, 'Dados importados'),
(138, 30, '2017-12-01', '2017-12-01', '22498.14', NULL, 'Dados importados'),
(139, 30, '2018-01-01', '2018-01-01', '0.00', NULL, 'Dados importados'),
(140, 16, '2017-06-01', '2017-06-01', '10721.10', NULL, 'Dados importados'),
(141, 16, '2017-07-01', '2017-07-01', '4573.80', NULL, 'Dados importados'),
(142, 16, '2017-08-01', '2017-08-01', '11384.50', NULL, 'Dados importados'),
(143, 16, '2017-09-01', '2017-09-01', '13156.46', NULL, 'Dados importados'),
(144, 16, '2017-10-01', '2017-10-01', '8983.86', NULL, 'Dados importados'),
(145, 16, '2017-11-01', '2017-11-01', '9695.00', NULL, 'Dados importados'),
(146, 16, '2017-12-01', '2017-12-01', '10434.04', NULL, 'Dados importados'),
(147, 16, '2018-01-01', '2018-01-01', '12826.00', NULL, 'Dados importados'),
(148, 38, '2017-06-01', '2017-06-01', '30741.75', NULL, 'Dados importados'),
(149, 38, '2017-07-01', '2017-07-01', '22370.18', NULL, 'Dados importados'),
(150, 38, '2017-08-01', '2017-08-01', '30682.88', NULL, 'Dados importados'),
(151, 38, '2017-09-01', '2017-09-01', '36109.33', NULL, 'Dados importados'),
(152, 38, '2017-10-01', '2017-10-01', '33304.25', NULL, 'Dados importados'),
(153, 38, '2017-11-01', '2017-11-01', '32236.50', NULL, 'Dados importados'),
(154, 38, '2017-12-01', '2017-12-01', '42479.67', NULL, 'Dados importados'),
(155, 38, '2018-01-01', '2018-01-01', '30507.97', NULL, 'Dados importados'),
(156, 44, '2017-06-01', '2017-06-01', '0.00', NULL, 'Dados importados'),
(157, 44, '2017-07-01', '2017-07-01', '0.00', NULL, 'Dados importados'),
(158, 44, '2017-08-01', '2017-08-01', '0.00', NULL, 'Dados importados'),
(159, 44, '2017-09-01', '2017-09-01', '15551.25', NULL, 'Dados importados'),
(160, 44, '2017-10-01', '2017-10-01', '48300.00', NULL, 'Dados importados'),
(161, 44, '2017-11-01', '2017-11-01', '75878.75', NULL, 'Dados importados'),
(162, 44, '2017-12-01', '2017-12-01', '0.00', NULL, 'Dados importados'),
(163, 44, '2018-01-01', '2018-01-01', '152737.50', NULL, 'Dados importados'),
(164, 63, '2017-06-01', '2017-06-01', '0.00', NULL, 'Dados importados'),
(165, 63, '2017-07-01', '2017-07-01', '0.00', NULL, 'Dados importados'),
(166, 63, '2017-08-01', '2017-08-01', '0.00', NULL, 'Dados importados'),
(167, 63, '2017-09-01', '2017-09-01', '0.00', NULL, 'Dados importados'),
(168, 63, '2017-10-01', '2017-10-01', '0.00', NULL, 'Dados importados'),
(169, 63, '2017-11-01', '2017-11-01', '0.00', NULL, 'Dados importados'),
(170, 63, '2017-12-01', '2017-12-01', '0.00', NULL, 'Dados importados'),
(171, 63, '2018-01-01', '2018-01-01', '0.00', NULL, 'Dados importados'),
(172, 51, '2017-06-01', '2017-06-01', '0.00', NULL, 'Dados importados'),
(173, 51, '2017-07-01', '2017-07-01', '0.00', NULL, 'Dados importados'),
(174, 51, '2017-08-01', '2017-08-01', '0.00', NULL, 'Dados importados'),
(175, 51, '2017-09-01', '2017-09-01', '34518.40', NULL, 'Dados importados'),
(176, 51, '2017-10-01', '2017-10-01', '33534.64', NULL, 'Dados importados'),
(177, 51, '2017-11-01', '2017-11-01', '23745.99', NULL, 'Dados importados'),
(178, 51, '2017-12-01', '2017-12-01', '199775.45', NULL, 'Dados importados'),
(179, 51, '2018-01-01', '2018-01-01', '9001.80', NULL, 'Dados importados'),
(180, 11, '2017-06-01', '2017-06-01', '0.00', NULL, 'Dados importados'),
(181, 11, '2017-07-01', '2017-07-01', '0.00', NULL, 'Dados importados'),
(182, 11, '2017-08-01', '2017-08-01', '10400.00', NULL, 'Dados importados'),
(183, 11, '2017-09-01', '2017-09-01', '25683.95', NULL, 'Dados importados'),
(184, 11, '2017-10-01', '2017-10-01', '60068.34', NULL, 'Dados importados'),
(185, 11, '2017-11-01', '2017-11-01', '82635.27', NULL, 'Dados importados'),
(186, 11, '2017-12-01', '2017-12-01', '73722.07', NULL, 'Dados importados'),
(187, 11, '2018-01-01', '2018-01-01', '67242.13', NULL, 'Dados importados'),
(188, 1, '2017-06-01', '2017-06-01', '0.00', NULL, 'Dados importados'),
(189, 1, '2017-07-01', '2017-07-01', '0.00', NULL, 'Dados importados'),
(190, 1, '2017-08-01', '2017-08-01', '0.00', NULL, 'Dados importados'),
(191, 1, '2017-09-01', '2017-09-01', '0.00', NULL, 'Dados importados'),
(192, 1, '2017-10-01', '2017-10-01', '0.00', NULL, 'Dados importados'),
(193, 1, '2017-11-01', '2017-11-01', '3000.00', NULL, 'Dados importados'),
(194, 1, '2017-12-01', '2017-12-01', '21360.00', NULL, 'Dados importados'),
(195, 1, '2018-01-01', '2018-01-01', '11316.67', NULL, 'Dados importados'),
(196, 64, '2017-06-01', '2017-06-01', '0.00', NULL, 'Dados importados'),
(197, 64, '2017-07-01', '2017-07-01', '0.00', NULL, 'Dados importados'),
(198, 64, '2017-08-01', '2017-08-01', '0.00', NULL, 'Dados importados'),
(199, 64, '2017-09-01', '2017-09-01', '0.00', NULL, 'Dados importados'),
(200, 64, '2017-10-01', '2017-10-01', '0.00', NULL, 'Dados importados'),
(201, 64, '2017-11-01', '2017-11-01', '0.00', NULL, 'Dados importados'),
(202, 64, '2017-12-01', '2017-12-01', '0.00', NULL, 'Dados importados'),
(203, 64, '2018-01-01', '2018-01-01', '0.00', NULL, 'Dados importados'),
(204, 65, '2017-06-01', '2017-06-01', '0.00', NULL, 'Dados importados'),
(205, 65, '2017-07-01', '2017-07-01', '0.00', NULL, 'Dados importados'),
(206, 65, '2017-08-01', '2017-08-01', '0.00', NULL, 'Dados importados'),
(207, 65, '2017-09-01', '2017-09-01', '0.00', NULL, 'Dados importados'),
(208, 65, '2017-10-01', '2017-10-01', '0.00', NULL, 'Dados importados'),
(209, 65, '2017-11-01', '2017-11-01', '0.00', NULL, 'Dados importados'),
(210, 65, '2017-12-01', '2017-12-01', '0.00', NULL, 'Dados importados'),
(211, 65, '2018-01-01', '2018-01-01', '0.00', NULL, 'Dados importados'),
(212, 10, '2017-06-01', '2017-06-01', '0.00', NULL, 'Dados importados'),
(213, 10, '2017-07-01', '2017-07-01', '0.00', NULL, 'Dados importados'),
(214, 10, '2017-08-01', '2017-08-01', '0.00', NULL, 'Dados importados'),
(215, 10, '2017-09-01', '2017-09-01', '0.00', NULL, 'Dados importados'),
(216, 10, '2017-10-01', '2017-10-01', '0.00', NULL, 'Dados importados'),
(217, 10, '2017-11-01', '2017-11-01', '0.00', NULL, 'Dados importados'),
(218, 10, '2017-12-01', '2017-12-01', '0.00', NULL, 'Dados importados'),
(219, 10, '2018-01-01', '2018-01-01', '4800.00', NULL, 'Dados importados');

-- --------------------------------------------------------

--
-- Estrutura para tabela `tb_indicador`
--

CREATE TABLE `tb_indicador` (
  `id` int(10) UNSIGNED NOT NULL,
  `str_departamento` varchar(150) NOT NULL,
  `str_nome` varchar(150) NOT NULL,
  `str_descricao` varchar(255) NOT NULL,
  `field1` varchar(40) DEFAULT NULL,
  `field2` varchar(40) DEFAULT NULL,
  `field3` varchar(40) DEFAULT NULL,
  `field4` varchar(40) DEFAULT NULL,
  `field5` varchar(40) DEFAULT NULL,
  `field6` varchar(40) DEFAULT NULL,
  `int_valor` varchar(150) DEFAULT NULL,
  `field8` varchar(40) DEFAULT NULL,
  `field9` varchar(40) DEFAULT NULL,
  `field10` varchar(40) DEFAULT NULL,
  `str_unidade_medida` varchar(10) NOT NULL
) ENGINE=MyISAM DEFAULT CHARSET=utf8;

--
-- Fazendo dump de dados para tabela `tb_indicador`
--

INSERT INTO `tb_indicador` (`id`, `str_departamento`, `str_nome`, `str_descricao`, `field1`, `field2`, `field3`, `field4`, `field5`, `field6`, `int_valor`, `field8`, `field9`, `field10`, `str_unidade_medida`) VALUES
(1, 'COMERCIAL', 'Faturamento', 'Total faturado por mês', NULL, NULL, NULL, NULL, NULL, NULL, NULL, NULL, NULL, NULL, 'R$');

-- --------------------------------------------------------

--
-- Estrutura para tabela `tb_indicador_periodo`
--

CREATE TABLE `tb_indicador_periodo` (
  `id` int(10) UNSIGNED NOT NULL,
  `indicador_id` int(10) UNSIGNED NOT NULL,
  `str_unidade` varchar(150) DEFAULT NULL,
  `str_vertical` varchar(150) DEFAULT NULL,
  `str_responsavel` varchar(150) DEFAULT NULL,
  `dta` date NOT NULL,
  `flo_sazonalidade` decimal(5,2) DEFAULT NULL,
  `int_meta` int(11) DEFAULT NULL,
  `int_meta_ajustada` int(11) DEFAULT NULL,
  `int_realizado` int(11) DEFAULT NULL
) ENGINE=MyISAM DEFAULT CHARSET=utf8;

--
-- Fazendo dump de dados para tabela `tb_indicador_periodo`
--

INSERT INTO `tb_indicador_periodo` (`id`, `indicador_id`, `str_unidade`, `str_vertical`, `str_responsavel`, `dta`, `flo_sazonalidade`, `int_meta`, `int_meta_ajustada`, `int_realizado`) VALUES
(1, 1, 'SUDESTE', 'ALOCAÇÃO', 'Luiz Benetti', '2018-01-31', '5.64', 332308, NULL, NULL),
(2, 1, 'SUDESTE', 'ALOCAÇÃO', 'Luiz Benetti', '2018-02-28', '6.71', 394858, NULL, NULL),
(3, 1, 'SUDESTE', 'ALOCAÇÃO', 'Luiz Benetti', '2018-03-31', '6.96', 409695, NULL, NULL),
(4, 1, 'SUDESTE', 'ALOCAÇÃO', 'Luiz Benetti', '2018-04-30', '6.54', 384875, NULL, NULL),
(5, 1, 'SUDESTE', 'ALOCAÇÃO', 'Luiz Benetti', '2018-05-31', '7.16', 421741, NULL, NULL),
(6, 1, 'SUDESTE', 'ALOCAÇÃO', 'Luiz Benetti', '2018-06-30', '8.20', 482593, NULL, NULL),
(7, 1, 'SUDESTE', 'ALOCAÇÃO', 'Luiz Benetti', '2018-07-31', '8.78', 517060, NULL, NULL),
(8, 1, 'SUDESTE', 'ALOCAÇÃO', 'Luiz Benetti', '2018-08-31', '8.71', 512668, NULL, NULL),
(9, 1, 'SUDESTE', 'ALOCAÇÃO', 'Luiz Benetti', '2018-09-30', '8.56', 504049, NULL, NULL),
(10, 1, 'SUDESTE', 'ALOCAÇÃO', 'Luiz Benetti', '2018-10-31', '8.67', 510406, NULL, NULL),
(11, 1, 'SUDESTE', 'ALOCAÇÃO', 'Luiz Benetti', '2018-11-30', '10.40', 612493, NULL, NULL),
(12, 1, 'SUDESTE', 'ALOCAÇÃO', 'Luiz Benetti', '2018-12-31', '13.69', 805998, NULL, NULL);

-- --------------------------------------------------------

--
-- Estrutura para tabela `tb_oportunidade`
--

CREATE TABLE `tb_oportunidade` (
  `id` int(10) UNSIGNED NOT NULL,
  `tipo_id` int(10) UNSIGNED DEFAULT NULL,
  `estagio_id` int(10) UNSIGNED NOT NULL,
  `empresa_id` int(10) UNSIGNED NOT NULL,
  `contato_id` int(10) UNSIGNED NOT NULL,
  `str_demanda` varchar(200) DEFAULT NULL,
  `dta_inicio` date NOT NULL,
  `dta_prev_fechamento` date DEFAULT NULL,
  `int_probabilidade` smallint(6) NOT NULL,
  `int_valor` decimal(10,2) UNSIGNED DEFAULT NULL,
  `int_parcelas` smallint(2) NOT NULL DEFAULT '1',
  `str_proposta` varchar(150) DEFAULT NULL,
  `str_anotacoes` text,
  `str_responsavel` varchar(150) DEFAULT NULL,
  `dta_proposta` date DEFAULT NULL,
  `field15` varchar(40) DEFAULT NULL
) ENGINE=MyISAM DEFAULT CHARSET=utf8;

--
-- Fazendo dump de dados para tabela `tb_oportunidade`
--

INSERT INTO `tb_oportunidade` (`id`, `tipo_id`, `estagio_id`, `empresa_id`, `contato_id`, `str_demanda`, `dta_inicio`, `dta_prev_fechamento`, `int_probabilidade`, `int_valor`, `int_parcelas`, `str_proposta`, `str_anotacoes`, `str_responsavel`, `dta_proposta`, `field15`) VALUES
(1, 2, 11, 22, 3, 'Alocação Líder de testes', '2018-01-15', '2018-02-24', 75, '14400.00', 3, '35798900_1517918914.pdf', NULL, 'cintia.haoach', '2018-02-19', NULL),
(2, 2, 5, 23, 4, 'Alocação Célula de Testes', '2018-01-25', '2018-02-14', 75, '16800.00', 6, '08774800_1524604274.docx', NULL, 'cintia.haoach', '2018-02-19', NULL),
(3, 1, 17, 24, 5, 'Consultoria em QA', '2018-01-17', '2018-02-19', 75, '28000.00', 1, '22964900_1519135774.docx', NULL, 'cintia.haoach', '2018-02-20', NULL),
(4, 2, 8, 25, 6, 'Alocação Célula de Automação de Testes', '2017-07-04', '2018-03-13', 75, '15400.00', 6, '31051400_1520970477.docx', NULL, 'cintia.haoach', '2018-02-19', NULL),
(5, 2, 7, 1, 7, 'Alocação PHP', '2018-01-30', '2018-02-26', 50, '13600.00', 6, '52147500_1517919869.pdf', NULL, 'cintia.haoach', '2018-02-19', NULL),
(6, 2, 10, 26, 8, 'Alocação Célula Helpdesk', '2018-01-09', '2018-03-09', 75, '40000.00', 6, '85372900_1517920027.pdf', NULL, 'cintia.haoach', '2018-02-19', NULL),
(7, 2, 8, 1, 7, 'Alocação Célula de Testes - Projeto Simulado', '2018-01-05', '2018-02-19', 90, '15860.00', 3, '16547300_1519302220.docx', NULL, 'cintia.haoach', '2018-02-09', NULL),
(8, 2, 8, 4, 9, 'Alocação Analista Automação SR', '2017-12-10', '2018-02-06', 100, '13272.00', 3, NULL, NULL, 'cintia.haoach', '2018-02-19', NULL),
(9, 2, 8, 4, 9, 'Alocação Performance SR', '2018-01-05', '2018-01-23', 100, '11088.00', 3, NULL, NULL, 'cintia.haoach', '2018-02-19', NULL),
(10, 2, 8, 14, 10, 'Alocação 02 Analistas de Testes', '2018-01-11', '2018-02-14', 100, '22400.00', 3, NULL, NULL, 'cintia.haoach', '2018-02-19', NULL),
(11, 2, 10, 16, 11, 'Alocação 02 Analistas de Testes', '2018-01-24', '2018-02-27', 75, '20000.00', 12, NULL, NULL, 'cintia.haoach', '2018-02-19', NULL),
(12, 2, 10, 16, 11, 'Alocação Scrum Master', '2018-01-26', '2018-03-28', 75, '20000.00', 12, NULL, NULL, 'cintia.haoach', '2018-02-19', NULL),
(13, 2, 8, 11, 12, 'Alocação Analista de Testes SR (vaga Db1)', '2018-01-20', '2018-01-29', 100, '10920.00', 6, NULL, NULL, 'cintia.haoach', '2018-02-19', NULL),
(14, 1, 17, 11, 12, 'Automação de Testes Sistema I4PRO', '2017-12-22', '2018-01-29', 100, '39083.00', 3, '28084400_1517923756.pdf', NULL, 'cintia.haoach', '2018-02-19', NULL),
(15, 1, 17, 27, 13, 'Implantação Testcomplete', '2017-12-17', '2018-01-05', 100, '6600.00', 1, '92858400_1517924586.pdf', NULL, 'cintia.haoach', '2018-02-19', NULL),
(16, 1, 19, 22, 3, 'Consultoria em QA (diagnóstico)', '2018-01-10', '2018-02-13', 75, '32000.00', 1, '15433900_1517937997.pdf', NULL, 'cintia.haoach', '2018-02-19', NULL),
(17, 1, 17, 30, 16, 'Performance - Stress', '2018-02-07', '2018-02-17', 75, '48160.00', 1, '91502200_1523915683.docx', NULL, 'cintia.haoach', '2018-02-19', NULL),
(18, 2, 7, 4, 9, 'Analista de Automação de Testes JR', '2018-02-09', '2018-02-27', 90, '6552.00', 3, NULL, NULL, 'cintia.haoach', '2018-02-19', NULL),
(19, 2, 8, 4, 9, 'Arquiteto de Testes', '2018-01-20', '2018-02-07', 100, '9072.00', 3, NULL, NULL, 'cintia.haoach', '2018-02-19', NULL),
(20, 2, 8, 37, 28, 'Recurso adicional para março', '2018-02-15', '2018-02-16', 100, '8064.00', 1, NULL, 'mesmo valor do contrato atual', 'cintia.haoach', '2018-02-15', NULL),
(21, 2, 10, 39, 30, 'Consultoria RS - PHP', '2017-11-28', '2018-01-15', 0, '4500.00', 1, '31353700_1519070271.pdf', NULL, 'cintia.haoach', '2017-11-28', NULL),
(22, 1, 19, 30, 34, 'Automação do processo de geração de dados', '2018-01-19', '2018-02-25', 50, '4300.00', 1, '67392900_1519138275.pdf', 'Cliente informou que demanda entrou em stand by, não tem data prevista para ocorrer.', 'cintia.haoach', '2018-01-19', NULL),
(23, 1, 18, 42, 37, 'Consultoria em QA', '2018-02-23', '2018-03-29', 50, '32000.00', 1, '09706100_1523916230.DOCX', NULL, 'cintia.haoach', '2018-03-07', NULL),
(24, 1, 12, 41, 36, 'Fábrica de testes', '2018-02-26', '2018-04-26', 25, '30000.00', 1, NULL, NULL, 'cintia.haoach', NULL, NULL),
(25, 2, 5, 3, 39, 'Alocação célula de testes', '2018-03-05', '2018-03-29', 50, '32000.00', 6, '57837900_1520272559.docx', NULL, 'cintia.haoach', '2018-03-05', NULL),
(26, 1, 12, 38, 29, 'Automação de testes', '2018-02-28', '2018-05-27', 90, '40000.00', 3, NULL, NULL, 'cintia.haoach', NULL, NULL),
(27, 1, 19, 45, 45, 'Treinamento TestComplete', '2018-03-13', '2018-04-09', 75, '12000.00', 1, '98841700_1523915853.docx', NULL, 'cintia.haoach', '2018-03-13', NULL),
(28, 1, 15, 46, 46, 'Treinamento em Ferramenta de automação', '2018-03-12', '2018-04-12', 50, '12000.00', 1, NULL, NULL, 'cintia.haoach', NULL, NULL),
(29, 2, 8, 37, 28, 'Extensão Paulo Parinhani para abril', '2018-03-12', '2018-03-13', 100, '7680.00', 1, NULL, NULL, 'cintia.haoach', NULL, NULL),
(30, 1, 16, 29, 15, 'Testes de performance', '2018-03-12', '2018-04-12', 50, '28000.00', 1, NULL, NULL, 'cintia.haoach', NULL, NULL),
(31, 2, 5, 47, 47, 'Alocação analista de testes', '2018-03-13', '2018-05-18', 50, '10000.00', 3, '83841900_1523916081.docx', NULL, 'cintia.haoach', '2018-04-04', NULL),
(32, 1, 17, 48, 48, 'Fábrica de testes', '2018-03-10', '2018-04-10', 75, '33400.00', 12, '39299500_1523915813.docx', NULL, 'cintia.haoach', '2018-04-05', NULL),
(33, 1, 15, 49, 49, 'Fábrica de testes', '2018-03-20', NULL, 0, NULL, 1, '88878200_1524604327.docx', NULL, 'cintia.haoach', NULL, NULL),
(34, 1, 14, 52, 51, 'Fabrica de testes + Automação de testes SAP, Web, Mobile', '2018-03-19', '2018-05-20', 50, NULL, 12, NULL, NULL, 'anderson.martins', NULL, NULL),
(35, 1, 16, 50, 50, 'Testes de performance', '2018-03-19', '2018-05-12', 75, '75900.00', 1, '21095400_1523916510.docx', NULL, 'cintia.haoach', '2018-04-05', NULL),
(36, 2, 5, 54, 54, 'Alocação de profissionais (Java e Negócios)', '2018-04-12', '2018-05-05', 50, '50000.00', 12, '87096100_1523916676.docx', NULL, 'cintia.haoach', '2018-04-12', NULL),
(37, 1, 16, 55, 55, 'Implantação área de QA', '2018-04-01', '2018-04-18', 75, '52400.00', 1, '09956400_1523916811.DOCX', NULL, 'cintia.haoach', '2018-04-16', NULL),
(38, 1, 16, 24, 5, 'Implantação área de QA', '2018-04-01', '2018-04-23', 75, '39760.00', 5, '41426600_1523916894.DOCX', NULL, 'cintia.haoach', '2018-04-16', NULL),
(39, 2, 8, 4, 9, 'Alocação Arquiteto - Eder Wentz', '2018-03-15', '2018-03-21', 100, '9072.00', 3, NULL, NULL, 'cintia.haoach', '2018-03-21', NULL),
(40, 2, 8, 4, 9, 'Alocação Analista Automação JR - thiago evangelista', '2018-03-03', '2018-03-21', 100, '6552.00', 3, NULL, NULL, 'cintia.haoach', '2018-03-20', NULL),
(41, 2, 8, 14, 10, 'Extensão alocação elisa', '2018-03-20', '2018-03-26', 100, '11760.00', 1, NULL, NULL, 'cintia.haoach', '2018-03-26', NULL),
(42, 1, 14, 61, 58, 'Testes de performance - Agencia digital', '2018-04-16', NULL, 75, NULL, 1, NULL, NULL, 'cintia.haoach', NULL, NULL),
(43, 1, 13, 66, 59, 'Testes de performance - Gerenciamento de tickets', '2018-03-09', NULL, 75, NULL, 1, NULL, NULL, 'cintia.haoach', NULL, NULL),
(44, 2, 5, 4, 60, 'Analista Oracle SOA', '2018-04-18', '2018-05-01', 75, NULL, 12, NULL, 'Vaga aberta em 18/04', 'cintia.haoach', NULL, NULL),
(45, 1, 12, 67, 61, 'Fábrica de testes', '2018-04-18', '2018-06-18', 50, NULL, 1, NULL, NULL, 'cintia.haoach', NULL, NULL),
(46, 1, 12, 68, 62, 'Estruturação equipe de testes', '2018-04-24', NULL, 50, NULL, 1, NULL, NULL, 'cintia.haoach', NULL, NULL),
(47, 2, 4, 69, 63, 'Alocação de Analista de Testes', '2018-04-24', NULL, 0, NULL, 1, NULL, NULL, 'cintia.haoach', NULL, NULL),
(48, 2, 3, 11, 64, 'Consultoria em RS', '2018-04-24', NULL, 75, NULL, 1, NULL, NULL, 'cintia.haoach', NULL, NULL),
(49, 2, 8, 38, 29, 'Alocação de Analista de Testes Sênior', '2018-06-04', '2018-05-18', 100, '18480.00', 4, NULL, 'Bitrix24\\Equipe de Marketing e Vendas\\Propostas Comerciais\\Alocações\\UNIMED PR', 'everton.arantes', '2018-05-18', NULL);

-- --------------------------------------------------------

--
-- Estrutura para tabela `tb_oportunidade_estagio`
--

CREATE TABLE `tb_oportunidade_estagio` (
  `id` int(10) UNSIGNED NOT NULL,
  `tipo_id` int(10) UNSIGNED NOT NULL,
  `str_nome` varchar(150) NOT NULL
) ENGINE=MyISAM DEFAULT CHARSET=utf8;

--
-- Fazendo dump de dados para tabela `tb_oportunidade_estagio`
--

INSERT INTO `tb_oportunidade_estagio` (`id`, `tipo_id`, `str_nome`) VALUES
(1, 2, '01. Demanda identificada'),
(2, 2, '02. Qualificação da demanda'),
(3, 2, '03. Preencher descritivo'),
(4, 2, '04. Elaboração e apresentação da proposta'),
(5, 2, '05. Negociação'),
(6, 2, '06. Assinatura da proposta'),
(7, 2, '07. Encaminhamento de candidatos'),
(8, 2, '10. Ganhamos!'),
(9, 2, '30. Perdemos para um concorrente'),
(10, 2, '31. Cliente cancelou a demanda'),
(11, 2, '32. Cliente adiou a demanda'),
(12, 1, '01. Demanda identificada'),
(13, 1, '02. Qualificação da demanda'),
(14, 1, '03. Elaborar estratégia de testes'),
(15, 1, '04. Elaboração e apresentação da proposta'),
(16, 1, '05. Negociação'),
(17, 1, '10. Ganhamos!'),
(18, 1, '30. Perdemos para um concorrente'),
(19, 1, '32. Cliente adiou a demanda'),
(20, 1, '33. Demanda desqualificada');

-- --------------------------------------------------------

--
-- Estrutura para tabela `tb_oportunidade_tipo`
--

CREATE TABLE `tb_oportunidade_tipo` (
  `id` int(10) UNSIGNED NOT NULL,
  `str_nome` varchar(150) NOT NULL
) ENGINE=MyISAM DEFAULT CHARSET=utf8;

--
-- Fazendo dump de dados para tabela `tb_oportunidade_tipo`
--

INSERT INTO `tb_oportunidade_tipo` (`id`, `str_nome`) VALUES
(1, 'Fábrica'),
(2, 'Alocação'),
(3, 'CTA');

-- --------------------------------------------------------

--
-- Estrutura para tabela `tb_prova`
--

CREATE TABLE `tb_prova` (
  `id` int(10) UNSIGNED NOT NULL,
  `vaga_id` int(10) UNSIGNED NOT NULL,
  `str_candidato_nome` varchar(150) NOT NULL,
  `str_candidato_email` varchar(150) NOT NULL,
  `dta_prova` datetime NOT NULL,
  `prova_id` int(10) UNSIGNED NOT NULL,
  `int_nota` tinyint(3) UNSIGNED DEFAULT '0',
  `str_status` varchar(150) NOT NULL
) ENGINE=MyISAM DEFAULT CHARSET=utf8;

--
-- Fazendo dump de dados para tabela `tb_prova`
--

INSERT INTO `tb_prova` (`id`, `vaga_id`, `str_candidato_nome`, `str_candidato_email`, `dta_prova`, `prova_id`, `int_nota`, `str_status`) VALUES
(1, 41, 'Edison Barbosa da Rocha', 'ba.edison@gmail.com', '2012-02-18 00:00:00', 1, 0, 'Agendado'),
(2, 40, 'Alexandre Murari Junior', 'murarialex@gmail.com', '2011-02-18 00:00:00', 1, 0, 'Agendado');

-- --------------------------------------------------------

--
-- Estrutura para tabela `tb_prova_tipo`
--

CREATE TABLE `tb_prova_tipo` (
  `id` int(10) UNSIGNED NOT NULL,
  `str_nome` varchar(150) NOT NULL,
  `str_descricao` varchar(255) DEFAULT NULL
) ENGINE=MyISAM DEFAULT CHARSET=utf8;

--
-- Fazendo dump de dados para tabela `tb_prova_tipo`
--

INSERT INTO `tb_prova_tipo` (`id`, `str_nome`, `str_descricao`) VALUES
(1, 'Prova Desenvolvedor .NET Bematech', NULL);

-- --------------------------------------------------------

--
-- Estrutura para tabela `tb_recrutador`
--

CREATE TABLE `tb_recrutador` (
  `id` int(10) UNSIGNED NOT NULL,
  `str_nome` varchar(150) NOT NULL,
  `bol_status` tinyint(4) DEFAULT '1',
  `bol_recrutador` tinyint(4) DEFAULT NULL,
  `bol_comercial` tinyint(4) DEFAULT NULL
) ENGINE=MyISAM DEFAULT CHARSET=utf8;

--
-- Fazendo dump de dados para tabela `tb_recrutador`
--

INSERT INTO `tb_recrutador` (`id`, `str_nome`, `bol_status`, `bol_recrutador`, `bol_comercial`) VALUES
(1, 'Camila Valt', NULL, NULL, NULL),
(2, 'Daiane Vieira', NULL, NULL, NULL),
(3, 'Fernanda Lessa', 1, 1, NULL),
(11, 'Ana Paula', NULL, NULL, NULL),
(4, 'Cintia Haoach', 1, NULL, 1),
(5, 'Luiz Benetti', NULL, NULL, NULL),
(6, 'Hadelen Lima', 1, 1, NULL),
(7, 'Anderson Martins', 1, NULL, 1),
(8, 'Marcelo Moraes', 1, NULL, 1),
(9, 'Guilherme Medeiros', 1, NULL, 1),
(10, 'Everton Arantes', 1, NULL, 1),
(12, 'Estéfane Braga', 1, 1, NULL),
(13, 'Rafael Silva', 1, 1, NULL);

-- --------------------------------------------------------

--
-- Estrutura para tabela `tb_vaga`
--

CREATE TABLE `tb_vaga` (
  `id` int(10) UNSIGNED NOT NULL,
  `str_alocacao` int(10) UNSIGNED NOT NULL,
  `str_posicao` varchar(150) NOT NULL,
  `qtd_vagas` smallint(1) UNSIGNED NOT NULL,
  `dta_abertura` date NOT NULL,
  `dta_fechamento` date DEFAULT NULL,
  `recrutador_id` int(10) UNSIGNED NOT NULL,
  `empresa_id` int(10) UNSIGNED DEFAULT NULL,
  `str_status` varchar(150) NOT NULL,
  `str_prioridade` varchar(150) NOT NULL,
  `str_obs` varchar(255) DEFAULT NULL,
  `dta_previsao_fechamento` date DEFAULT NULL,
  `dta_inicio` date DEFAULT NULL,
  `str_contratado_nome` varchar(150) DEFAULT NULL
) ENGINE=MyISAM DEFAULT CHARSET=utf8;

--
-- Fazendo dump de dados para tabela `tb_vaga`
--

INSERT INTO `tb_vaga` (`id`, `str_alocacao`, `str_posicao`, `qtd_vagas`, `dta_abertura`, `dta_fechamento`, `recrutador_id`, `empresa_id`, `str_status`, `str_prioridade`, `str_obs`, `dta_previsao_fechamento`, `dta_inicio`, `str_contratado_nome`) VALUES
(3, 5, 'Analista de Testes', 1, '2018-01-04', '2018-02-06', 1, 1, 'Preenchida pela Prime Control', '3 Média', NULL, NULL, NULL, NULL),
(4, 7, 'Arquiteto de Testes', 1, '2017-10-06', NULL, 2, 6, 'Cancelada', '3 Média', NULL, NULL, NULL, NULL),
(5, 7, 'Analista de Testes Pleno', 1, '2017-10-26', '2018-01-30', 2, 6, 'Preenchida pela Prime Control', '3 Média', NULL, NULL, NULL, NULL),
(6, 7, 'Analista de Performace', 1, '2017-11-10', NULL, 2, 6, 'Cancelada', '3 Média', NULL, NULL, NULL, NULL),
(7, 2, 'Comercial', 1, '2017-11-13', NULL, 3, 9, 'Cancelada', '3 Média', NULL, NULL, NULL, NULL),
(8, 1, 'Coordenador de Operações', 1, '2017-11-23', '2018-02-02', 2, 9, 'Preenchida pela Prime Control', '3 Média', NULL, NULL, NULL, NULL),
(16, 12, 'Analista de Testes', 2, '2018-01-09', '2018-01-23', 1, 11, 'Preenchida pela Prime Control', '2 Alta', NULL, NULL, NULL, NULL),
(10, 8, 'Analista de Automação de Testes Pleno', 1, '2017-12-07', '2018-01-25', 3, 3, 'Preenchida pela Prime Control', '3 Média', NULL, NULL, NULL, NULL),
(11, 9, 'Analista de Testes Junior', 4, '2017-12-13', '2018-03-07', 2, 4, 'Cancelada', '3 Média', NULL, NULL, NULL, NULL),
(12, 10, 'Desenvolvedor .NET Senior', 2, '2017-12-26', '2018-03-07', 2, 10, 'Cancelada', '3 Média', NULL, NULL, NULL, NULL),
(13, 10, 'Analista DBA Senior', 1, '2017-12-26', NULL, 2, 10, 'Cancelada', '3 Média', NULL, NULL, NULL, NULL),
(14, 10, 'Analista de Sistemas Senior', 1, '2017-12-26', '2018-02-08', 2, 10, 'Cancelada', '3 Média', NULL, NULL, NULL, NULL),
(15, 11, 'Analista Fiscal', 1, '2018-01-05', NULL, 3, 7, 'Cancelada', '3 Média', NULL, NULL, NULL, NULL),
(17, 13, 'Desenvolvedor PHP', 1, '2017-12-19', '2018-01-19', 1, 2, 'Cancelada', '3 Média', NULL, NULL, NULL, NULL),
(18, 13, 'Desenvolvedor PHP', 4, '2017-11-27', '2018-01-15', 1, 12, 'Cancelada', '3 Média', NULL, NULL, NULL, NULL),
(19, 14, 'Desenvolvedor .NET - Pleno', 1, '2017-12-05', '2018-02-05', 1, 3, 'Cancelada', '2 Alta', NULL, NULL, NULL, NULL),
(20, 14, 'Desenvolvedor .NET - Sênior', 1, '2017-11-06', '2018-01-26', 1, 3, 'Preenchida pela Prime Control', '1 Urgente', NULL, NULL, NULL, NULL),
(21, 3, 'Analista de Testes - Sênior', 1, '2018-01-10', '2018-01-10', 1, 18, 'Preenchida pela Prime Control', '1 Urgente', NULL, NULL, NULL, NULL),
(22, 1, 'Analista de Automação de Testes', 1, '2018-01-15', '2018-01-23', 1, 11, 'Preenchida pela Prime Control', '3 Média', NULL, NULL, NULL, NULL),
(23, 7, 'Analista de Automação de Testes Senior', 1, '2017-11-08', '2018-02-01', 2, 6, 'Preenchida pela Prime Control', '1 Urgente', NULL, NULL, NULL, NULL),
(24, 15, 'Analista de Testes Pleno', 1, '2018-01-10', '2018-02-05', 3, 14, 'Preenchida pela Prime Control', '2 Alta', NULL, NULL, NULL, NULL),
(25, 16, 'Analista de Testes Senior', 1, '2018-01-03', NULL, 2, 15, 'Preenchida pela Prime Control', '1 Urgente', NULL, NULL, NULL, NULL),
(26, 14, 'Desenvolvedor .NET', 1, '2018-01-22', '2018-03-12', 1, 3, 'Congelada', '2 Alta', NULL, NULL, NULL, NULL),
(27, 14, 'Analista de Automação de Testes Junior', 1, '2018-01-23', NULL, 3, 3, 'Congelada', '1 Urgente', NULL, NULL, NULL, NULL),
(28, 17, 'Analista de Testes', 2, '2018-01-24', '2018-03-16', 1, 16, 'Cancelada', '1 Urgente', 'Sem retorno do cliente, após várias cobranças.', NULL, NULL, NULL),
(29, 17, 'Scrum Master', 1, '2018-01-24', '2018-03-16', 1, 16, 'Cancelada', '1 Urgente', 'Sem retorno do cliente, após várias cobranças.', NULL, NULL, NULL),
(30, 18, 'Analista de Testes Sênior', 1, '2018-01-15', '2018-01-23', 2, 4, 'Preenchida pela Prime Control', '3 Média', NULL, NULL, NULL, NULL),
(31, 18, 'Arquiteto de Testes', 1, '2018-01-24', '2018-02-08', 2, 4, 'Preenchida pela Prime Control', '1 Urgente', NULL, NULL, NULL, NULL),
(32, 15, 'Analista de Testes Pleno', 1, '2018-01-12', '2018-01-22', 3, 14, 'Preenchida pela Prime Control', '3 Média', NULL, NULL, NULL, NULL),
(33, 19, 'Analista de Automação de Testes Junior', 1, '2018-01-29', NULL, 3, 18, 'Cancelada', '2 Alta', NULL, NULL, NULL, NULL),
(34, 19, 'Analista  de automação Testes Pleno', 1, '2018-01-29', NULL, 3, 18, 'Cancelada', '2 Alta', NULL, NULL, NULL, NULL),
(35, 19, 'Analista de automação Testes Pleno', 1, '2018-01-29', NULL, 3, 18, 'Cancelada', '2 Alta', NULL, NULL, NULL, NULL),
(36, 19, 'Analista de automação Testes Pleno', 1, '2018-01-29', NULL, 3, 18, 'Cancelada', '2 Alta', NULL, NULL, NULL, NULL),
(37, 19, 'Analista de Testes Pleno', 1, '2018-01-29', NULL, 3, 18, 'Cancelada', '2 Alta', NULL, NULL, NULL, NULL),
(38, 20, 'Analista de Sistemas', 1, '2018-02-02', '2018-02-02', 4, 4, 'Preenchida pela Prime Control', '3 Média', NULL, NULL, NULL, NULL),
(39, 14, 'Desenvolvedor .NET - Sênior', 1, '2017-11-06', '2018-02-05', 1, 3, 'Cancelada', '1 Urgente', NULL, NULL, NULL, NULL),
(40, 14, 'Desenvolvedor .NET - Júnior', 1, '2018-02-05', '2018-03-12', 1, 3, 'Congelada', '1 Urgente', NULL, NULL, NULL, NULL),
(41, 14, 'Desenvolvedor .NET - Pleno', 1, '2018-02-05', '2018-03-12', 1, 3, 'Congelada', '1 Urgente', NULL, NULL, NULL, NULL),
(42, 5, 'Desenvolvedor PHP', 1, '2018-02-07', NULL, 6, 1, 'Aberta', '1 Urgente', NULL, '2018-04-16', NULL, NULL),
(43, 8, 'Analista de Automação de Testes Pleno', 1, '2018-02-08', NULL, 3, 3, 'Preenchida pela Prime Control', '1 Urgente', NULL, NULL, NULL, NULL),
(44, 1, 'Estagiário', 1, '2018-01-19', '2018-02-08', 6, 9, 'Preenchida pela Prime Control', '1 Urgente', NULL, NULL, NULL, NULL),
(45, 18, 'Analista de Automação de Testes Junior', 1, '2018-02-09', '2018-03-21', 6, 4, 'Preenchida pela Prime Control', '1 Urgente', 'Thiago Schmalz Valle Evangelista', NULL, '2018-03-27', 'Thiago Schmalz Valle Evangelista'),
(46, 18, 'Analista de Testes Júnior', 1, '2018-02-14', '2018-02-28', 6, 4, 'Cancelada', '1 Urgente', NULL, NULL, NULL, NULL),
(47, 18, 'Analista de Automação de Testes Sênior', 1, '2018-02-13', NULL, 6, 4, 'Aberta', '2 Alta', NULL, NULL, NULL, NULL),
(48, 22, 'Analista de Suporte Oracle', 1, '2018-02-19', '2018-03-07', 2, 3, 'Cancelada', '2 Alta', NULL, NULL, NULL, NULL),
(49, 1, 'Analista de Testes Júnior', 1, '2018-02-16', '2018-03-05', 6, NULL, 'Cancelada', '3 Média', NULL, NULL, NULL, NULL),
(50, 5, 'Analista de Testes', 1, '2018-02-20', '2018-03-23', 6, 1, 'Preenchida pela Prime Control', '2 Alta', 'Vaga reaberta dia 20/03 e fechado pela Aline de Oliveira Sousa', '2018-03-26', '2018-03-27', 'Aline de Oliveira Sousa'),
(51, 21, 'Analista de Testes', 1, '2018-02-08', '2018-02-14', 1, 31, 'Preenchida pela Prime Control', '2 Alta', NULL, NULL, NULL, NULL),
(52, 18, 'Analista de Testes Mobile', 1, '2018-02-26', NULL, 6, 4, 'Aberta', '3 Média', NULL, NULL, NULL, NULL),
(53, 14, 'Analista de Automação de Testes Pleno', 1, '2018-03-01', NULL, 3, 3, 'Aguardando o cliente', '1 Urgente', 'Substituição: Pedro Andrade- Um candidato enviado dia 29/05/2018', NULL, NULL, NULL),
(54, 23, 'Analista de Automação de Testes Pleno', 1, '2018-03-01', NULL, 3, 4, 'Cancelada', '2 Alta', NULL, NULL, NULL, NULL),
(55, 14, 'Analista de Suporte Junior', 1, '2018-03-01', '2018-03-27', 3, 3, 'Preenchida pela Prime Control', '2 Alta', 'Preenchida pelo candidato- Marcos Henrique', NULL, NULL, 'Anderson Oliveira'),
(56, 18, 'Analista de Testes Sênior', 1, '2018-03-05', '2018-03-21', 6, 4, 'Preenchida pela Prime Control', '1 Urgente', 'Eder Wentz', NULL, '2018-03-27', 'Eder Wentz'),
(57, 25, 'Analista de Testes Pleno/ Sênior', 1, '2018-03-07', '2018-03-26', 1, 44, 'Preenchida pela Prime Control', '3 Média', 'Vinicius Trancoso Santos Franco', '2018-03-26', '2018-04-02', 'Vinicius Trancoso Santos Franco'),
(58, 9, 'Analista de Testes Pleno', 1, '2018-03-13', NULL, 3, 4, 'Aguardando o cliente', '2 Alta', 'Enviados uma candidata para avaliação do Luiz no dia 19/06/2018', NULL, NULL, NULL),
(59, 25, 'Analista de Testes Pleno/ Sênior', 1, '2018-03-07', '2018-03-13', 1, 44, 'Cancelada', '1 Urgente', NULL, NULL, NULL, NULL),
(60, 25, 'Analista de Testes Pleno/ Sênior', 1, '2018-03-07', '2018-03-14', 1, 44, 'Preenchida pela Prime Control', '2 Alta', 'Caio Petitto Bassi', NULL, NULL, NULL),
(62, 25, 'Analista de Testes Pleno/ Sênior', 1, '2018-03-07', '2018-03-16', 1, 44, 'Preenchida pela Prime Control', '2 Alta', 'Matheus dos Santos Maliska', NULL, NULL, NULL),
(63, 14, 'Analista de Automação de Testes Pleno', 1, '2018-03-14', NULL, 3, 3, 'Preenchida pela Prime Control', '1 Urgente', 'Preenchida pelo candidato: Aldeny Tiago Dos Reis- Inicio 23/04/2018', NULL, NULL, NULL),
(64, 1, 'Analista de Recursos Humanos', 1, '2018-03-19', NULL, 6, 9, 'Cancelada', '2 Alta', 'Vaga cancelada pela Ana Paula dia 13/04/2018.', '2018-04-02', NULL, NULL),
(131, 1, 'Estagiário de Testes', 1, '2018-06-18', NULL, 12, 9, 'Aberta', '1 Urgente', NULL, NULL, NULL, NULL),
(65, 25, 'Analista de Testes Pleno/ Sênior', 0, '2018-03-07', '2018-03-21', 1, 44, 'Preenchida pela Prime Control', '2 Alta', 'Samantha Soares Coutinho Heil', '2018-03-26', NULL, 'Samantha Soares Coutinho Heil'),
(66, 25, 'Analista de Testes Pleno/ Sênior', 1, '2018-03-07', NULL, 6, 44, 'Preenchida pela Prime Control', '1 Urgente', 'Profissional Willian Reis foi realocado no cliente.', '2018-04-02', NULL, NULL),
(67, 26, 'Analista de Testes', 0, '2018-03-21', '2018-03-26', 1, 51, 'Preenchida pela Prime Control', '1 Urgente', 'Sara Ferreira dos Santos Gomes', '2018-03-26', '2018-04-02', 'Sara Ferreira dos Santos Gomes'),
(68, 27, 'Analista de Automação de Testes Júnior', 1, '2018-03-27', NULL, 6, 48, 'Cancelada', '2 Alta', 'Vaga cancelada pelo cliente dia 04/04.', '2018-04-02', NULL, NULL),
(69, 27, 'Analista de Automação de Testes Sênior', 1, '2018-03-27', '2018-05-18', 13, 48, 'Preenchida pela Prime Control', '2 Alta', NULL, '2018-04-02', '2018-05-28', 'Felipe Schultzs'),
(70, 27, 'Analista de Automação de Testes Pleno', 1, '2018-03-27', '2018-05-10', 6, 48, 'Preenchida pela Prime Control', '2 Alta', NULL, '2018-04-02', '2018-05-14', 'Cristiano Zillmann'),
(71, 14, 'Analista de Automação de Testes Junior', 1, '2018-03-27', NULL, 3, 3, 'Preenchida pela Prime Control', '1 Urgente', 'Preenchida pela candidata: Michele Garcia- Data de inicio 04/06/2018', NULL, NULL, NULL),
(110, 1, 'Estagiário RH/Marketing', 1, '2018-05-22', '2018-06-11', 12, 9, 'Preenchida pela Prime Control', '1 Urgente', 'Preenchida pelo profissional Rafael Moraes', NULL, '2018-06-18', 'Rafael Carneiro de Moraes'),
(72, 25, 'Estagiário', 1, '2018-04-02', '2018-05-02', 6, 9, 'Preenchida pela Prime Control', '3 Média', 'Preenchida pelo profissional Felipe Schultz Ribeiro.', NULL, NULL, NULL),
(73, 25, 'Estagiário', 1, '2018-04-02', '2018-05-07', 6, 9, 'Preenchida pela Prime Control', '3 Média', 'Preenchida pelo profissional Lucas Redieske Mueller.', NULL, NULL, NULL),
(74, 1, 'Analista de Recrutamento e Seleção', 1, '2018-04-03', NULL, 6, 9, 'Cancelada', '1 Urgente', 'Vaga cancelada pela Ana Paula dia 13/04/2018.', NULL, NULL, NULL),
(75, 1, 'Gerente de Recursos Humanos', 1, '2018-04-03', NULL, 6, 9, 'Cancelada', '1 Urgente', 'Vaga cancelada pela Ana Paula dia 13/04/2018.', NULL, NULL, NULL),
(76, 14, 'Analista de Testes Pleno', 1, '2018-04-05', NULL, 3, 3, 'Preenchida pela Prime Control', '1 Urgente', 'Preenchida pelo candidato Nathan Guilherme Gomes- Inicio 23/04/2018', NULL, NULL, NULL),
(77, 14, 'Desenvolvedor Net.', 1, '2018-04-05', NULL, 3, 3, 'Aberta', '1 Urgente', NULL, NULL, NULL, NULL),
(112, 14, 'Analista de Automação de Testes Pleno', 1, '2018-05-22', NULL, 3, 3, 'Preenchida pela Prime Control', '1 Urgente', 'Preenchida pelo candidato: Everton Ricardo de Almeida-  Inicio 13/06/2018', NULL, NULL, NULL),
(78, 15, 'Analista de Testes Pleno', 1, '2018-04-11', NULL, 3, 14, 'Preenchida pela Prime Control', '1 Urgente', 'Preenchida pela candidata: Silmara Nunes Vanello-  Inicio 07/05/2018', NULL, '2018-05-07', NULL),
(79, 1, 'Líder de Testes', 1, '2018-04-10', '2018-05-17', 13, 9, 'Preenchida pela Prime Control', '4 Baixa', 'Preenchida pela profissional Graziela Salvalaio Paludo Rizzo.', NULL, '2018-05-21', 'Graziela Salvalaio Paludo Rizzo'),
(81, 1, 'Analista de Requisitos', 1, '2018-04-09', NULL, 6, 9, 'Cancelada', '3 Média', 'Vaga cancelada pela Angélica dia 14/05/2018.', NULL, NULL, NULL),
(103, 25, 'Analista de Automação de Testes', 1, '2018-04-25', '2018-04-27', 6, 44, 'Cancelada', '2 Alta', 'Cancelada pelo Fabio Nakazoni dia 27/04.', NULL, NULL, NULL),
(85, 20, 'Analista de Testes - Pleno', 1, '2018-04-19', NULL, 3, 4, 'Aguardando o cliente', '1 Urgente', 'Três candidatos encaminhados para o cliente no dia 25/05/2018 aguardando retorno', NULL, NULL, NULL),
(82, 28, 'Analista de Automação de Testes Pleno/Sênior', 1, '2018-04-11', NULL, 3, 24, 'Congelada', '2 Alta', 'Aguardando avaliação do cliente encaminhado 18/05/2018', NULL, NULL, NULL),
(83, 3, 'Analista de Testes Júnior', 1, '2018-04-13', '2018-06-05', 6, 18, 'Preenchida pela Prime Control', '1 Urgente', 'Vaga preenchida pela profissional Olivia Carina Miranda.', NULL, NULL, NULL),
(84, 3, 'Analista de Testes Pleno', 1, '2018-04-10', '2018-04-17', 6, 18, 'Preenchida pela Prime Control', '1 Urgente', 'Vaga preenchida por Marielle Folador.', NULL, '2018-04-23', NULL),
(86, 20, 'Analista Oracle SOA Pleno', 1, '2018-04-19', NULL, 3, 4, 'Preenchida pela Prime Control', '1 Urgente', 'Preenchida pelo candidato: Rodrigo Lunardi de Souza Cardoso - Inicio 23/05/2018', NULL, NULL, NULL),
(87, 20, 'Analista Oracle SOA Sênior', 1, '2018-04-19', NULL, 3, 4, 'Congelada', '1 Urgente', NULL, NULL, NULL, NULL),
(88, 1, 'Líder de Testes', 1, '2018-04-12', NULL, 13, 44, 'Cancelada', '4 Baixa', 'Cancelada pelo cliente, estão em fase de revisão de orçamento.', NULL, NULL, NULL),
(89, 3, 'Analista de Testes Júnior', 1, '2018-04-13', '2018-04-27', 6, 18, 'Preenchida pela Prime Control', '1 Urgente', 'Vaga preenchida pelo profissional Allan David Giffhorn.', NULL, '2018-05-03', NULL),
(90, 18, 'Arquiteto de Testes', 1, '2018-04-20', '2018-06-01', 6, 4, 'Cancelada', '2 Alta', 'Vaga cancelada pelo cliente.', NULL, NULL, NULL),
(91, 18, 'Arquiteto de Testes', 1, '2018-04-20', NULL, 6, 4, 'Cancelada', '2 Alta', 'Vaga cancelada pelo cliente.', NULL, NULL, NULL),
(92, 18, 'Arquiteto de Testes', 1, '2018-04-20', NULL, 6, 4, 'Cancelada', '2 Alta', 'Vaga cancelada pelo cliente.', NULL, NULL, NULL),
(93, 18, 'Arquiteto de Testes', 1, '2018-04-20', '2018-05-17', 6, 4, 'Preenchida pela Prime Control', '2 Alta', 'Preenchida pelo Profissional Orlando Alves de Souza Júnior.', NULL, '2018-05-23', NULL),
(94, 18, 'Analista de Testes Pleno', 1, '2018-04-20', NULL, 6, 4, 'Aberta', '2 Alta', NULL, NULL, NULL, NULL),
(95, 18, 'Analista de Testes Pleno', 1, '2018-04-20', '2018-06-04', 6, 4, 'Preenchida pela Prime Control', '2 Alta', 'Preenchida pelo profissional Dirceu Luiz Nunes Júnior.', NULL, '2018-06-11', NULL),
(96, 18, 'Analista de Automação de Testes Junior', 1, '2018-04-20', NULL, 6, 4, 'Aberta', '2 Alta', NULL, NULL, NULL, NULL),
(99, 18, 'Líder de Automação de Testes', 1, '2018-04-20', NULL, 6, 4, 'Aberta', '4 Baixa', NULL, NULL, NULL, NULL),
(100, 18, 'Analista de Gestão de Defeitos', 1, '2018-04-20', '2018-05-04', 6, 4, 'Preenchida pela Prime Control', '2 Alta', 'Preenchida pelo Profissional Alvaro Martins Kanha.', NULL, NULL, NULL),
(101, 29, 'Analista de Testes', 1, '2018-04-20', '2018-04-20', 12, 25, 'Preenchida pela Prime Control', '2 Alta', 'Preenchida pelo profissional Pedro Alberto de Borba.', NULL, NULL, NULL),
(102, 30, 'Analista de Testes Sênior', 1, '2018-04-24', '2018-06-13', 13, 38, 'Preenchida pela Prime Control', '2 Alta', NULL, NULL, '2018-06-18', 'Adriana Carla Heindrickson Randig Ekuni'),
(111, 5, 'Analista de Testes Pleno', 1, '2018-05-21', NULL, 12, 1, 'Cancelada', '2 Alta', 'Posição cancelada pelo cliente.', NULL, NULL, NULL),
(114, 18, 'Analista de Testes Junior', 1, '2018-05-28', '2018-05-28', 12, 4, 'Preenchida pela Prime Control', '1 Urgente', 'Preenchida pelo profissional Maikon Silva', NULL, '2018-05-30', 'Maikon Douglas Oliveira da Silva'),
(109, 14, 'Analista de testes Junior', 1, '2018-05-16', NULL, 3, 3, 'Aberta', '1 Urgente', 'Substituição: Jefferson Ferreira Silva', NULL, NULL, NULL),
(105, 1, 'Estagiário', 1, '2018-05-07', '2018-05-21', 12, 9, 'Preenchida pela Prime Control', '1 Urgente', 'Preenchida pela profissional Juliana Neves Lorenzi', NULL, '2018-06-06', 'Juliana Neves Lorenzi'),
(106, 1, 'Estagiário de Automação de Testes', 1, '2018-05-08', '2018-05-08', 6, 9, 'Preenchida pela Prime Control', '3 Média', 'Preenchida pelo profissional Luiz Vitor de Souza de Siqueira.', NULL, '2018-05-21', NULL),
(107, 25, 'Analista de Automação de Testes Sênior', 1, '2018-05-07', NULL, 13, 44, 'Cancelada', '2 Alta', 'Cancelada pelo cliente, estão em fase de revisão de orçamento.', NULL, NULL, NULL),
(108, 11, 'Analista de Automação de Testes Pleno', 1, '2018-05-09', NULL, 3, 7, 'Congelada', '4 Baixa', NULL, NULL, NULL, NULL),
(113, 1, 'Indicação Prime Experts', 5, '2018-05-22', NULL, 6, 9, 'Aberta', '3 Média', NULL, NULL, NULL, NULL),
(115, 18, 'Analista de Testes Junior', 1, '2018-05-28', '2018-05-28', 12, 4, 'Preenchida pela Prime Control', '1 Urgente', 'Preenchida pela profissional Jheniffer Brito', NULL, '2018-05-30', 'Jheniffer Brito'),
(116, 18, 'Analista de Testes Júnior', 1, '2018-05-14', '2018-06-13', 6, 4, 'Preenchida pela Prime Control', '1 Urgente', 'Preenchida pelo profissional André Marafigo', NULL, '2018-06-18', 'André de Oliveira Marafigo'),
(117, 18, 'Analista de Testes Pleno', 1, '2018-06-04', NULL, 13, 4, 'Aguardando o cliente', '2 Alta', 'Encaminhada candidata Maria Salaete Coan (Aguardando Eliana Marcar Entrevista)', NULL, NULL, NULL),
(118, 18, 'Analista de Testes Pleno', 1, '2018-06-04', '2018-06-07', 13, 4, 'Preenchida pela Prime Control', '1 Urgente', NULL, NULL, '2018-06-11', 'Michele Ader Balthazar'),
(119, 8, 'Desenvolvedor Web/Mobile', 1, '2018-05-28', '2018-06-14', 13, 3, 'Preenchida pela Prime Control', '2 Alta', 'Renan Toniolo Rocha', '2018-06-04', '2018-06-25', 'Renan Toniolo Rocha'),
(120, 14, 'Desenvolver.net Senior', 1, '2018-06-04', NULL, 3, 3, 'Aberta', '1 Urgente', 'Uma candidata com entrevista agendada com a Alessandro dia 18/06 ( Substituição Gabriel Augusto Gimenes)', NULL, NULL, NULL),
(121, 12, 'Analista de Testes Pleno/Senior', 1, '2018-05-17', NULL, 13, 11, 'Aberta', '1 Urgente', 'Vaga de Consultoria de R&S (Não será alocação)', NULL, NULL, NULL),
(122, 27, 'Analista de Automação de Testes Pleno', 1, '2018-05-25', NULL, 13, 48, 'Aguardando o cliente', '1 Urgente', 'Candidato Eduardo Petry Bueno em Validação Tecnica com o Fabricio 14/06', NULL, NULL, NULL),
(123, 17, 'Desenvolvedor Salesforce SR', 1, '2018-05-30', NULL, 12, 16, 'Aberta', '1 Urgente', NULL, NULL, NULL, NULL),
(124, 17, 'Analista de Testes Pleno', 1, '2018-05-30', NULL, 12, 16, 'Aberta', '1 Urgente', NULL, NULL, NULL, NULL),
(125, 20, 'Analista de infraestrutura Sênior – Middlewar - Sênior', 1, '2018-06-14', NULL, 3, 4, 'Aberta', '1 Urgente', NULL, NULL, NULL, NULL),
(127, 18, 'Gerente de Projetos - Automação de Testes', 1, '2018-06-11', NULL, 13, 4, 'Aberta', '1 Urgente', NULL, NULL, NULL, NULL),
(126, 1, 'Analista Financeiro Senior', 1, '2018-06-01', '2018-06-07', 13, 9, 'Preenchida pela Prime Control', '1 Urgente', NULL, NULL, '2018-06-11', 'Juliana da Luz Batista'),
(130, 1, 'Estagiário de Testes', 1, '2018-06-18', NULL, 12, 9, 'Aberta', '1 Urgente', NULL, NULL, NULL, NULL),
(128, 1, 'Analista de RH - Foco em R&S', 1, '2018-06-14', NULL, 13, 9, 'Aberta', '1 Urgente', NULL, NULL, NULL, NULL),
(129, 1, 'Consultor Interno de RH', 1, '2018-06-14', NULL, 13, 9, 'Aberta', '1 Urgente', NULL, NULL, NULL, NULL),
(132, 1, 'Estagiário de Testes', 1, '2018-06-18', NULL, 12, 9, 'Aberta', '1 Urgente', NULL, NULL, NULL, NULL),
(133, 20, 'Analista de Testes de Performance', 1, '2018-06-19', NULL, 3, 4, 'Aberta', '1 Urgente', NULL, NULL, NULL, NULL),
(134, 20, 'Consultor Oracle SOA - Júnior', 1, '2018-06-19', NULL, 3, 4, 'Aberta', '1 Urgente', NULL, NULL, NULL, NULL),
(135, 18, 'Analista de Testes Júnior', 1, '2018-06-19', NULL, 6, 4, 'Aberta', '1 Urgente', NULL, NULL, NULL, NULL),
(136, 18, 'Analista de Testes Júnior', 1, '2018-06-19', NULL, 6, 4, 'Aberta', '1 Urgente', NULL, NULL, NULL, NULL),
(137, 18, 'Analista de Testes Júnior', 1, '2018-06-19', NULL, 6, 4, 'Aberta', '1 Urgente', NULL, NULL, NULL, NULL),
(138, 18, 'Analista de Testes Júnior', 1, '2018-06-19', NULL, 6, 4, 'Aberta', '1 Urgente', NULL, NULL, NULL, NULL),
(139, 9, 'Analista de Testes - Júnior', 4, '2018-06-20', NULL, 3, 4, 'Aberta', '1 Urgente', NULL, NULL, NULL, NULL),
(140, 20, 'Analista de Testes Mobile - Pleno', 1, '2018-06-20', NULL, 3, 4, 'Aberta', '1 Urgente', NULL, NULL, NULL, NULL),
(141, 3, 'Analista de Testes Sênior', 1, '2018-06-18', NULL, 12, 18, 'Aberta', '1 Urgente', NULL, NULL, NULL, NULL),
(142, 1, 'Analista de Testes Pleno', 1, '2018-06-18', NULL, 12, 9, 'Aberta', '1 Urgente', NULL, NULL, NULL, NULL);

--
-- Índices de tabelas apagadas
--

--
-- Índices de tabela `membership_grouppermissions`
--
ALTER TABLE `membership_grouppermissions`
  ADD PRIMARY KEY (`permissionID`);

--
-- Índices de tabela `membership_groups`
--
ALTER TABLE `membership_groups`
  ADD PRIMARY KEY (`groupID`);

--
-- Índices de tabela `membership_userpermissions`
--
ALTER TABLE `membership_userpermissions`
  ADD PRIMARY KEY (`permissionID`);

--
-- Índices de tabela `membership_userrecords`
--
ALTER TABLE `membership_userrecords`
  ADD PRIMARY KEY (`recID`),
  ADD KEY `pkValue` (`pkValue`),
  ADD KEY `tableName` (`tableName`),
  ADD KEY `memberID` (`memberID`),
  ADD KEY `groupID` (`groupID`);

--
-- Índices de tabela `membership_users`
--
ALTER TABLE `membership_users`
  ADD PRIMARY KEY (`memberID`),
  ADD KEY `groupID` (`groupID`);

--
-- Índices de tabela `tb_acompanhamento`
--
ALTER TABLE `tb_acompanhamento`
  ADD PRIMARY KEY (`id`),
  ADD KEY `empresa_id` (`empresa_id`),
  ADD KEY `contato_id` (`contato_id`),
  ADD KEY `contrato_id` (`contrato_id`),
  ADD KEY `usuario_id` (`usuario_id`);

--
-- Índices de tabela `tb_acompanhamento_colaborador`
--
ALTER TABLE `tb_acompanhamento_colaborador`
  ADD PRIMARY KEY (`id`),
  ADD KEY `acompanhamento_id` (`acompanhamento_id`),
  ADD KEY `colaborador_id` (`colaborador_id`);

--
-- Índices de tabela `tb_ajuste_colaborador`
--
ALTER TABLE `tb_ajuste_colaborador`
  ADD PRIMARY KEY (`id`),
  ADD KEY `colaborador_id` (`colaborador_id`),
  ADD KEY `gestor_id` (`gestor_id`);

--
-- Índices de tabela `tb_alocacao`
--
ALTER TABLE `tb_alocacao`
  ADD PRIMARY KEY (`id`),
  ADD KEY `int_empresa` (`int_empresa`);

--
-- Índices de tabela `tb_atendimento`
--
ALTER TABLE `tb_atendimento`
  ADD PRIMARY KEY (`id`),
  ADD KEY `contato_id` (`contato_id`),
  ADD KEY `usuario_id` (`usuario_id`),
  ADD KEY `empresa_id` (`empresa_id`),
  ADD KEY `campanha_id` (`campanha_id`);

--
-- Índices de tabela `tb_campanha`
--
ALTER TABLE `tb_campanha`
  ADD PRIMARY KEY (`id`);

--
-- Índices de tabela `tb_campanha_contato`
--
ALTER TABLE `tb_campanha_contato`
  ADD PRIMARY KEY (`id`),
  ADD KEY `campanha_id` (`campanha_id`),
  ADD KEY `empresa_id` (`empresa_id`),
  ADD KEY `contato_id` (`contato_id`);

--
-- Índices de tabela `tb_candidato`
--
ALTER TABLE `tb_candidato`
  ADD PRIMARY KEY (`id`),
  ADD KEY `vaga_id` (`vaga_id`);

--
-- Índices de tabela `tb_contato`
--
ALTER TABLE `tb_contato`
  ADD PRIMARY KEY (`id`),
  ADD KEY `empresa_id` (`empresa_id`),
  ADD KEY `tipo_id` (`tipo_id`);

--
-- Índices de tabela `tb_contato_tipo`
--
ALTER TABLE `tb_contato_tipo`
  ADD PRIMARY KEY (`id`);

--
-- Índices de tabela `tb_contratacao`
--
ALTER TABLE `tb_contratacao`
  ADD PRIMARY KEY (`id`);

--
-- Índices de tabela `tb_contrato`
--
ALTER TABLE `tb_contrato`
  ADD PRIMARY KEY (`id`),
  ADD KEY `empresa_id` (`empresa_id`);

--
-- Índices de tabela `tb_empresa`
--
ALTER TABLE `tb_empresa`
  ADD PRIMARY KEY (`id`),
  ADD KEY `relacionamento_id` (`relacionamento_id`),
  ADD KEY `str_responsavel` (`str_responsavel`);

--
-- Índices de tabela `tb_entrevista`
--
ALTER TABLE `tb_entrevista`
  ADD PRIMARY KEY (`id`),
  ADD KEY `vaga_id` (`vaga_id`),
  ADD KEY `recrutador_id` (`recrutador_id`),
  ADD KEY `empresa_id` (`empresa_id`);

--
-- Índices de tabela `tb_fatura`
--
ALTER TABLE `tb_fatura`
  ADD PRIMARY KEY (`id`),
  ADD KEY `empresa_id` (`empresa_id`);

--
-- Índices de tabela `tb_indicador`
--
ALTER TABLE `tb_indicador`
  ADD PRIMARY KEY (`id`);

--
-- Índices de tabela `tb_indicador_periodo`
--
ALTER TABLE `tb_indicador_periodo`
  ADD PRIMARY KEY (`id`),
  ADD KEY `indicador_id` (`indicador_id`);

--
-- Índices de tabela `tb_oportunidade`
--
ALTER TABLE `tb_oportunidade`
  ADD PRIMARY KEY (`id`),
  ADD KEY `tipo_id` (`tipo_id`),
  ADD KEY `estagio_id` (`estagio_id`),
  ADD KEY `empresa_id` (`empresa_id`),
  ADD KEY `contato_id` (`contato_id`);

--
-- Índices de tabela `tb_oportunidade_estagio`
--
ALTER TABLE `tb_oportunidade_estagio`
  ADD PRIMARY KEY (`id`),
  ADD KEY `tipo_id` (`tipo_id`);

--
-- Índices de tabela `tb_oportunidade_tipo`
--
ALTER TABLE `tb_oportunidade_tipo`
  ADD PRIMARY KEY (`id`);

--
-- Índices de tabela `tb_prova`
--
ALTER TABLE `tb_prova`
  ADD PRIMARY KEY (`id`),
  ADD KEY `vaga_id` (`vaga_id`),
  ADD KEY `prova_id` (`prova_id`);

--
-- Índices de tabela `tb_prova_tipo`
--
ALTER TABLE `tb_prova_tipo`
  ADD PRIMARY KEY (`id`);

--
-- Índices de tabela `tb_recrutador`
--
ALTER TABLE `tb_recrutador`
  ADD PRIMARY KEY (`id`);

--
-- Índices de tabela `tb_vaga`
--
ALTER TABLE `tb_vaga`
  ADD PRIMARY KEY (`id`),
  ADD KEY `str_alocacao` (`str_alocacao`),
  ADD KEY `recrutador_id` (`recrutador_id`),
  ADD KEY `empresa_id` (`empresa_id`);

--
-- AUTO_INCREMENT de tabelas apagadas
--

--
-- AUTO_INCREMENT de tabela `membership_grouppermissions`
--
ALTER TABLE `membership_grouppermissions`
  MODIFY `permissionID` int(10) UNSIGNED NOT NULL AUTO_INCREMENT, AUTO_INCREMENT=298;

--
-- AUTO_INCREMENT de tabela `membership_groups`
--
ALTER TABLE `membership_groups`
  MODIFY `groupID` int(10) UNSIGNED NOT NULL AUTO_INCREMENT, AUTO_INCREMENT=9;

--
-- AUTO_INCREMENT de tabela `membership_userpermissions`
--
ALTER TABLE `membership_userpermissions`
  MODIFY `permissionID` int(10) UNSIGNED NOT NULL AUTO_INCREMENT, AUTO_INCREMENT=45;

--
-- AUTO_INCREMENT de tabela `membership_userrecords`
--
ALTER TABLE `membership_userrecords`
  MODIFY `recID` bigint(20) UNSIGNED NOT NULL AUTO_INCREMENT, AUTO_INCREMENT=2730;

--
-- AUTO_INCREMENT de tabela `tb_acompanhamento`
--
ALTER TABLE `tb_acompanhamento`
  MODIFY `id` int(10) UNSIGNED NOT NULL AUTO_INCREMENT, AUTO_INCREMENT=4;

--
-- AUTO_INCREMENT de tabela `tb_acompanhamento_colaborador`
--
ALTER TABLE `tb_acompanhamento_colaborador`
  MODIFY `id` int(10) UNSIGNED NOT NULL AUTO_INCREMENT, AUTO_INCREMENT=2;

--
-- AUTO_INCREMENT de tabela `tb_ajuste_colaborador`
--
ALTER TABLE `tb_ajuste_colaborador`
  MODIFY `id` int(10) UNSIGNED NOT NULL AUTO_INCREMENT, AUTO_INCREMENT=952;

--
-- AUTO_INCREMENT de tabela `tb_alocacao`
--
ALTER TABLE `tb_alocacao`
  MODIFY `id` int(10) UNSIGNED NOT NULL AUTO_INCREMENT, AUTO_INCREMENT=31;

--
-- AUTO_INCREMENT de tabela `tb_atendimento`
--
ALTER TABLE `tb_atendimento`
  MODIFY `id` int(10) UNSIGNED NOT NULL AUTO_INCREMENT, AUTO_INCREMENT=311;

--
-- AUTO_INCREMENT de tabela `tb_campanha`
--
ALTER TABLE `tb_campanha`
  MODIFY `id` int(10) UNSIGNED NOT NULL AUTO_INCREMENT, AUTO_INCREMENT=3;

--
-- AUTO_INCREMENT de tabela `tb_campanha_contato`
--
ALTER TABLE `tb_campanha_contato`
  MODIFY `id` int(10) UNSIGNED NOT NULL AUTO_INCREMENT;

--
-- AUTO_INCREMENT de tabela `tb_candidato`
--
ALTER TABLE `tb_candidato`
  MODIFY `id` int(10) UNSIGNED NOT NULL AUTO_INCREMENT, AUTO_INCREMENT=192;

--
-- AUTO_INCREMENT de tabela `tb_contato`
--
ALTER TABLE `tb_contato`
  MODIFY `id` int(10) UNSIGNED NOT NULL AUTO_INCREMENT, AUTO_INCREMENT=169;

--
-- AUTO_INCREMENT de tabela `tb_contato_tipo`
--
ALTER TABLE `tb_contato_tipo`
  MODIFY `id` int(10) UNSIGNED NOT NULL AUTO_INCREMENT, AUTO_INCREMENT=6;

--
-- AUTO_INCREMENT de tabela `tb_contratacao`
--
ALTER TABLE `tb_contratacao`
  MODIFY `id` int(10) UNSIGNED NOT NULL AUTO_INCREMENT, AUTO_INCREMENT=205;

--
-- AUTO_INCREMENT de tabela `tb_contrato`
--
ALTER TABLE `tb_contrato`
  MODIFY `id` int(10) UNSIGNED NOT NULL AUTO_INCREMENT, AUTO_INCREMENT=8;

--
-- AUTO_INCREMENT de tabela `tb_empresa`
--
ALTER TABLE `tb_empresa`
  MODIFY `id` int(10) UNSIGNED NOT NULL AUTO_INCREMENT, AUTO_INCREMENT=140;

--
-- AUTO_INCREMENT de tabela `tb_entrevista`
--
ALTER TABLE `tb_entrevista`
  MODIFY `id` int(10) UNSIGNED NOT NULL AUTO_INCREMENT, AUTO_INCREMENT=331;

--
-- AUTO_INCREMENT de tabela `tb_fatura`
--
ALTER TABLE `tb_fatura`
  MODIFY `id` int(10) UNSIGNED NOT NULL AUTO_INCREMENT, AUTO_INCREMENT=220;

--
-- AUTO_INCREMENT de tabela `tb_indicador`
--
ALTER TABLE `tb_indicador`
  MODIFY `id` int(10) UNSIGNED NOT NULL AUTO_INCREMENT, AUTO_INCREMENT=14;

--
-- AUTO_INCREMENT de tabela `tb_indicador_periodo`
--
ALTER TABLE `tb_indicador_periodo`
  MODIFY `id` int(10) UNSIGNED NOT NULL AUTO_INCREMENT, AUTO_INCREMENT=13;

--
-- AUTO_INCREMENT de tabela `tb_oportunidade`
--
ALTER TABLE `tb_oportunidade`
  MODIFY `id` int(10) UNSIGNED NOT NULL AUTO_INCREMENT, AUTO_INCREMENT=50;

--
-- AUTO_INCREMENT de tabela `tb_oportunidade_estagio`
--
ALTER TABLE `tb_oportunidade_estagio`
  MODIFY `id` int(10) UNSIGNED NOT NULL AUTO_INCREMENT, AUTO_INCREMENT=21;

--
-- AUTO_INCREMENT de tabela `tb_oportunidade_tipo`
--
ALTER TABLE `tb_oportunidade_tipo`
  MODIFY `id` int(10) UNSIGNED NOT NULL AUTO_INCREMENT, AUTO_INCREMENT=4;

--
-- AUTO_INCREMENT de tabela `tb_prova`
--
ALTER TABLE `tb_prova`
  MODIFY `id` int(10) UNSIGNED NOT NULL AUTO_INCREMENT, AUTO_INCREMENT=3;

--
-- AUTO_INCREMENT de tabela `tb_prova_tipo`
--
ALTER TABLE `tb_prova_tipo`
  MODIFY `id` int(10) UNSIGNED NOT NULL AUTO_INCREMENT, AUTO_INCREMENT=2;

--
-- AUTO_INCREMENT de tabela `tb_recrutador`
--
ALTER TABLE `tb_recrutador`
  MODIFY `id` int(10) UNSIGNED NOT NULL AUTO_INCREMENT, AUTO_INCREMENT=14;

--
-- AUTO_INCREMENT de tabela `tb_vaga`
--
ALTER TABLE `tb_vaga`
  MODIFY `id` int(10) UNSIGNED NOT NULL AUTO_INCREMENT, AUTO_INCREMENT=143;
COMMIT;

/*!40101 SET CHARACTER_SET_CLIENT=@OLD_CHARACTER_SET_CLIENT */;
/*!40101 SET CHARACTER_SET_RESULTS=@OLD_CHARACTER_SET_RESULTS */;
/*!40101 SET COLLATION_CONNECTION=@OLD_COLLATION_CONNECTION */;
